company,count
"TRANSUNION INTERMEDIATE HOLDINGS, INC.",2397435
"EQUIFAX, INC.",2373160
Experian Information Solutions Inc.,2202591
CAPITAL ONE FINANCIAL CORPORATION,64614
JPMORGAN CHASE & CO.,53099
"Block, Inc.",51447
WELLS FARGO & COMPANY,50134
"BANK OF AMERICA, NATIONAL ASSOCIATION",42671
"CITIBANK, N.A.",38684
Resurgent Capital Services L.P.,35834
"CBC Companies, Inc.",33531
"Early Warning Services, LLC",28003
LEXISNEXIS,27977
NAVY FEDERAL CREDIT UNION,27170
SYNCHRONY FINANCIAL,27152
ENCORE CAPITAL GROUP INC.,24805
AMERICAN EXPRESS COMPANY,22889
"Portfolio Recovery Associates, LLC",22795
CL Holdings LLC,21154
MOHELA,19402
DISCOVER BANK,19097
"Bread Financial Holdings, Inc.",18571
"Nelnet, Inc.",13402
"Paypal Holdings, Inc",13083
U.S. BANCORP,12742
Chime Financial Inc,12271
"CCS Financial Services, Inc.",12211
ALLY FINANCIAL INC.,11956
TD BANK US HOLDING COMPANY,11523
GOLDMAN SACHS BANK USA,11361
TRUIST FINANCIAL CORPORATION,11300
"SANTANDER HOLDINGS USA, INC.",10555
BARCLAYS BANK DELAWARE,9591
"Fidelity National Information Services, Inc. (FNIS)",9252
"I.C. System, Inc.",8959
"National Credit Systems,Inc.",8660
TRANSWORLD SYSTEMS INC,8509
"Affirm Holdings, Inc",8259
"Kriya Capital, LLC",7568
"Maximus Federal Services, Inc.",7435
"Shellpoint Partners, LLC",7385
PNC Bank N.A.,7243
CREDIT ACCEPTANCE CORPORATION,6910
"Westlake Services, LLC",6679
OneMain Finance Corporation,6675
Self Financial Inc.,6540
Mr. Cooper Group Inc.,6500
"CAINE & WEINER COMPANY, INC.",5687
UNITED SERVICES AUTOMOBILE ASSOCIATION,5616
EdFinancial Services,5576
"CITIZENS FINANCIAL GROUP, INC.",5493
"Navient Solutions, LLC.",5470
"CLGF Holdco 1, LLC",5198
"Rowland Avenue Management, Inc. A/KA Columbia Debt Recovery, LLC d/b/a Genesis",5044
"Spring Oaks Capital, LLC",4991
CORELOGIC INC,4387
"National Credit Adjusters, LLC",4314
"Exeter Finance, LLC.",4216
"ID Analytics, Inc.",3982
FIFTH THIRD FINANCIAL CORPORATION,3938
"SOFI TECHNOLOGIES, INC.",3802
Bridgecrest Acceptance Corporation,3624
"HW Holding, Inc",3599
Radius Global Solutions LLC,3457
"General Motors Financial Company, Inc.",3397
T.S. Holdings,3382
Kikoff Inc.,3325
TOYOTA MOTOR CREDIT CORPORATION,3314
"BMO Bank, N.A.",3251
NCB Management Services Inc.,3143
"W&A Intermediate Co., LLC",3126
Ocwen Financial Corporation,3088
"SUNRISE CREDIT SERVICES, INC",3079
Freedom Mortgage Company,3066
"Southwest Credit Systems, L.P.",3036
HYUNDAI CAPITAL AMERICA,2827
"SELECT PORTFOLIO SERVICING, INC.",2775
"Amsher Collection Services, Inc.",2766
"Coinbase, Inc.",2743
ROBINHOOD MARKETS INC.,2737
"HUNTINGTON NATIONAL BANK, THE",2679
"FAIR COLLECTIONS & OUTSOURCING, INC.",2648
REGIONS FINANCIAL CORPORATION,2578
M&T BANK CORPORATION,2546
Atlanticus Services Corporation,2511
"Aldous & Associates, PLLC",2507
Global Lending Services LLC,2482
Synovus Bank,2441
"ProCollect, Inc.",2438
Comerica,2339
"UPGRADE, INC.",2337
PENTAGON FEDERAL CREDIT UNION,2324
Servicer under contract with Federal Student Aid,2317
TrueAccord Corp.,2304
"Credit Karma, LLC",2254
LCI Acquisition Inc.,2108
Incomm Holdings Inc.,2089
"ENOVA INTERNATIONAL, INC.",2057
"CAVALRY INVESTMENTS, LLC",2052
Advanced Resolution Services Inc.,2050
Velocity Portfolio Group,1947
Netspend Corporation,1943
SLM CORPORATION,1913
FC HoldCo LLC,1895
Source Receivables Management LLC,1895
KEYCORP,1891
"CarMax, Inc.",1870
"ACIMA CREDIT, LLC",1854
"PENNYMAC LOAN SERVICES, LLC.",1808
"Harris & Harris, Ltd.",1800
FISERV INC.,1796
NISSAN MOTOR ACCEPTANCE COMPANY LLC,1782
CCF Intermediate Holdings LLC,1779
"NRA Group, LLC",1773
World Acceptance Corporation,1761
"Eastern Account Systems of Connecticut, Inc.",1745
V and H Portfolio,1737
"Sequium Asset Solutions, LLC",1735
"Upstart Holdings, Inc.",1715
"Security Credit Services, LLC",1707
"CARRINGTON MORTGAGE SERVICES, LLC",1672
"American Credit Acceptance, LLC",1649
Credit Corp Solutions Inc.,1644
"Consumer Portfolio Services, Inc.",1613
"Credit Control, LLC",1596
"Continental Finance Company, LLC",1582
"John C. Heath, Attorney at Law, PLLC",1576
"Collection Management Holdings, LLC",1563
"LoanCare, LLC",1548
"Rocket Mortgage, LLC",1546
MoneyLion Inc.,1539
NEW YORK COMMUNITY BANCORP INC,1534
Mercedes Benz Financial Services,1519
AMERICAN HONDA FINANCE CORP,1497
FIRST NATIONAL BANK OF OMAHA,1489
"Avant Holding Company, Inc.",1485
Central Portfolio Control Inc.,1450
"FactorTrust, Inc.",1445
Rent Recovery Solutions,1422
Selene Holdings LLC,1411
"The CBE Group, Inc.",1406
"ONLINE Information Services, Inc.",1401
"Ability Recovery Services, LLC",1377
"Lockhart, Morris & Montgomery Inc.",1365
Consumer Adjustment Company Incorporated,1335
"Diversified Adjustment Service, Inc.",1317
Absolute Resolutions Corp.,1290
"Capio Partners, LLC",1284
"Cascade CISS Holdings, LLC",1267
FORD MOTOR CREDIT CO.,1238
MicroBilt / PRBC (formerly CL Verify),1231
"Fay Servicing, LLC",1191
"MRS BPO, LLC",1186
LJ Ross Associates,1142
TransferWise Ltd,1141
"Bull City Financial Solutions, Inc",1136
Possible Financial Inc,1109
"RentDebt Automated Collections, LLC",1057
"BMW Financial Services NA, LLC",1049
"Opportunity Financial, LLC",1047
AES/PHEAA,1034
"Aargon Agency, Inc.",1031
"Debt Recovery Solutions, LLC",1028
"MARINER FINANCE, LLC",1020
VW Credit,1010
Zions Debt Holdings,1009
FIRST PORTFOLIO SERVICING INC,1008
HSBC NORTH AMERICA HOLDINGS INC.,1004
Specialized Loan Servicing Holdings LLC,988
OPORTUN FINANCIAL CORPORATION,965
"Open Dealer Exchange, LLC",960
TekCollect Inc.,937
RoundPoint Mortgage Servicing LLC,926
"The CMI Group, Inc.",911
Lendmark Financial Services,904
STATE EMPLOYEES CREDIT UNION,898
"Halsted Financial Services, LLC.",897
"United Shore Financial Services, LLC",882
FinCo Services Inc DBA Current,882
Army and Air Force Exchange Service,880
"Colony Brands, Inc.",874
"Credit Systems International, Inc.",863
BTH Management,851
"WESTERN UNION COMPANY, THE",844
Penn Credit Corporation,834
Monterey Financial Services LLC,826
ERC,811
"Convergent Resources, Inc.",802
Klarna AB,802
"Paramount GR Holdings, LLC",797
"Professional Debt Mediation, Inc.",796
"LAKEVIEW LOAN SERVICING, LLC",796
"Medical Data Systems, Inc.",744
"Waypoint Resource Group, LLC",742
United PanAm Financial Corp.,727
"The Bureaus, Inc.",723
The Receivable Management Services LLC,720
CrossCountry Mortgage LLC,720
"LD Holdings Group, LLC",714
Alorica Inc.,712
VYSTAR CREDIT UNION,707
"Conn's, Inc.",706
"Checkr, Inc",702
"United Collection Bureau, Inc.",701
Regional Management Corporation,698
SUNCOAST CREDIT UNION,691
MIDFIRST BANK,684
World Omni Financial Corp.,682
Thaxton Investment Corporation,671
SECURITY FINANCE CORP,670
"Foris DAX, Inc.",668
"PLANET HOME LENDING, LLC",660
FirstPoint Collection Resources,651
Winklevoss Exchange LLC,642
"Prosper Marketplace, Inc.",639
"American First Finance, Inc.",638
CONTRACT CALLERS INC,635
"Bounce AI, Inc.",633
ALLIANT CREDIT UNION,624
"Continental Services Group, Inc. d/b/a ConServe",622
"National Consumer Telecom & Utilities Exchange, Inc.",621
FIRST ADVANTAGE CORPORATION,610
"Carvana Group, LLC",608
"Marlette Funding, LLC",603
First Credit Services Inc.,603
CNG FINANCIAL CORPORATION,599
Stellantis Financial Services US Corp.,597
Sezzle Inc.,592
AmeriCollect,586
"WEBSTER BANK, NATIONAL ASSOCIATION",575
"BSI Financial Holdings, Inc.",571
Unifin Inc.,568
ADP Inc.,548
"Byrider Franchising, LLC",541
Westcreek Financial,533
"Williams & Fudge, Inc",526
"Tower Loan of Mississippi, Inc.",525
"OPTUM BANK, INC.",523
Solar Mosaic LLC,520
Phoenix Financial Services LLC,518
"Helvey & Associates, Inc., Warsaw, IN Branch",517
"AXOS FINANCIAL, INC.",510
MONEYGRAM PAYMENT SYSTEMS WORLDWIDE INC,504
United Revenue Corporation,501
DIGITAL FEDERAL CREDIT UNION,494
Kovo,488
"Kimball, Tirey & St. John LLP",483
"FIRST CITIZENS BANCSHARES, INC.",479
"CHARLES SCHWAB CORPORATION, THE",478
Google Compare Credit Cards Inc.,474
"EGL US, LLC",472
"RFNA, LP",472
Blackhawk Network Holdings Inc.,470
Conduent Incorporated,469
Larry H. Miller Group of Companies,467
"Sunbit, Inc.",467
"Firstsource Business Process Services, LLC",467
"AmeriHome Mortgage Company, LLC",463
FREEDOM FINANCIAL NETWORK,460
Diverse Funding Associates LLC,459
"Ava Finance, Inc",454
"January Technologies, Inc",446
"Cedars Business Services, LLC",438
AFNI INC.,435
"Southwest Recovery Services, Inc.",434
BANCO POPULAR DE PUERTO RICO,433
"Receivables Management Partners, LLC",428
HCFS Healthcare Financial Services of TeamHealth,426
"BANK OF NEW YORK MELLON CORPORATION, THE",424
HEARTLAND PAYMENT SYSTEMS INC,418
First Technology Federal Credit Union,414
"Dovenmuehle Mortgage, Inc.",412
"ARVEST BANK GROUP, INC.",407
MOUNTAIN AMERICA FEDERAL CREDIT UNION,403
"Aqua Finance, Inc.",402
ZWICKER & ASSOCIATES,401
FIRST HORIZON BANK,396
"Remitly, Inc.",395
"Dave Operating, LLC",391
"Paramount Recovery Systems, L.P.",390
TMX Finance LLC,389
Credit Fresh Holdings Inc,384
"Duvera Billing Services, LLC",383
BOEING EMPLOYEES CREDIT UNION,376
DriveTime,375
"Revco Management, LLC",370
MORGAN STANLEY & CO. LLC,370
LendingPoint Holdings LLC,369
AMERICA FIRST FEDERAL CREDIT UNION,369
"GOLDEN 1 CREDIT UNION, THE",361
Synergetic Communication Inc,360
Albert Corporation,358
"Tesla, Inc.",354
LOBEL FINANCIAL CORPORATION,351
Village Capital & Investment LLC,349
American Coradius International LLC,348
"Adler Wallach & Associates, Inc.",346
"Grain Technology, Inc.",339
FourLeaf Federal Credit Union,334
"Sentry Credit, Inc.",333
1st Franklin Financial Corporation,331
"Optio Solutions, LLC",331
Central Research Inc,329
Professional Recovery Management,329
AMERISAVE MORTGAGE CORPORATION,329
RANDOLPH-BROOKS FEDERAL CREDIT UNION,328
"Crown Asset Management, LLC, Duluth, GA Branch",324
"OLIPHANT FINANCIAL, LLC",324
"Carter-Young, Inc.",324
"P&B Capital Group, LLC",323
"BROKER SOLUTIONS, INC.",323
Prince Parker & Associates,315
"GREENSKY OPERATIONS, LLC",312
"AR Resources, Inc.",312
"Reliant Capital Solutions, LLC",311
"WHEELS FINANCIAL GROUP, LLC.",309
"Skrill USA, Inc.",306
CIG FINANCIAL LLC,303
Rausch Sturm LLP,297
"Frontline Asset Strategies, LLC",295
"Americas Car-Mart, Inc.",291
"Veros Credit, LLC",290
"CMG Financial Services, Inc.",290
SinglePoint GI,290
COMMERCE BANK,289
"Goal Structured Solutions, LLC",287
"Shepherd Outsourcing, LLC",287
Southern Management Systems Inc.,287
"Law Office of Michael J. Scott, PC",286
"Advance America, Cash Advance Centers, Inc.",285
Harley Davidson Financial Services Inc,284
"Trident Asset Management, L.L.C.",283
SN SERVICING CORPORATION,280
FIRST NATIONAL BANK OF PENNSYLVANIA,280
"McCarthy, Burgess & Wolff, Inc.",280
Payward Ventures Inc. dba Kraken,279
"GLA Collection Company, Inc.",279
TomoCredit Inc.,279
Concord Servicing Corporation,277
"Commonwealth Financial Systems, Inc.",277
21ST MORTGAGE CORP.,276
WLCC,275
ASSOCIATED BANC-CORP,275
MECHANICS BANK,274
"Weltman, Weinberg & Reis Co., L.P.A.",272
"Synerprise Consulting Services, Inc.",270
Newport Intermediate Inc.,269
"The Outsource Group, Inc",268
Healthcare Finance Direct LLC.,268
"Oliphant United, Inc.",267
The Law Offices of Mitchell D. Bluhm & Associates,266
RUSHMORE LOAN MANAGEMENT SERVICES LLC,265
Linebarger Goggan Blair & Sampson LLP,264
Creditors Bureau Associates,264
R & B Corporation of Virginia,263
Park Hill Holdings,261
"Associated Credit Services, Inc.",261
SCHOOLSFIRST FEDERAL CREDIT UNION,261
"Client Services, Inc.",260
"Jon Barry and Associates, Inc.",259
Climb Credit Inc.,254
"Caliber Home Loans, Inc.",252
"Allied Collection Services, Inc. (Nevada)",250
"Alliance One, Inc.",250
UMB FINANCIAL CORPORATION,250
"Blitt and Gaines, P.C.",249
ZIONS BANCORPORATION,248
Data Mortgage Inc.,248
"Summit A*R, Inc.",248
WSFS FINANCIAL CORPORATION,245
Payfare International Inc.,245
"National Enterprise Systems, Inc.",245
"Kinum, Inc., Indianapolis, IN Branch",244
SUN LOAN COMPANY INC.,244
Contemporary Information Corp,243
"Williams, Rush & Associates, LLC",238
"American Profit Recovery, Inc., Marlborough, MA Branch",237
"CARDINAL FINANCIAL COMPANY, LIMITED PARTNERSHIP",235
"Gurstel Law Firm, P.C.",234
Millco Management,233
"Harpeth Financial Services, LLC",233
"Monarch Recovery Holdings, Inc.",233
CNG HOLDINGS INC,232
Sigue Corp.,231
Torriere Holdings INC,231
"LDF Holdings, LLC",230
"Pressler & Pressler, LLP",230
"Uplift, Inc",230
"ResidentCollect, Inc.",229
"Skopos Financial, LLC",229
"First Federal Credit Control, Inc.",229
"CULLEN/FROST BANKERS, INC.",228
CapitalJ Inc. dba Juno,227
AMERIS BANCORP,226
"Blockchain.com, Inc.",226
First Advantage LNS Inc.,224
"RS Clark and Associates, Inc.",222
Mercury Financial Intermediate LLC,222
Collection Bureau of America Ltd.,221
SG and Associates,219
"R.M. Galicia, Inc.",219
OLD NATIONAL BANCORP,218
"Certegy Holdings, LLC",218
The Phoenix Recovery Group,217
Fig Tech Inc.,217
Rosebud Economic Development Corporation,216
Revolut Technologies Inc.,216
"MERCANTILE ADJUSTMENT BUREAU, LLC",215
"Capital Accounts, LLC",214
"Berlin-Wheeler, Inc. (Kansas)",213
CHERRY TECHNOLOGIES INC.,212
"Rozlin Financial Group, Inc.",212
BlueChip Financial,212
USCB Corporation,210
"Collection Bureau of the Hudson Valley, Inc.",210
"Leafy Financial, LLC",209
"Mandarich Law Group, LLP",209
"Applied Data Finance, LLC",209
"Real Time Group, Inc.",208
"Nationwide Capital Services, LLC",208
"Mortgage Research Center, LLC",208
Entrata Inc.,208
"Lloyd & McDaniel, PLC",208
Driveway Finance Corporation,207
"COLUMBIA BANKING SYSTEM, INC.",205
"Bridge IT, Inc.",203
Wolf River Development Company,203
AVANTE,202
"Franklin Collection Service, Inc.",202
"Mobiloans, LLC",201
VALLEY NATIONAL BANCORP,200
"Northstar Location Services, LLC",200
"Advantage Credit, Inc.",199
NATIONAL DEBT RELIEF LLC,198
FIRSTBANK PUERTO RICO,198
"VANDERBILT MORTGAGE & FINANCE, INC",197
"Property Receivables, Corp",197
Sterling Infosystems Inc.,196
Transform Credit Inc.,195
Verisk Analytics Inc,195
"USCB, Inc.",195
"National Collection Systems, Inc.",194
"Merchants Adjustment Service, Inc.",194
Guild Holdings Company,193
Patient Accounting Service Center,193
Frost-Arnett Company,192
"GVA Holdings, LLC",192
"Professional Finance Company, Inc.",191
DigniFi,191
"Mid-Atlantic Finance Co., Inc.",191
"Valon Technologies, Inc.",191
"SERVICEMAC, LLC",191
Kashable LLC,191
Chime Inc.,191
"Capital Management Services, LP",191
"Omega RMS, LLC",189
InDebted Corporation,188
Credit Service International Corp,187
"CashRepublic Holdings, Inc.",186
"Volvo Car Financial Services U.S., LLC",186
"Uprova Credit, LLC",185
Credit Card Receivables Fund Incorporated,185
"MIB Group, Inc.",185
Southern Auto Finance Co,185
"F.H. Cann & Associates, Inc.",183
FULTON FINANCIAL CORPORATION,182
AUTOMOTIVE CREDIT CORPORATION,181
Kingston Data & Credit International Inc.,181
"Credit Central Holdings, LLC",181
CADENCE BANK,180
"Complete Credit Solutions, Inc.",179
"Elevate Recoveries, LLC",179
"Peer Advisors, LLC",178
Movement Mortgage LLC,178
"Asset Recovery Solutions, LLC",178
"Pavilion Payments US BuyerCo, LLC",178
SOUTHSTATE BANK CORPORATION,176
"Io, Inc.",176
"Jim Bottin Enterprises, Inc",175
"Merchants and Medical Credit Corporation, Inc.",175
SECURITY SERVICE FEDERAL CREDIT UNION,174
"Ray Klein, Inc.",174
"Happy Money, Inc.",172
"Meridian Financial Services, Inc.",171
2288984 Ontario Inc.,171
"Harvard Collections, LLC",170
CCM Finance LLC,168
"Herbert P. Sears Co., Inc.",168
"GFS II, LLC",167
"PlusFour, Inc",166
Yamaha Motor Finance Corporation USA,166
GLOBAL CREDIT UNION,165
"Branch Messenger, Inc.",165
CURO Intermediate Holdings,165
"Accscient, LLC",164
Grow Credit Inc,164
Merchants' Credit Guide Company,162
"Valor Intelligent Processing, LLC",162
"Populus Financial Group, Inc. (F/K/A Ace Cash Express)",162
"EVERBANK, NATIONAL ASSOCIATION",162
"State Collection Service, Inc.",161
GUARANTEED RATE INC.,159
"Ideal Collection Services, Inc.",159
"William D. Meeker Enterprises, Inc.",159
"CMRE Financial Services, Inc.",157
Atlantic Recovery Solutions LLC,155
ADIR INTERNATIONAL LLC,155
Sunlight Financial LLC,153
"Consumer Financial Services Solutions, Inc.",153
Aspen Yo LLC,153
Clark County Collection Service,153
Denefits LLC,153
"First National Collection Bureau, Inc.",153
Bright Capital Inc,152
"Financial Recovery Services, Inc.",152
Medical-Commercial Audit Inc,152
Foursight Holding LLC,151
"Mercury Technologies, Inc.",151
BOK FINANCIAL CORP,151
"SIMM Associates, Inc.",150
"Ria Envia, LLC",150
Hunt & Henriques,150
"Rubin & Rothman, LLC",149
"Sentry Recovery and Collections, Inc.",149
"Merchants & Medical Adjustment Bureau, Inc. dba Credit Bureau Associates",149
CARD Corporation,148
Financial Assistance Inc,148
Johnson Mark LLC,148
EAST WEST BANK,147
"Stenger & Stenger, P.C",146
One Source Technology,146
"The Best Service Co.,Inc",145
PREFERRED CREDIT INC,145
"Strategic Alliances, Inc.",145
"CrossCheck, Inc.",144
IQOR US INC,144
"Phillips & Cohen Associates, Ltd.",144
Georgia Student Finance Authority,143
Commercial Acceptance Company,143
"Sensible Auto Lending, LLC",142
"Servicing Solutions, LLC",141
KBR INC DBA RASH CURTIS & ASSOCIATES,140
"AmerAssist A/R Solutions, Inc.",140
"Torres Credit Services, Inc.",140
"AppFolio, Inc.",140
"R.A.Rogers, Inc.",139
"International Computer Systems, Inc.",139
Bonneville Billing and Collections,137
Earnest Inc.,136
Viking Client Services,136
"HireRight Solutions, Inc.",134
Consumer Collection Management. Inc,134
"KLS Financial Services, Inc",134
PRESTIGE FINANCIAL SERVICES INC,134
SIMMONS FIRST NATIONAL CORPORATION,133
BANKERS HEALTHCARE GROUP LLC,133
SAN DIEGO COUNTY CREDIT UNION,133
"Roadrunner Account Services, LLC",131
Starmark Financial LLC,130
Idaho Housing And Finance Association,130
"Deinde Online Services, LLC",129
SoLo Funds Inc.,129
"Capstone Credit & Collection, LLC.",129
"ECMC GROUP, INC.",128
"Cascade Capital, LLC",128
"Eastern Revenue, Inc.",127
"Bepensa Capital, Inc.",126
TRUSTMARK CORPORATION,126
"FMA Alliance, Ltd.",126
Zip Co US Inc.,126
"Braviant Holdings, LLC",125
"Arivo Acceptance, LLC",125
Credit Card Acquisitions Group,124
"Tenaglia & Hunt, PA",124
"Glasser and Glasser, PLC",124
"ATG Credit, LLC",124
"Key 2 Recovery, Inc.",123
Holloway Credit Solutions,123
"Lennar Financial Services, LLC",123
Meta Payments Inc.,122
"Relay Financial (US), Corp.",122
"Avadyne Health Holdings, Inc",122
"Flexible Finance, Inc.",121
"Javitch, Block & Rathbone LLC",120
"BANKMOBILE TECHNOLOGIES, INC",120
"ARS National Services, Inc.",120
Lendbuzz Inc.,120
"Home Loan Center, Inc.",119
HANCOCK WHITNEY BANK,119
Crow Creek Sioux Tribe,119
"J J Marshall & Associates, Inc",118
"CreditNinja Lending, LLC",118
Nelson Cruz & Associates LLC,118
Telerecovery Corporation,117
"Tilt Finance, Inc.",116
"Aspen National Financial, Inc.",116
"Duncan Solutions, lnc.",116
Western-Shamrock Corporation,116
"Express Recovery Services, Inc.",116
DOLLAR MUTUAL BANCORP,116
"Brock & Scott, PLLC",114
"Law Office of Brett M. Borland, P.C.",114
"Designed Receivable Solutions, Inc.",114
"AUSSRQ Holdings, LLC",114
Messerli & Kramer P.A.,113
"First Help Financial, LLC",113
WorldRemit Corp.,113
"Figure Technologies, Inc",113
"Federal Adjustment Bureau, Inc.",112
"College Ave Student Loan Servicing, LLC",112
"Total Card, Inc.",111
Alliant Capital Management LLC,111
"Absolute Recovery Services, LLC",111
Patenaude & Felix A Professional Corporation,110
BANK OZK,110
Financial Credit Network Inc,110
"Sunset Management, Inc",110
Hillcrest Davidson & Associates,110
"Professional Credit Management, Inc",109
"COLLECTIONS USA, INC.",109
"A.R.M. Solutions, Inc.",109
"EOS Holdings, Inc.",108
"Community Loan Servicing, LLC (formerly known as Bayview Loan Servicing, LLC)",108
The Aligned Company DBA Extra,108
"Automated Collection Services, Inc.",108
"U.S. Collections West, Inc.",108
Financial Business and Consumer Solutions.,107
"Momnt Technologies, Inc.",107
BAM Management US Holdings Inc.,107
"Americor Funding, LLC",107
Finance of America Holdings LLC,106
"Kansas Counselors, Inc.",106
"Transfinancial Companies, Inc",106
"DailyPay, Inc",105
"Seattle Service Bureau, Inc",105
Great American Finance Co,105
LAKE MICHIGAN CREDIT UNION,105
"FIRST INTERSTATE BANCSYSTEM, INC.",104
"Maury Cobb, Attorney at Law, LLC",104
U.S. Auto Credit Corporation,104
MORTGAGE SOLUTIONS OF COLORADO,103
"California Business Bureau, Inc.",103
FCI Lender Services Inc.,103
"Sparrow Financial, Inc.",103
"RAS LaVrar, LLC",102
"Steel River Systems, LLC",102
Loqbox US Inc,102
"Media Collections, Inc",102
"Round Up Ventures, L.P.",101
"M.A.R.S., Inc.",101
"Persolve, LLC - Legal - Series 2",101
"SCA Collections, Inc.",101
Statebridge Company,100
"The Stark Collection Agency, Inc.",100
"First Financial Resources, Inc.",100
"Credit Bureau Systems, Inc., Paducah, KY Branch",99
"MONEY SOURCE, INC., THE",99
"Hatfield, Inc.",99
UNIVERSAL ACCEPTANCE CORPORATION (NE),99
Scott Fetzer Financial Group Inc.,99
NORTHWEST BANCSHARES INC,99
"GULF COAST COLLECTION BUREAU, INC.",99
"Advanced Collection Bureau, Inc.",99
"FEDChex Recovery, LLC",99
"FIRST HAWAIIAN, INC.",98
"Financial Management Solutions, LLC",98
GREENSTATE CREDIT UNION,97
"Suttell, Hammer & White, P.S",97
"HOVG, LLC",97
Account Resolution Corporation,97
"FIDELITY CAPITAL HOLDINGS, INC",97
"Fairway Capital Recovery, LLC",97
The Moore Law Group,97
Grant & Weber,97
Kohn Law Firm S.C.,96
NBT BANCORP INC.,96
CAC Financial Corp,96
"Aldridge PIte Haan, LLP",95
"D&A Services, LLC",95
"Uetsa Tsakits, Inc. d/b/a MaxLend",95
"Wilber and Associates, P.C.",94
Indie Technology DBA Found,94
Activehours,94
Novo Platform Inc.,93
"Collection Receivables, Inc.",93
Essential Lending Inc,93
Informative Research,93
"Atlantic Union Bankshares, Inc.",93
"Dynamic Recovery Solutions, LLC",92
"Porsche Financial Services, Inc.",92
RENASANT CORPORATION,91
"Apelles, LLC",91
"Levy & Associates, LLC",91
"Nationwide Credit & Collection, Inc.",91
YSA ARM LLC DBA Oxygen XL,91
Marauder Corporation,90
"All State Credit Bureau, Inc.",90
"FlexShopper, Inc",90
"Click n' Close, Inc.",90
BANK OF HAWAII CORPORATION,90
"Galaxy Capital Acquisitions, LLC",90
"BetterNOI, LLC",90
GLOBAL SOLUTION BIZ LLC.,89
"ARC Management Group, LLC",89
BANK OF THE WEST,89
"Strategic Financial Solutions, LLC",88
Sequoia Financial Services,88
"American Collections Enterprise, Inc.",87
"Receivable Management Group, Inc. (GA)",86
Sunnova Energy Corporation,86
"MUTUAL OF OMAHA MORTGAGE, LLC",86
"Express Collections, Inc.",86
"COAST PROFESSIONAL, INC.",86
Fairway Independent Mortgage Corporation,86
"Orions Management Group, LLC",85
"P.S.C., Inc",85
"The Savings Group, Inc.",85
Knight Adjustment Bureau,84
"N.A.R., Inc.",84
National Business Factors,84
"Perpay, Inc.",83
"Collections Acquisition Company, Inc.",83
Mutual Management Services LLC,83
United Credit and Collections Inc.,83
"COMMUNITY FINANCIAL SYSTEM, INC.",83
"Lentegrity Management, LLC",83
"Stillman, P.C. d.b.a. Stillman Law Office",83
American Financial Network Inc.,82
Pendrick Capital Partners,82
"Mountain Land Collections, Inc.",82
"Hayt Hayt & Landau, P.L. (FL)",82
"Midwest Fidelity Services, LLC",82
"DApps Platform, Inc.",82
"CENTRAL BANCOMPANY, INC",82
"TEXAS CAPITAL BANCSHARES, INC.",82
"PDQ Services, Inc.",81
"Lewis, McDonnell & Associates",81
"PatientFi, LLC",81
"CARCO Group, Inc.",81
Hollis Cobb Associates,81
SECURITY CREDIT SYSTEMS INC,81
LendingUSA,81
"AC AutoPay LLC, Denver, CO Branch",81
Tate and Kirlin Assoc,80
"PROSPERITY BANCSHARES, INC.",80
C/C Financial,79
"Data and Contact Management Solutions, LLC",79
Fundo LLC,79
Debt Co LLC,79
"Michel Law, LLC d/b/a Level One Law",79
GATEWAY FIRST BANK,79
"Selip & Stylianou, LLP",78
"Innovate Managed Holdings, LLC",78
"Klima, Peters & Daly, P.A.",78
"Brown and Joseph, Ltd",78
QUALITY ACCEPTANCE LLC,78
"SUN WEST MORTGAGE COMPANY, INC.",77
"TriVerity, Inc.",77
"Cawley & Bergmann, LLP",77
"PLS GROUP, INC",77
ZuntaFi Corp,76
"Tribal Lending Enterprise, Inc.",76
Ascent Holding Co,76
"Avid Acceptance, LLC",76
"WESBANCO BANK, INC.",76
"Select Management Resources, LLC",76
Union Home Mortgage Corp,76
Accurate Background,76
"DRB-40, LLC",76
FIRSTBANK,75
"Lyons, Doughty & Veldhuis, PC",75
"Pollack & Rosen, P.A.",75
Arcon Credit Solutions LLC,75
Post Lake Lending Inc.,74
"Bliksum, LLC",74
Receivables Management Corporation,74
Garrison Investment Group,74
"Risecredit, LLC",74
"UNITED BANKSHARES, INC.",74
"Collection Bureau of Fort Walton Beach, Inc",73
PARAMOUNT RESIDENTIAL MORTGAGE GROUP,73
The J. G. Wentworth Company,73
Minto Financial dba Minto Money,73
"Eagle Financial Services, Inc.",73
LAND HOME FINANCIAL SERVICES,73
Texas Guaranteed,73
Forest Recovery Services LLC,72
"National Commercial Services, Inc",71
"Coast to Coast Financial Solutions, Inc.",71
Louisiana Recovery Services Inc.,71
WASHINGTON FEDERAL BANK,71
"Investment Retrievers, Inc.",71
"Mcburberod Financial, Inc. d/b/a SeedFi",71
DHI Mortgage Company,70
NVR INC.,70
"Love, Beal & Nixon, P.C.",70
"Palm Beach Credit Adjustors, Inc",70
FIRST COMMONWEALTH FINANCIAL CORPORATION,70
"Simon's Agency, Inc.",70
"Remex, Inc.",69
"States Recovery Systems, Inc.",69
"UHG, LLC",69
TapTap Send Inc.,69
NEW CITY FUNDING CORP.,69
"Andreu, Palma & Andreu, PL",69
Nationwide Credit Corporation,69
"CUSTOMERS BANCORP, INC",68
"Collection Professionals, Inc.",68
Grant Mercantile Agency,68
"PINNACLE RECOVERY, INC.",68
OFG BANCORP,68
ALCHRO INC.,68
Abra,68
"RSI Enterprises, Inc.",68
"HILLTOP HOLDINGS, INC",68
"Auto Trakk, LLC",67
FIRST UNITED BANK AND TRUST COMPANY,67
Professional Collectors Corp.,67
FIRST MERCHANTS CORPORATION,67
SOP Pioneer Partners LP,67
MIDWEST RECEIVABLE SOLUTIONS LLC,67
"PayTomorrow, LLC",66
"Universal Account Servicing, LLC",66
"GLOBAL CLIENT SOLUTIONS, LLC",66
BANNER CORPORATION,66
"S&S Physician Services, Inc.",66
AmeriCash Holding LLC,66
"S & S Recovery, Inc.",65
Metro Collection Service Inc.,65
RockLoans Holdings LLC,65
Medical Business Bureau,65
TFS FINANCIAL CORPORATION,65
"Weber & Olcese, PLC",65
"Payactiv, Inc.",65
CITY NATIONAL BANK,64
"Porania, LLC",64
Orion Capital Solutions LLC,64
MEI AUTO FINANCE INC,64
"Atlas Credit Company, Inc.",64
"HEAD MERCANTILE CO., INC.",64
"SMITH, ROUCHON & ASSOCIATES, INC.",64
"Sa-Vit Enterprises, Inc.",64
"M. G. Credit, Inc.",64
HF Holdings,64
"Webcollex, LLC",63
IOWA STUDENT LOAN LIQUIDITY CORPORATION,63
"Mercari, Inc.",63
"Law Offices of Robert J. Colclough, III",63
Retail Merchants Associates,63
"BILL.COM, LLC",63
"DSR HOLDINGS GROUP, LLC",63
WESTERN ALLIANCE BANCORPORATION,63
"McNeil & Meyers Asset Management Group, LLC",63
"Admin Recovery, LLC",63
M1 Holdings Inc.,63
"AMCOL Systems, Inc.",62
DataMax Corporation,62
"TRIAD FINANCIAL SERVICES, INC.",62
"TAG Intermediate Holding Company, LLC",62
"CARS Acquisition, LLC",62
Fuel Capital Group,62
"TIDEWATER FINANCE COMPANY, INC.",62
DFC Global Corp.,62
"Securus J Holdings, LLC",62
"Arbor Professional Solutions, Inc.",62
"NCP Holdings, L.P.",62
"Auto Now Financial Services, Inc., Phoenix, AZ Branch",62
"Fidelity National Financial, Inc",62
Nelson and Kennard,62
Terrill Outsourcing Group,62
"SF VAGO, LLC",61
"Mid-South Adjustment Co., Inc.",61
"Better Mortgage, Inc.",61
"COLLECTECH DIVERSIFIED, INC.",61
"Keynote Consulting, Inc.",61
"ClearOne Advantage, LLC",61
"Kelsting Group, Inc.",60
QC HOLDINGS INC,60
"The Law Offices of Jennifer McCoy, PC",60
"Reliable Credit Association, Inc.",60
CARVANT FINANCIAL LLC,60
Viva Finance Inc.,60
"Milliman, Inc.",60
Pacific Credit Exchange Corporation,59
Credit International Corporation,59
"Ingo Money, Inc.",59
"Aldridge Pite, LLP",59
"Bilt Technologies, Inc.",59
Exto Inc.,59
Mullooly Jeffrey Rooney & Flynn,58
"Glass Mountain Capital, LLC",58
"National Recovery Solutions, LLC",58
"JDJ Investments, INC.",58
Quality Asset Recovery LLC,58
"LTD Financial Services, L.P.",57
Premier Auto Credit,57
Credit Bureau Services Association,57
"Nathan & Nathan, P.C.",57
Cottonwood Financial Ltd.,57
"Law Offices of Hayt, Hayt & Landau, LLC",57
Asset Recovery Bureau LLC,57
"American Accounts & Advisers, Inc.",57
CATHAY BANK,56
Reel Time Capital LLC,56
Forster & Garbus LLP,56
"AAA Auto Title Loans, LLC",56
"COLLECTION ASSOCIATES, LTD.",55
Servatus Corporation,55
North American Credit Services,55
Financial Accounts Service Team Inc.,55
Premium Credit Bureau,55
"Big Picture Loans, LLC",54
"ORG GC GP BUYER, LLC",54
"Nationwide Recovery Systems, Ltd",54
"Nations Direct Mortgage, LLC",54
Giggle Finance Inc.,54
CIBC BANCORP USA INC.,54
BEACON FINANCIAL CORPORATION,54
"Special Financing Company, LLC",53
"Farrell Holdings, LLC",53
"Paramount Capital Group, Inc.",53
"BLINCLOANS, INC.",53
Universal Recovery Corporation,53
"Acrisure Mortgage Partners, LLC",53
Future Judgement Solutions,53
"Debt Collectors International, Inc.",53
MID FLORIDA FINANCING LLC,53
DreamSpring,53
Tally Technologies,53
"North State Acceptance, LLC",53
"National Account Systems of Omaha, LLC",53
D2 Management LLC,52
PRIMARY RESIDENTIAL MORTGAGE,52
Supreme Lending,52
Global Trust Management LLC,52
EASTERN BANKSHARES INC,52
CONGRESS COLLECTION CORP,52
UNITED COMMUNITY BANK,52
TFC Credit Corporation of California,52
Abrahamsen Gindin LLC,52
"1803 Capital, LLC",52
Credit Service Company,52
"A & O Recovery Solutions, LLC",52
"BC SERVICES, INC.",51
EQUITY LOANS LLC,51
"Go Capital Holdings, LLC",51
"Alliance Collection Agencies, Inc.",51
LANIER COLLECTIONS AGENCY AND SERVICES INC,51
"Specialized Collection Systems, Inc.",51
Alabama Housing Finance Authority,51
AUTOMOBILE ACCEPTANCE CORPORATION,51
American Recovery Service Incorporated,51
"Central States Recovery, Inc.",50
Ascendium Education Group,50
"Independence Capital Recovery, LLC",50
"McCalla Raymer Leibert Pierce, LLC",50
"Business Processing Solutions, LLC",50
BlockFi Inc,50
Consumer Financial Services,50
Southwest Business Corporation,50
"Dakota Financial, LLC",50
Chrysalis Holdings LLC,49
"Propel, Inc.",49
"Collins Asset Group, LLC",49
"Synter Resource Group, LLC.",49
"The Thomas Agency, Inc.",49
"Moss Law Firm, P.C.",49
MiraMed Revenue Group LLC,49
Michael J Adams PC,48
"BCA Financial Services, Inc.",48
Lien Enforcement Inc,48
"Cornerstone Holdings, Inc.",48
"Green & Sons Agency, Inc.",48
"Roosen, Varchetti & Olivier, PLLC",48
Hanwha QCells USA Corp,48
"RGS Financial, Inc.",48
FIRST HOME MORTGAGE CORPORATION,48
"RMS-Recovery Management Services, Inc.",47
PENNSYLVANIA HOUSING FINANCE AGENCY,47
Huntington Debt Holding LLC,47
Smith Debnam Narron Drake Saintsing & Myers LLP,47
Home Point Financial Corporation,47
"Tromberg, Miller, Morris & Partners, PLLC",47
Waterfall Revenue Group,46
Federated Student Loan Services,46
Lincoln Educational Services Corporation,46
Lac Courte Oreilles Financial Services II,46
"APPLE FINANCIAL HOLDINGS, INC.",46
Armada Corp.,46
"United Accounts, Inc.",46
Fidelity Properties Inc.,46
INDEPENDENT BANK CORP.,46
"Loan South Finance & Tax Service of Troy, LLC",46
Merchants Acceptance Corp,45
"PulteGroup, Inc.",45
Kentucky Higher Education Assistance Authority,45
"Greenberg, Grant & Richards Inc.",45
"SANDY SPRING BANCORP, INC.",45
"HOME BANCSHARES, INC.",45
"Consolidated Recovery Group, LLC",45
"APEX Asset Management, LLC",45
"Malen & Associates, p.c.",45
"Wallace Management Company, LLC",44
Modern Adjustment Bureau,44
BUSEY BANK,44
"Nav Technologies, Inc.",44
Sarma,44
"R.T.R. Financial Services, Inc.",44
ACS Education Services,44
"Paradigm Assets, LLC",44
"Kornerstone Credit,  LLC.",44
Oklahoma Student Loan Authority,44
Gatestone & Co. International Inc.,43
SEACOAST BANKING CORPORATION OF FLORIDA,43
"Manhattan Beach Venture, LLC",43
"Denali Capital Holdings, LLC",43
"Global Processing Services, LLC",43
Siggi LLC,43
Credit Glory LLC,43
"Debois, Inc.",42
"Birchwood Credit Services, Inc.",42
Credova Holdings Inc,42
"Dobberstein Law Firm, LLC",42
Turning Point Solutions LLC,42
"Castle Credit Co Holdings, LLC, Chicago, IL Branch",42
FIRST AMERICAN FINANCIAL CORPORATION,42
"Bay Area Receivables, Inc",42
Receivable Solutions LLC,42
"Midwest Loan Services, Inc.",42
Benht: Economic Development Corporation,42
"Esusu, Inc.",42
Sulphur Bank Rancheria Enterprises,42
FB FINANCIAL CORPORATION,42
"Majority USA, LLC",41
"NPAS, Inc.",41
"Finance System of Richmond, Inc.",41
Betterment LLC,41
Kora Financial,41
"Certified Credit Reporting, Inc.",41
"NEXA Mortgage, LLC",41
"URS Holding, LLC",41
"ALEXANDER-ROSE ASSOC, INC.",41
"Thunderbird Collection Specialists, Inc.",41
"Bitstamp USA, Inc.",41
"Receivable Recovery Services, LLC",41
Carmichael & Frost LLC,41
"Ratchford Law Group, P.C.",41
PRONTO FINANCE INC.,41
"CREDIT WORLD SERVICES, INC.",40
COLORADO HOUSING AND FINANCE AUTHORITY,40
Couch Lambert LLC,40
"PACIFIC PREMIER BANCORP, INC.",40
Mediation Recovery Center,40
Nicholas Financial Inc.,40
"Andrews & Cox, P.C.",40
AAA Collections,40
VELO LAW OFFICE,40
Omnipoint Capital,40
FRESNO CREDIT BUREAU,40
"King of Credit Financial, Inc",40
COOLEY ENTERPRISES INC,40
Glacier Bancorp Inc.,40
Gravamen Asset Management Group LLC,40
"Data Search NY, Inc.",39
"Net Pay Advance, Inc.",39
"Credit Bureau of the South, Inc.",39
Amscot Corporation,39
"ULRS, Inc.",39
"OUT TECH, INC.",39
"PLAZA HOME MORTGAGE, INC.",39
"Zarzaur and Schwartz, PC",39
UNITED AUTO ACCEPTANCE,39
XOOM CORPORATION,39
"AA Recovery Solutions, Inc.",39
"American Collection Services, Inc. (OK, TX)",39
"LendKey Technologies, Inc.",39
HoldCo LLC,39
IDAHO CENTRAL CREDIT UNION,39
"B9, Inc.",39
LCS FINANCIAL SERVICES CORPORATION,39
"CHECKredi of Kentucky, LLC",38
"MAS FINANCIAL SERVICES, INC.",38
"Progrexion Holdings, Inc.",38
"NPG Associates, Inc.",38
"Receivables Outsourcing, Inc.",38
SunTx Capital Partners,38
Kirschenbaum & Phillips P.C,38
RELIANCE FIRST CAPITAL LLC,38
Credit Sage LLC,38
"AMERICAN ADJUSTMENT BUREAU,INC.",38
"Revenue Enterprises, LLC",38
"Unisa, Inc",38
"Second Alliance, Inc.",38
Nexum Group Inc,38
"Longbridge Financial, LLC",37
"Recovery Solutions Group, LLC",37
Ready Capital Corporation,37
"Merchants Credit Bureau, Inc.",37
Everest Receivable Services Inc.,37
"United Resource Systems, Inc",37
"INTERCONTINENTAL EXCHANGE, INC.",37
CRED Technologies dba cred.ai,37
"Capital Link Management, LLC",37
PCR Group,37
"Autovest, L.L.C.",37
"GB Collects, LLC",37
"Cash Express, LLC",37
"Credit Service Company, INC",37
"EMCC Holdings, LLC",37
Access Receivables of NC Inc.,37
"BALANCED HEALTHCARE RECEIVABLES, LLC",36
"Scheer, Green & Burke L.P.A.",36
"Axela Technologies, Inc",36
FIRST FINANCIAL BANCORP,36
"DIRECMANAGEMENT, INC.",36
"Valley Collection Service, LLC",36
"The Leviton Law Firm, Ltd.",36
"StellarFinance, Inc.",36
Deutsche Bank,36
"Freeway Funding, Inc.",36
Eaton Group Attorneys LLC,36
Debt Management Incorporated,36
"Gordon, Aylworth & Tami, P.C.",36
"Brightfunders, LLC",36
Kashia Services,36
"Credit Counsel, Inc.",36
"RICHLAND HOLDINGS, INC.",35
"NCD Financial, LLC",35
"STATE BANKSHARES, INC.",35
"Berman & Rabin, P.A.",35
Recovery Management Solutions LLC,35
"Acra Intermediate Holdings, LLC",35
"Silverman Theologou, LLP",35
NATIONWIDE ACCEPTANCE LLC,35
Advance Bureau of Collections,35
"Credit Technologies, Inc.",35
"Second Round Limited Partnership, Austin, TX Branch",35
AMERICAN INTERNET MORTGAGE,35
Global Tel*Link Corporation,35
"Shermeta Law Group, PLLC",35
"TradeStation Group, Inc.",35
"Vengroff Williams, Inc",34
CREDICO. INC,34
Universal Payment Corporation,34
"Cordoba Legal Group, PLLC.",34
"Community Health Investment Company, LLC.",34
"HOPE BANCORP, INC.",34
"Constar Financial Services, LLC",34
Robinson Economic Development Corporation,34
Franklin Credit Management Corporation,34
"MortgagePros, LLC",33
"Todd, Bremer & Lawson, Inc.",33
Royal Pacific Funding Corporation,33
Triton Recovery Group,33
Collection Service of Nevada,33
All Debt Solutions Inc. dba: 1st Class Agency,33
RC Willey,33
KeyBridge Medical Revenue Management,33
"PROVIDENT FINANCIAL SERVICES, INC.",33
Massachusetts Educational Financing Authority,33
KP ASSET CONSULTING LLC,33
MUFG AMERICAS HOLDINGS CORPORATION,33
"National Healthcare Collections, LLC",33
Guglielmo and Associates,33
A&D Mortgage LLC,32
Business & Professional Collection Service Inc,32
Cooling & Winter LLC,32
TOWNEBANK,32
"Heritage Financial Group, Inc.",32
eToro USA LLC,32
PROVIDENT FUNDING ASSOCIATES,32
"Kramer & Frank, P.C.",32
"Account Managers, Inc.",32
"Meade & Associates, Inc.",32
Titanium Funds,32
Renton Collections Inc.,32
"Voss & Klein, LLC",31
Quest Legal Group,31
MISSION FINANCIAL SERVICES CORPORATION,31
"BRite Financial Services, Inc.",31
Mnet Financial Inc,31
"Diaz & Associates, Inc.",31
"Fein, Such, Kahn & Shepard, P.C.",31
Abbott Osborn Jacobs PLC,31
"Southern Oregon Credit Service, Inc.",31
"Midstate Collection Solutions, Inc.",31
Collection Attorneys USA LLC,31
"Paxful Holdings, Inc.",31
"PINNACLE FINANCIAL PARTNERS, INC.",31
"EVERGREEN PROFESSIONAL RECOVERIES, INC.",31
"Adelante, Inc",31
Kubota North America Corporation,31
"Dyck-O'Neal, Inc.",31
InvestiNet LLC,31
TOLEDO FINANCE CORPORATION,31
"Peter Roberts & Associates, Inc.",31
"Capital Mitigation Services, LLC",31
Financial Corporation of America,31
BANCFIRST CORPORATION,31
"FirstCredit, Inc.",31
Merchants Credit Corporation,31
Schreiber Law LLC,30
AMERICAN PACIFIC MORTGAGE,30
Vertical Screen,30
TOWNE MORTGAGE COMPANY,30
"JNR Adjustment Company, Inc",30
MoneySpot USA LLC DBA Sunshine Loans,30
"Receivable Collection Services, LLC",30
"Ascension Point Recovery Services, LLC",30
Marcadis Singer PA,30
"E Mortgage Capital, Inc.",30
"Oasis Legal Finance Holding Company, LLC",30
"Professional Placement Services, LLC",30
"Prog Holdings, Inc.",30
AMERICAN NEIGHBORHOOD MORTGAGE,30
"Arcadia Holdings, LLC",30
Centron Services,30
VIRGINIA HOUSING DEVELOPMENT AUTHORITY,30
U.S. Auto Sales Inc.,30
"AMA Advisors, LLC.",30
MCMC Auto LTD,30
"The Law Firm of Derek Williams, LLC d/b/a Infinite Law Group",29
Apple Financing LLC,29
TSC Accounts Receivable Solutions,29
"Lugano Capital, Inc. d/b/a Start Auto Finance",29
BYL Collection Services,29
"Scratch Financial, Inc.",29
"Consumer Legal Group, P.C.",29
BELMONT FINANCE LLC,29
STANDARD MORTGAGE CORPORATION,29
"DLC, LLC",29
Commonwealth Health Corporation,29
"Creditor's Collection Service, Inc.",29
NCSPLUS INCORPORATED,28
"CAROLINA FINANCE, LLC",28
"United Check Recovery Bureau, Inc.",28
"Ridge & Valley Realty, Inc.",28
"Recovery One, LLC",28
"Credit Bureau of York, Inc.",28
Continental Credit Control,28
Academy Mortgage Corporation,28
"Axiom Acquisition Ventures, LLC",28
"Collection Professionals, Inc. (Macomb, IL)",28
"Clasp Group, Inc.",28
"VIRTUOSO SOURCING GROUP, LLC.",28
"Panorama Mortgage Group, LLC",28
"College Foundation, Inc.",28
"Tri-State Adjustments, Inc.",28
Unlimited Progress Corp,28
Kentucky Housing Corporation,28
"Bilateral Credit Corp, LLC",28
"Slovin & Council Co., L.P.A.",28
OCEANFIRST FINANCIAL CORP.,28
"Dynamic Collectors, Incorporated",28
Texan Credit Corporation,28
Time Investment Corporation,28
"Snap Recovery, Inc.",27
"New Century Auto Sales, Inc.",27
"Stuart-Lippman and Associates, Inc",27
Opportunity Fund,27
Wealthfront Corporation,27
"Augusta Collection Agency, Inc.",27
"Benuck & Rainey, Inc.",27
Statewide Credit Services Corp.,27
"Butler and Associates, PA",27
"Commercial Trade, Inc.",27
Goldcar Lending Inc.,27
Education Principle Foundation,27
CHALLENGE FINANCIAL SERVICES,27
"Palmar, Inc.",27
"Biehl & Biehl, Inc",27
ATLANTIC BAY MORTGAGE GROUP LLC,27
"Valentine and Kebartas, Inc.",27
HIGHER EDUCATION STUDENT ASSISTANCE AUTHORITY (HESAA),27
"Moore Legal Group, LLC",27
"Resurgence Legal Group, PC",27
"Allied International Credit Corp., (US)",26
Agency of Credit Control,26
Professional Receivables Network,26
Oliver Adjustment Co.,26
"C.Tech Collections, Inc.",26
AmWest Funding Corp.,26
"FinFit Holding Co, LLC",26
"BCI FINANCIAL GROUP, INC.",26
"Jacob Law Group, PLLC",26
"NerdWallet, Inc.",26
Robinson & Hoover,26
Professional Collection Service Inc (GA),26
"GMA Investments, LLC",26
"JTM Capital Management, LLC",26
PRANCER CAPITAL CORP,26
"Burke Moore Law Group, LLP",26
Red Target LLC,26
AMERICAN ADVISORS GROUP,26
Markoff Law LLC,26
Financial Asset Management Systems Inc,25
Mar Joe Enterprises,25
Reach Financial LLC,25
"West Coast Servicing, Inc.",25
"Jonathan Neil & Associates, Inc",25
Meritize Financial Inc.,25
"CREDIT CONCEPTS, INC.",25
McKenzie Management LLC,25
Southwest Stage Funding,25
"4M Collections, LLC",25
L.B.Gray LLC A Debt Collection Agency,25
HGREG.com,25
Action Collection Service,25
ALAMEDA MORTGAGE CORPORATION,25
"DCI Credit Services, Inc.",25
Turner Acceptance Corp.,25
"Healthcare Management, LLC",25
PERDUE BRANDON FIELDER COLLINS & MOTT LLP,25
TEXAS HIGHER EDUCATION COORDINATING BOARD,25
"United Funding Logistics, LLC",25
Security National Financial Corp,25
"A-1 Premium Acceptance, Inc.",25
"MPOWER Financing, Public Benefit Corporation",25
90 Day Credit Experts,25
Total Auto Finance,25
Five Lakes Law Group PLLC,25
EA Holdings Corp.,25
"Altisource Portfolio Solutions, S.à r.l.",25
South Mississippi Collection Services Inc.,24
"Certified Solutions, Inc",24
Law Offices of Timothy M. Sullivan,24
"Danco Financial Services, LLC",24
"Makes Cents, Inc. dba Advance.Cash",24
Mendelson Law Firm,24
Overland Bond & Investment Corporation,24
"The LGM Co., Inc.",24
"Muskegon Car Credit, Inc.",24
"Auto Advantage Finance, LLC",24
"CASHCALL, INC.",24
Camino Financial Inc.,24
WESTSTAR MORTGAGE CORPORATION,24
ALPHA MIDCO INC,24
"Hauge Associates, Inc.",24
ACXIOM CORP.,24
"Savvy Money, Inc.",23
Rosenberg & Associates Recovery Services,23
"Access Credit Management, Inc.",23
NATIONS LENDING CORPORATION,23
"SettlementOne Valuation, LLC",23
Fair Capital,23
"Municipal Collections Services, Inc.",23
"Credit Consulting Services, Inc.",23
Paycheck Solutions llc,23
"Top Asset Solutions, LLC",23
"National Auto Lenders, Inc.",23
"Greeting Team, LLC DBA Customer Care Global",23
"Tennessee Credit Management, Inc",23
"AMERINATIONAL COMMUNITY SERVICES, INC.",23
Elite Recovery Group LLC,23
"eMoneyUSA Holdings, LLC",23
Business Financing Corporation,23
"The Sayer Law Group, P.C.",23
"Coast 2 Coast Financial Group, LLC",23
PLAID INC.,23
Capital Collection Management LLC,23
"The Law Offices of Kenosian & Miele, LLP",23
"Business Revenue Systems, Inc.",23
CEX.IO CORP.,23
Revenue Assistance Corporation dba Revenue Group,23
Global Credit & Collection Corporation,23
"DIME COMMUNITY BANCSHARES, INC.",23
Financial Data Systems,23
United Group Inc.,23
"Receivables Performance Management, LLC",23
Flandreau Santee Sioux Tribe,22
Trust Financial LLC,22
"Point Digital Finance, Inc.",22
"Central Mortgage Funding, LLC",22
eMortgage Funding LLC,22
"Keith D. Weiner & Associates Co., L.P.A.",22
RevNow LLC,22
Community Cash Management Corp.,22
"Compass Recovery Group, LLC",22
ASTA FUNDING INC.,22
Team Recovery Inc.,22
COINFLIP LLC,22
DAIMLER TRUCK FINANCIAL SERVICES USA LLC,22
Chainlink Services LLC,22
"Saturn Systems, Inc",22
STATE BANK OF INDIA - NEW YORK BRANCH,22
Thrift Investment Corp.,22
The Capital Good Fund,22
Credit Bureau Services of Iowa Inc.,22
UBS BANK USA,22
"Arena Investors, LP",22
"Schrier, Tolin and Wagman, LLC",22
CALCON MUTUAL MORTGAGE LLC DBA ONETRUST HOME LOANS,22
Volunteer Mortgage Loan Servicing,22
"Applied Business Services, Inc.",22
"Approve Holdings, Inc",22
"Imperial Recovery Consultants, LLC",21
State Home Mortgage,21
"Higher Education Servicing Corporation, Inc.",21
Spring Equity LLC,21
"HarrisLoftus, PLLC",21
"Motolease, LLC",21
"AAS Debt Recovery, Inc.",21
EDvantage LLC,21
"Accounts Management, Inc",21
CHRISTUS HEALTH,21
Lincoln Financial Services,21
"Barrett Financial Group, L.L.C.",21
"E-Backgroundchecks.com, Inc.",21
Airtm Inc.,21
OpenRoad Lending,21
"Big City Finance, LLLP",21
Red River Credit Corporation,21
Midwest Acceptance Corp.,21
"RSH & Associates, LLC",21
INDEPENDENCE HOME LOANS LLC,21
Yes Online Inc,21
National Financial LLC,21
"Crescent City Credit Recovery, Inc.",21
STOCKTON MORTGAGE,21
"Scratch Services, Inc.",21
"BWW Law Group, LLC",21
Dunlap Gardiner LLP,21
"Sessoms & Rogers, P.A.",20
"Wxw Investments, LLC",20
"Professional Choice Recovery, Inc.",20
"Brightwater Capital, LLC",20
Lengenuity LLC,20
Roc Capital Holdings LLC,20
"Tebo Financial Services, Inc.",20
ROYAL UNITED MORTGAGE LLC,20
Zillow Group Inc.,20
"Med-1 Solutions, LLC",20
"Rickart Collection Systems, Inc.",20
"Wildhorse Financial Services, LLC",20
"Credit Management Services, Inc.",20
Paysend US LLC,20
"Southern Financial Systems, Inc.",20
"Commerce Home Mortgage, Inc",20
"CBM Services, Inc.",20
Cactus Jacks Auto Sales,20
Rhode Island Housing and Mortgage Finance Corporation,20
"Concorde Auto Management, LLC  DBA  Concorde Auto Acceptance",20
SET Financial Corporation,20
Partners Financial Services Inc,20
"MSCB, Inc.",20
Recuvery LLC,20
FLORIDA HOME TRUST MORTGAGE,20
Global Consulting Agency LLC,20
"Lotane & Associates, P.A.",20
Veripro Solutions Inc.,20
"Greenlight Financial Technology, Inc",20
"LIVE OAK BANCSHARES, INC.",20
Lela Mae Portfolio Management Group,20
"Coinme Holdings, Inc.",20
"BREMER BANK, NATIONAL ASSOCIATION",20
"O&L LAW GROUP, P.L.",20
ADS Resolve LLC,19
"Lil' Wave Financial, Inc.",19
Everi Payments Inc.,19
Tulsa Adjustment Bureau,19
"HomeTown Lenders, LLC",19
Model Finance Company,19
"Midwest Resale Specialist, Inc.",19
"Northern Trust Company, The",19
Assured Financial LLC,19
"Ragan & Ragan, PC",19
"Rauch-Milliken International, Inc.",19
"BCG Equities, LLC",19
"Collection Management Services, Inc.",19
"Neighborhood Assistance Corporation of America (""NACA"")",19
Pacific Retrieval LLC,19
Fidem Baltimore Holdings LLC,19
"Advantage Collection Professionals, Inc.",19
"Armstrong and Associates, Inc",19
Advantage Financial Service LLC (Idaho),19
Florida Financial Management dba Lend A Dollar,19
"Gold Star Finance, Inc.",19
Island Finance Puerto Rico,19
"Apothaker & Associates, PC",19
Athena Bitcoin Inc,19
"Superior Holdings, LLC",19
"Illinois Collection Service, Inc.",19
CRESCO CAPITAL INC.,19
Circle Internet Financial,19
"Emergent Business Group, Inc.",19
Next Financial Inc. dba Copper,19
FDR Asset USA LTD,18
Bison Bucks Lending,18
"Clarity Debt Resolution, Inc",18
"ROAD Auto Finance, LLC",18
Michael Wayne Investment,18
"BYS, LLC. d/b/a Boost Your Score",18
"FIRST FINANCIAL BANKSHARES, INC.",18
Charleston Area Medical Center,18
Mathew Aaron Holdings Inc.,18
"Ballybunion Enterprises, Inc",18
"INDEPENDENT BANK GROUP, INC.",18
"Long & Foster Financial Services, Inc.",18
"MMG Law Group, PLLC",18
Global Credit Union,18
SmartCredit LLC,18
Titan Revenue Solutions,18
Lenmo Inc,18
"Stallings Financial Group, Inc.",18
"Delta Management Associates, Inc.",18
"Revenue Cycle Associates, Inc.",18
Worth Finance Corporation,18
"Cohn, Goldberg & Deutsch,LLC",18
"Lamont, Hanley & Associates, Inc.",18
"SameDay Auto Finance, LLC",18
"Kehoe Financial Group, LLC",18
"Main Line Recovery Solutions, Inc.",18
"Troy Capital, LLC",18
Recreational Holdings Corp.,18
"NFM, INC",18
"Sherloq Group, Inc",18
TRINITY HOPE ASSOCIATES,18
"TRUHOME SOLUTIONS, LLC",18
"Cash Link USA, LLC",18
KINGS CREDIT SERVICES,18
"FCC Finance, LLC",18
"Caneel Capital, LLC",18
Rocky Mountain Capital Management,18
"Alliance CAS, LLC",18
"RAB, INC.",18
"Clear Recovery, Inc.",18
"Madison Management Services, LLC",18
"Giact Systems, LLC",18
"Eastpoint Recovery Group, Inc",17
"3rd Generation, Inc.",17
Credible Labs Inc.,17
"Taproot Financial, LLC",17
American Finance LLC,17
"Loan Science, LLC",17
Finmax Smart Capital LLC,17
"MILLENNIUM FINANCIAL GROUP, L.L.C.",17
"TAYLOR MORRISON HOME FUNDING, INC.",17
"Protas, Spivok & Collins. LLC",17
"Account Management Services, Inc.",17
"Atlantic Collection Agency, Inc.",17
"INTERNAL CREDIT SYSTEMS, INC",17
Credimatico LLC,17
Cheadle Law Firm,17
"Easy Finance, LLC",17
"HABITAT FOR HUMANITY INTERNATIONAL, INC.",17
"CB1, Inc.",17
"Collection at Law, Inc. A.P.C.",17
Justice Finance Company,17
"Line Financial, PBC",17
SIERRA PACIFIC MORTGAGE,17
"Brennan & Clark, Ltd., LLC",17
"GFS, Inc.",17
"Davis & Jones, LLC",17
"First Service Residential, Nevada, LLC",17
"Tsarouhis Law Group, LLC",17
Mortgage Lenders Investment Trading Corp,17
"Portnoy Schneck, L.L.C.",17
CVB FINANCIAL CORP.,17
"CHACON AUTOS, LTD.",17
"Easier Funding, LLC",17
Allegiant Capital Recovery LLC,17
"Servion, Inc.",17
"Thomas George Associates, Ltd.",17
Quality Loan Service Corporation,17
SHABANA MOTORS,17
SecureNet Loan Services LLC,17
"Flat Branch Mortgage, Inc.",17
Stewart Information Services,17
River Heights Capital LLC,17
"Mountain Run Solutions, LLC",17
"American Credit Bureau, Inc.",17
SCS Credit Corporation,17
United Revenue Collection Service,17
Northwestern Mediation Services,17
Jana Ferrell & Associates LLC,17
GREEN ROAD FINANCE INC.,16
"Ark-La-Tex Financial Services, LLC",16
"INDUSTRIAL AND COMMERCIAL BANK OF CHINA (USA), NATIONAL ASSOCIATION",16
"Yield Solutions Group, LLC",16
Bureau of Accounts Control,16
"Stein Law, P.C.",16
"Zap Solutions, Inc.",16
"Neighborhood Capital Funding, Inc.",16
"Hiday & Ricke, P.A.",16
Groundfloor Finance Inc.,16
"NOVA Financial Holding Company, LLC",16
"Ingenuity RM, LLC",16
"Reimer, Arnovitz, Chernek &Jeffrey Co., LPA",16
"United Consumer Finance, Inc.",16
American Student Assistance,16
Ben Franklin Finance LLC,16
"Credit Center, LLC",16
Ygrene Energy Fund Inc.,16
Olympus1 LLC,16
"Alpine Credit, Inc",16
"South River Mortgage, LLC",16
"De Lage Landen Finance, LLC",16
"Stern Recovery Services, Inc.",16
MITSUBISHI HC CAPITAL (U.S.A.) INC.,16
Stratus Financial LLC,16
Stern & Stern. P.C.,16
U DRIVE ACCEPTANCE CORPORATION,16
HOME ACCEPTANCE CORPORATION,16
"AMALGAMATED TOKEN SERVICES, INC.",16
"Liberty Career Finance, LLC",16
MS SERVICES LLC,16
"HEARTLAND FINANCIAL USA, INC.",16
FMS Inc.,16
CONRAD CREDIT CORPORATION,16
"Medical Recovery Services, LLC",16
"SandP Solutions, Inc.",16
"Line 5, LLC",16
Veem  Inc.,16
Granite Edvance Corporation,16
Green Square Company LLC.,16
Regional Recovery Services,15
Lien Receivables LLC,15
"Chelseamac, LLC dba Briteside Solutions",15
"Michael Harrison, Attorney at Law",15
Enium Capital Group LLC,15
ALLIED MORTGAGE GROUP,15
London & London,15
Evergreen Financial Services Inc.,15
"American Cycle Finance, Inc.",15
ENTERPRISE FINANCIAL SERVICES CORP,15
"NATIONAL ASSET MORTGAGE, LLC",15
"Zebit, Inc.",15
First Credit Corporation,15
"KAHRS LAW OFFICES, PA",15
"Action Collection Agencies, Inc.",15
GRANDVIEW FINANCIAL SERVICES INC.,15
"Eagle Recovery Associates, Inc.",15
"Genesys National Recovery, Inc.",15
"Palisade Legal Group, PLLC",15
A-L FINANCIAL CORP,15
Allied Financial Services Inc,15
PACIFIC WESTERN BANK,15
Capital Asset Recovery INC DBA Jacobson and Wright,15
MCT GROUP INC.,15
"National Debt Holdings, LLC",15
"Midwest Service Bureau, Inc.",15
"Above Lending, Inc.",15
Reliant Financial Corporation,15
"Credit Bureau of Jamestown, Inc.",15
Collection Consultants of California,15
Palisades Funding Corporation,15
"Personal Cash Loans of SC, Inc.",15
Tenant Data Services Inc,15
"BDF Partners, PC",15
"Integrity Funding Ohio, LLC",15
ARM Professional Services LLC,15
"ACI Worldwide, Corp.",15
CountryPlace Acceptance Corporation,15
Home American Mortgage Corp,15
"E MORTGAGE MANAGEMENT, LLC",15
"Money Management International, Inc.",15
"Midwest Credit & Collection, Inc.",15
"WATERMARK CAPITAL, INC.",14
"BANKUNITED, NATIONAL ASSOCIATION",14
"BANC OF CALIFORNIA, INC.",14
Auto Credit of Virginia Inc.,14
Carma Enterprises Inc,14
Edge Home Finance Corporation,14
"Hometap Equity Partners, LLC",14
BUCKEYE FINANCIAL SERVICES OF ALLIANCE INC.,14
"The Law Offices of Frederic I. Weinberg & Associates, P.C.",14
"STERLING JEWELERS, INC.",14
Prime Recovery LLC,14
"D.S. Erickson & Associates, PLLC",14
"Local Management, LLC",14
"COLLECTION SERVICES OF ATHENS, INC.",14
"WestGen Lending, a DBA of Beckam Funding",14
"Portnoff Law Associates, Ltd.",14
"Consuegra & Duffy, P.L.L.C.",14
"Barnhall Financial Services, Inc.",14
"Waddell Serafino Geary Rechner Jenevein, PC",14
"Innovative Funding Services, L.L.C.",14
BHFC Financial Services INC,14
"Goodman Frost, PLLC",14
Allied Consulting Services LLC,14
"OCMBC, Inc",14
Concerto Card Company,14
KEYSTONE EQUIPMENT FINANCE CORP.,14
"Phoenix Health Care Management Services, Inc.",14
Sombrero Capital LLC,14
Siwell Inc,14
"Inflection.com, Inc.",14
"Mitsubishi Motors North America, Inc.",14
950 Credit Inc,14
"Buckles & Buckles, P.L.C.",14
Leaders Financial Company,14
"American Financial Resources, Inc.",14
"ASSURANCE FINANCIAL GROUP, LLC",14
Unity Asset Management,14
"Automotive Management Services, Inc.",14
"MST Financial Services, L.L.C.",14
West Central Texas Collection Bureau,14
RANGE CREDIT BUREAU INC,14
Lewis & Clark Capital LLC,14
FIRST FOUNDATION INC.,14
Unified Global Solutions LLC,14
TOLL BROTHERS INC,14
Audit & Adjustment Co. Inc.,14
Citizens Debt relief LLC,14
"New Hampshire Northeast Credit Services, Inc.",14
"Kabompo Holdings, Ltd.",14
"Professional Medical Management, Inc.",14
ACRANET INC,14
"Lefkoff, Rubin, Gleason, Russo & Williams, P.C.",14
"TRUEBILL, INC",14
"The Nguyen Law Firm, PLC",14
"Splash Financial, Inc.",14
"IDT Telecom, Inc",14
"Exodus Movement, Inc.",14
Plastiq Inc.,14
Primus Law PC,14
Funding Metrics LLC,14
"Vanguard Financial Services, Inc.",13
APG Financial Inc,13
"Child Support Recovery Services, Inc.",13
"UNIFOUR FINANCIAL SERVICES, LLC",13
Expert Credit Sweeps,13
Debt Solutions LLC,13
Sterling Credit Corp.,13
Northstar Legal Group LLC,13
"Pinnacle Credit Services, LLC",13
"The Lueder Law Firm, LLC",13
"Adonis Auto Group, LLC",13
"Rosegate Mortgage, LLC",13
"Finance System of Toledo, Inc.",13
"Law Offices of Robert A. Schuerger Co., LPA",13
Titan Solutions Group LLC,13
Easyknock,13
"Credit Technology, Inc.",13
"Live Oak Financial, Inc",13
"EMG ACQUISITION GROUP, LLC",13
GOLD STAR MORTGAGE FINANCIAL,13
"Churchill Holdings, Inc.",13
WOOD FINANCE INC DBA PREMIER ACCEPTANCE,13
TENET HEALTHCARE CORPORATION,13
"Omni AR, LLC",13
Friendly Finance Corporation,13
"MCU Holdings, LLC",13
"FirstCash, Inc.",13
IPAC'S Inc.,13
Smart Finance Inc dba Fishtail Financial,13
"Credit Clearing House of America, Inc.",13
"Peritus Portfolio Services II, LLC",13
"UNIVERSAL COLLECTION SYSTEMS, INC",13
"Riverview Law Office, PLLC",13
"American Collection Systems, Inc.",13
T2 Financial LLC,13
"Parkway Financial Group, LLC",13
"NEXBANK CAPITAL, INC.",13
NEW YORK STATE HIGHER EDUCATION SERVICES CORPORATION (HESC)—,13
"Blend Labs, Inc.",13
"TriPoint Lending, LLC",13
"Fleet Financial, Inc.",13
COLLECTIONS UNLIMITED OF TEXAS INC,13
"National Finance Company, Inc.",13
"Credit Bureau Data, Inc.",13
"Advantage Auto Sales, Inc.",13
"Law Offices of Robert S. Gitmeid & Associates, PLLC",13
"Caribou Financial, Inc.",13
"Kiavi, Inc.",13
Windham Equity Company,13
UNITED CREDIT CORP. OF SOUTHAVEN,13
"Gitsit Solutions, LLC.",13
"GUARDIAN CAPITAL MANAGEMENT HAWAII, LLC",13
"Modlin Slinsky, P.A.",13
"Klover Holdings, Inc.",13
"Butler, Butler & Rowse-Oberle, P.L.L.C.",13
"Aubrey Thrasher, LLC",13
"Trott Law, P.C.",13
Universal Fidelity LP,13
"August Real Estate Investments, LLC",13
Accelerated Receivables Solutions,13
TOTAL MORTGAGE SERVICES LLC,13
"TRANSCARD, LLC",13
STATEWIDE AUTO SALES,13
"Lima One Capital, LLC",13
"EAGLE BANCORP, INC.",13
On Q Financial,13
Sklar Law LLC,13
"American Management Services, Inc.",12
"WVH, LLC",12
Greenwood and Allen Financial,12
"Southern Credit Adjusters, Inc.",12
WATERSTONE MORTGAGE CORPORATION,12
"Global Asset Agency, Inc.",12
Collection Bureau of Walla Walla,12
"BAY COUNTRYCONSUMER FINANCE,INC.",12
2233 Paradise Road LLC,12
Modoc Tribe Financial Services Authority,12
Financial Network Recovery Inc,12
"PACE Funding Group, LLC",12
"Valley Credit Service, Inc. (OR)",12
"Bernhardt and Strawser, P.A.",12
Accounts Receivable Inc.,12
Nations Info Corp,12
Lacy Katzen LLP,12
"KILOWATT FINANCIAL, LLC, A SPRUCE FINANCE COMPANY",12
"Financial Filing & Reporting, Inc.",12
"GCFS, INC.",12
"Champions Funding, LLC",12
"Cohen & Cohen Law, LLC",12
Independent Savings Plan Co.,12
"CREDIT BUREAU OF NAPA COUNTY, INC.",12
Franklin Financial  Corporation,12
"Accredited Collection Service, Inc.",12
"PMT Solutions, LLC.",12
Pappas Hayden Westberg & Jackson PC,12
"Computer Credit, Inc.",12
"Hollins & McVay, P.A.",12
WEBULL PAY HOLDINGS (US) INC,12
"FIRST COMMUNITY MORTGAGE, INC.",12
"Sprechman & Associates, P.A.",12
Peoples Financial Corp.,12
Moneytree Inc,12
Armcon Corp,12
"Celebrity Financial, Inc.",12
"Burns Auto Credit, LLC",12
Sound Collection Services,12
"CFAM Financial Services, LLC",12
" Lippman Recupero, LLC",12
"Equity Sales Finance, Inc.",12
Capital Recovery Corporation,12
"Doyle & Hoefs, LLC",12
Granite Bay Acceptance Inc.,12
"West Capital Lending, Inc.",12
"Creditors' Protection Service, Inc.",12
Revolution Financial Inc.,12
"Creative Finance, Inc.",12
Rodenburg LLP,12
"Credit Collections U.S.A., L.L.C.",12
"Certified Services, Inc.",12
Monevo Inc,12
"Professional Claims Bureau, Inc.",12
Dividend Finance Inc.,12
"TexCap Financial, LLC",12
"Healthcare Collections-I, LLC",12
Metacorp LLC,12
Keystone Law LLC,12
"Financial Freedom Group, LLC",12
UMPQUA HOLDINGS CORPORATION,12
Union Credit Corporation,12
BEAL FINANCIAL CORPORATION,12
"CDI Affiliated Services, Inc.",12
"Star Loans of Texas, Inc.",12
"DEBT 0, INC",12
"MEMBER FIRST MORTGAGE, LLC",12
"Summit Collection Services, Inc.",12
LCB Rent Reporting Ltd.,12
Central Collection Corporation,12
Range View Management LLC,11
"Center Street Finance, LP dba CSF Servicing",11
"CDS Debt Relief, LLC",11
Home Credit Corp. Inc.,11
"iQuantified Management Services, LLC",11
"TNT Financial, Inc.",11
FIRST CREDIT FINANCE,11
CSO Financial,11
OKCoin USA Inc.,11
"Kingston Financial, LLC",11
GREATER SUBURBAN ACCEPTANCE CORPORATION,11
"Real Estate Equity Exchange, Inc. d/b/a Unison",11
Kitch Acceptance Corp.,11
"ZINC Financial, Inc.,",11
SILVERGATE CAPITAL CORPORATION,11
"AUTO MARKET OF FLORIDA, CORP",11
Top Line Collectors LLC,11
Hirshberg Acceptance Corporation,11
Schukei Chevrolet Volkswagen,11
"NCS, Inc",11
CBV Collection Services Ltd.,11
Creditly Corp.,11
"Pinebrook Holdings, LLC",11
"Asset Recovery Group, Inc.",11
"Landmark Strategy Group, LLC",11
"Paragon Subrogation Services, Inc",11
"Southern Credit Recovery, Inc.",11
Allen & Withrow,11
RUOFF MORTGAGE,11
SFMC L.P.,11
"Winthrop Financial Resources, LLC",11
"Heavner, Beyers & Mihlar LLC",11
"Results Unlimited, Inc.",11
Lazega & Johanson LLC,11
"Student Loan Solutions, LLC",11
"BMANSOL Intermediate Holdings, Inc.",11
"RGL Associates, Inc.",11
"Affiliated Collection Services, LLC",11
"Blakely-Witt and Associates, Inc.",11
"Preferred Collection and Management, Inc.",11
Saint Services LLC,11
"Premier Recovery Services, LLC",11
"60 Month Loans, Inc.",11
MORTGAGE 1 INCORPORATION,11
First Bancorp North Carolina,11
"Insikt, Inc.",11
FIRST REPUBLIC BANK,11
"Cornerstone First Mortgage, Inc.",11
"Fold, Inc.",11
ALCAR INC.,11
"First Texas Auto Credit, Inc.",11
Washington Trust Bank Financial Corporation,11
"Madison Auto, LLC",11
"RSVP Lending, LLC dba RSVP Loans",11
AG AH LLC,11
"OM Financial, LLC",11
Bay Equity LLC,11
Bayside Credit,11
Sports & Imports Auto,11
"Cannon Finance, Inc.",11
"Family Choice Financial, Inc.",11
CHOICE CAPITAL FUND,11
"Cash Time Title Loans, Inc.",11
Elite Legal Practice PC,11
Main Resolution Group,11
"NEW WORLD COLLECTIONS, INC.",11
"The Commercial Collection Corporation of New York, Inc.",11
Leif Technologies Inc.,11
"Reliable Auto Finance, Inc.",11
Automated Accounts Management Services,11
"Jenkins, Wagnon & Young, P.C.",11
"International Recovery Associates, Inc.",10
We Collect Inc,10
Payment Resolution Services,10
National Capital Solutions,10
"Carter Business Service, Inc.",10
"Recovery Partners, LLC",10
"Collection Service Center, Inc.",10
"Capital Credit and Collection Service, Inc.",10
"Unlock Technologies, Inc.",10
"Parnell Law Group, LLC",10
"Quick Bridge Funding, LLC",10
"Full Circle Financial Services, LLC",10
"Fresh Start Funding, LLC",10
"Western Mercantile Agency, Inc",10
NETWORK CAPITAL FUNDING CORP,10
"Certified Bureau of the South, Inc",10
S.B.S. Trust Deed Network,10
PRIORITY PLUS FINANCIAL LLC,10
"AUDIT SYSTEMS,INC",10
BHA Services,10
"Arnold Scott Harris, P.C.",10
"Hodosh, Lyon & Hammer, PC",10
"THRIVE MORTGAGE, LLC",10
"Lending Force, LLC",10
CapitalCredit LLC,10
"Time Investment Company, Inc.",10
Keystone Credit Services LLC,10
"Prizm Financial Company, LLC",10
Judgment Acquisitions Unlimited Inc,10
700 Credit Experts,10
"ACCELERATED COLLECTION SERVICE, INC",10
"Roach & Murtha, P.C.",10
LEADER ONE FINANCIAL CORPORATION,10
"Trustly, Inc.",10
"MacDowell & Associates, Ltd.",10
Universal Envoy Corporation,10
VANDYK MORTGAGE CORPORATION,10
Next Level Finance Partners  LLC,10
The Cherrington Firm PLLC,10
"Modern Asset Management, Inc.",10
"Kind Holdings, LLC",10
SOUTHWEST COLLECTION SERVICES INC.,10
"EQUITY RESOURCES, INCORPORATED",10
PACIFIC CAPITAL EXCHANGE,10
Auto Buyers Credit LLC,10
"A+ Loans, Inc.",10
Snow and Sauerteig LLP,10
"Finance System of Green Bay, Inc.",10
"AUTO FINANCE USA, LLC",10
White Jacobs & Associates,10
"Southwood Financial, LLC.",10
Brown’s New Credit Bureau Inc.,10
"ALLSTATE LENDING GROUP, INC",10
Kason Credit Corporation,10
"Tona Mortgage, LLC",10
NATIONS RELIABLE LENDING LLC,10
"LPI, INC.",10
B&F Finance Corp.,10
Swe Homes LP,10
Hughes Finance,10
BIYING Inc,10
"Chek Cash, Inc.",10
Informative LLC,10
AdvantageFirst Lending Inc.,10
BROADVIEW MORTGAGE CORPORATION,10
"Columbia Collection Service, Inc.",10
ALL WESTERN MORTGAGE,10
"Financial Solutions Group, LLC",10
"JOHN GIBSON AUTO SALES, INC.",10
REMAX,10
NORTHERN HILLS COLLECTIONS INC.,10
"Kwikcash, Inc.",10
"Zendable, Inc.",10
"Auto Acceptance, LLC",10
STELLAR BANCORP INC.,10
BCI FINANCIAL,10
"Mary Jane M. Elliott, P.C. Attorneys At Law",10
ECredable,10
Faloni Law Group,10
WEICHERT FINANCIAL SERVICES,10
AMERICAN FINANCING CORPORATION,10
"City Enterprises, LLC",10
"A.C.S. Companies, Inc. I",10
Toyota Credit De Puerto Rico Corp.,10
Niagara Central Revenue,10
"North Shore Equities, Inc.",10
"Accelerated Portfolio, Inc.",10
ACCESS GROUP INC.,10
Evergreen Moneysource Mortgage Company,10
"CredHub, Inc",10
"Lanier Law Firm, LLC",10
Mezcal Corporation,10
"French Financial, Inc.",10
Pathfinder Credit Services,10
Fradkin & Weber PA,10
Collectibles Management Resources,10
"Triton Management Group, Inc",10
"Commercial Industries Services Company, Inc.",10
"Soja Management Services, LLC",10
STAR ONE CREDIT UNION,9
"Michigan Mutual, Inc.",9
South Carolina State Housing Finance and Development Authority,9
ABSOLUTE CREDIT  LLC,9
HOMESTAR FINANCIAL CORPORATION,9
"POM Recoveries, Inc.",9
"Kass Shuler, P.A.",9
"Frontier Consumer Law Group, LLC",9
"Retrieval-Masters Creditors Bureau, Inc., Elmsford, NY Branch",9
"Financial Recoveries, Inc.",9
LOAN SIMPLE INC.,9
Pharus Funding LLC,9
"Pro Com Services of Illinois, Inc.",9
KCB Credit LLC,9
"New Century Financial Services, Inc.",9
"FirstKey Holdings, LLC",9
"Wheels of Chicago, Inc.",9
American Location Specialists,9
"Century Finance, Inc.",9
Chaparral Inc,9
AmOne Corp.,9
Columbia Collectors Inc,9
Mortgage One Funding LLC,9
"LUKE, JOHNSON & LEWIS LLC",9
"Medical Society Business Services, Inc.",9
Marine One Acceptance Corporation,9
"Law Office of James R. Vaughan, P.C.",9
"Credit Bureau of Council Bluffs, Inc DBA Credit Information Systems",9
"GAMACHE & MYERS, PC",9
Credee Corporation,9
Sher & Shabsin PC,9
Celsius US Holding LLC,9
Turnbull Law Group,9
"Capital Alliance Financial, LLC",9
"Equity Auto Finance, Inc.",9
Courtesy Finance LLC,9
USForex Inc.,9
"Imperium Lending, LLC",9
"Creditech, Inc.",9
Illinois Collections Inc,9
"Tiffany & Bosco, P.A.",9
Houston Finance Co.,9
"Citizens Savings & Loan Corporation, Chattanooga, TN Branch",9
"NCC Holdings, LLC",9
"Collection Resources, Inc.",9
"AutoMoney, Inc.",9
eCon Credit LP,9
Credit Wellness LLC,9
"Kovitz Shifrin Nesbit, A Professional Corporation",9
CashMax LLC,9
ADESA CORPORATION,9
"Fairway Collections, LLC",9
"Amcap Investments, LLC",9
Atlantic Discount Corporation dba Atlantic Financial Services,9
E Mortgage,9
HIGHLANDS RESIDENTIAL MORTGAGE,9
"Check City Partnership, LLC",9
"SUMMIT FUNDING, INC.",9
"Advanced Recovery Systems, Inc.",9
"NIC, Inc.",9
CrediautoUSA Financial Company LLC,9
"Newman, Hesse & Associates, P. A.",9
Oklahoma Motor Credit Company,9
"Cedar Holdings, Inc.",9
"G&P Enterprises, LLC",9
Clearview Resolution Services,9
Tater Inc.,9
BROCKELBANK INC,9
"PAID IN FULL, INC.",9
National Management Recovery Corp. (NMRC),9
Bankers Auto Acceptance,9
Direct Cash LLC,9
"Credit Resolutions, LLC",9
"RAM America, Inc",9
Consolidation Capital,9
Patrick K Willis Company Inc,9
Zenith Financial Network Inc,9
"American Revenue Management, Inc.",9
"Yakima County Credit Service, INC",9
American Lending Finance,8
"Federal Cash Advance, LLC of Oklahoma",8
Crossroads Systems Inc.,8
"Orion Portfolio Services, LLC",8
EIC Enterprises,8
"Collection Services, Inc.",8
"Intermex Wire Transfer, LLC",8
Bayview Solutions LLC,8
"Crown Holdings, LLC",8
"Harvest Strategy Group, Inc.",8
McKenzie Paul & Associates,8
United Built Homes LLC,8
CUILA LLC,8
"M/I Homes, Inc.",8
Southeast Investment Corp,8
"Debt Direct Portfolio Management, LLC",8
"COMMERCIAL SERVICES GROUP, INC.",8
"Works & Lentz of Tulsa, Inc.",8
"Action Revenue Recovery, LLC",8
CRE Credit Services,8
Credit Bureau Services Inc.,8
"Apoyo Financiero, Inc.",8
"True Link Financial, Inc.",8
Ricart Financial Services,8
"American International Finance, Inc.",8
"Kenneth, Eisen & Associates, LTD.",8
"Financial Asset Management, Inc.",8
"Melar Investments, LLC",8
Grey Inc,8
"PRIMAVERA FINANCIAL, INC.",8
CreditWorks LLC,8
"Relin, Goldstein & Crane, LLP",8
"INTEGRAL RECOVERIES, INC.",8
Bell Global Services LLC,8
"PATRICK A. CAREY, P.A.",8
"PRG Ventures, Inc",8
"Advantage Plus Credit Reporting, Inc.",8
"Optimum Outcomes, Inc.",8
"Automotive Leasing Specialists, L.L.C.",8
"NATIONAL FUNDING, INC.",8
"Dean Morris, L.L.P.",8
Steel Lending Group LLC,8
"JSZ Financial Co., Inc.",8
"McCarthy & Holthus, LLP",8
"Finkelstein, Kern, Steinberg & Cunningham, PC",8
Strauss Factor Laing & Lyons,8
Bear Claw Lending dba Lucent Cash,8
"American Heritage Lending, LLC",8
"AMERIFIRST FINANCIAL, INC.",8
"Lakeview Law Group, PLLC",8
"ACQ Holdings, LLC.",8
"Statewide Tax Recovery, LLC",8
"Bursey & Associates, P.C.",8
"Expanse Financial Technologies, Inc. f/k/a Prepaid Ventures, LTD",8
Tesani Management Inc,8
"Money Stash, L.L.C.",8
National Check Resolution Inc.,8
"BH Financial Group, LLC",8
"Ragan & Ragan, P.C.",8
"Credit Solutions, LLC (KY)",8
STATE STREET BANK AND TRUST COMPANY,8
"OHara Holdings, LLP",8
"Celentano, Stadtmauer & Walentowicz, LLP",8
"DAS ACQUISITION COMPANY, LLC",8
"Eagle Accounts Group, Inc.",8
"Quality Recovery Services, Inc.",8
United Mortgage Lending LLC,8
"Gemini Direct LLC, dba Credit Innovation Group",8
Michael G. Niles,8
VIAMERICAS CORPORATION,8
State Finance Company,8
Start Connecting dba USA Student Debt Relief,8
Municipal Collections of America Inc.,8
"Independent Dealers' Advantage, LLC",8
Landmark Collection Services Inc.,8
Weimark,8
Richland Bureau of Credits Medical Service Bureau Inc.,8
Mankin Law Group,8
"NETWORK FUNDING, L.P.",8
"Surf Consultants, Inc.",8
"Neighborhood Autos, LLC",8
"Meade Recovery Services, LLC",8
"Nair & Levin, P.C.",8
"U.S. Equity Advantage Holdings, Inc.",8
DRIVE NOW ACCEPTANCE LLC,8
"OLD REPUBLIC TITLE HOLDING COMPANY, INC",8
NAFCO Finance,8
"Clarkson Law Firm, LLC",8
Quall Cardot LLP,8
"SERVISFIRST BANCSHARES, INC.",8
"NATIONWIDE MORTGAGE BANKERS, INC.",8
"Knight & Hooper, PLLC",8
EMBRACE HOME LOANS,8
Reliance Motor Credit LLC,8
"Overton, Russell, Doerr and Donovan, LLP",8
"CBA of GA, Inc.",7
"Mark A. Kirkorsky, PC",7
"SUCCESS MORTGAGE PARTNERS, INC",7
Advanced Recovery Group LLC,7
"Weber & Associates, Inc.",7
"Car Credit Finance, LLC",7
"Presto Loan Center, LLC",7
Astra Business Services,7
"Durrett Motor Company, Inc.",7
Ghidotti | Berger LLP,7
Foxstar Energy Resources LLC DBA Federal Student Loans Council,7
"TaxServ, LLC",7
LAKEVIEW LENDING LLC,7
"Array US, Inc",7
"JH Portfolio Debt Equities, LLC",7
"JHL, LLC",7
Pacific Rim Alliance Corporation,7
Milestone Parrish LLC,7
"Cloud Willis & Ellis, LLC",7
"Rock Creek Capital, LLC",7
AR Solutions Inc,7
Controlled Credit Corporation,7
AUTO CREDIT USA,7
"Professional Bureau of Collections of Maryland, Inc., GREENWOOD VILLAGE, CO Branch",7
Arco Collection Services LLC,7
"Coastal Capital Processing, LLC",7
"RANLife, Inc.",7
Gotham Collection Services Corp.,7
Redfin Corporation,7
"Location Services Holdings, LLC",7
"Nagle & Zaller, PC",7
LL Services Parent LLC,7
PROPEL FINANCIAL SERVICES LLC,7
"Lyon Collection Services, Inc",7
Royalty Management Corporation,7
"SW Linear Investment Group, LLC",7
JAMES B. NUTTER & COMPANY,7
Flat Six Holdings Inc.,7
"CBK, Inc.",7
EUSTIS MORTGAGE CORPORATION,7
"Wheel City Motors East, Inc.",7
"Dennis Dillon Auto Park and Truck Center, Inc.,",7
Lendtable Inc.,7
Western Management Consultants,7
"Account Recovery Specialists, Inc.",7
TH Professional & Medical Collections LTD,7
"FIRST METROPOLITAN FINANCIAL SERVICES, INC.",7
Asset Collections Inc,7
Senex Services Corp.,7
"Doxo, Inc.",7
Credit Repair Anywhere,7
Ameritan Group Services,7
Embassy Loans,7
Khoury Alternative Claims Management,7
"MUSA Holdings, LLC",7
"Collection Bureau Services, Inc.",7
"Donut, Inc.",7
"Crabtree Law, PA",7
"Larsen & Associates, P.L.",7
Merchants Credit LLC,7
"Capital Recovery Systems, Inc.",7
"NEU Money, Inc.",7
"Henley, Lotterhos & Henley, PLLC",7
ClearPath Lending,7
Upstate Remedial Management Inc,7
"TJC Mortgage, Inc.",7
EXCEL FINANCE COMPANY,7
"BUDGET CONTROL SERVICES, INC.",7
"Miguel A. Maza & Associates, PSC",7
RAYMOND JAMES BANK,7
Alliant Cooperative Data Solutions,7
"Double Diamond-Delaware, Inc.",7
General Credit Services,7
Rapid Home Lending Inc.,7
McMichael Taylor Gray LLC,7
Golden Entropy Marketing Inc,7
"NexGen Proceed, LLC",7
"Main Street Holdings, Inc.",7
"Parnell & Parnell, PA",7
TDN Acquisition Corporation,7
Deatrick & Spies PSC,7
Zachter PLLC,7
"Stone Creek Financial, Inc",7
I.A.C. INC,7
SOUTHEAST MORTGAGE OF GA INC,7
"BitGo Holdings, Inc.",7
"QuickClick Loans of Illinois, LLC",7
"Kahn, Dees, Donovan & Kahn, LLP",7
TOP FLITE FINANCIAL INC,7
Stone Higgs & Drexler,7
COMMUNITY REINVESTMENT FUND,7
"Kaman & Cusimano, LLC",7
Access Loan Services Inc.,7
CONTOUR MORTGAGE CORPORATION,7
"Chaplin & Papa, P.C.",7
"TESORO FINANCIAL, LLC",7
"Accord Business Funding, LLC",7
"Harmon Law Offices, P.C.",7
"JMC Leasing Specialties, LLC",7
First Consumers Financial LLC,7
Lawson Hamilton & Associates,7
"Credit Union Mortgage Association, Inc.",7
DCN Holdings Inc.,7
BID SOLUTIONS LLC,7
"Pintor Partners, LP",7
"AMERICAN BANCSHARES MORTGAGE, LLC",7
"Millsap & Singer, LLC",7
"JMS Associates, Inc.",7
Breit Investment,7
"New Era Asset Management, LLC",7
Colony Ridge Inc.,7
"Coast2Coast Mortgage, LLC",7
"Pennsylvania Auto Credit, Inc.",7
Riverwalk Financial Corporation,7
Minnesota Office of Higher Education,7
Nickel City Group LLC,7
"Pinata Rent, Inc",7
Makower Abbate Guerra Wegner Vollmer PLLC,7
"Camelot Financial Services, Inc.",7
Accounts Receivable Services,7
Bronstein & Weiss Arbitration,7
Cass & Associates,6
Creditor Advocates Inc,6
First Choice Assets LLC.,6
"Rubin & Debski, P.A.",6
Clayton Holdings LLC,6
Middle Georgia Management Services,6
"DMB Financial, LLC",6
Nexera Holding LLC,6
"Managed Recovery Systems, Inc.",6
National Default Servicing Corporation,6
"Allied Capital Management, Inc.",6
"IMPAC MORTGAGE HOLDINGS, INC.",6
"Southern Loans, Inc.",6
"Salander Enterprises, LLC",6
"Premier Mortgage Resources, LLC",6
Amos Financial LLC,6
"CERTIFIED COLLECTORS, INC.",6
Becker and Poliakoff,6
"Allied Collection Service, Inc. (Indiana)",6
CFW Holdings LLC,6
Ashwood Financial Inc,6
"Szuba & Associates, PLLC",6
DebtEaze,6
SC Opportunity Fund LLC,6
Receivables Management Corporation of America,6
ABC Credit & Recovery Services Inc.,6
Next Door Lending LLC,6
Manley Deas & Kochalski LLC,6
Buffalo Auto Acceptance Corp.,6
"Miller and Steeno, P.C.",6
Hanna Holdings Inc,6
Instarem PTE Limited,6
Roycroft Management,6
"Mirand Response Systems, Inc.",6
Quick Debt Services LLC,6
Old Republic National Title Holding Co.,6
"ThunderRoad Financial, LLC",6
"Rodriguez Fernandez Law Offices, LLC",6
"Red White and Blue Autos, Inc.",6
"Forward Funding Group, Inc.",6
"Robert W. Warner & Associates, P.C.",6
Lenox Financial Mortgage Corporation,6
"Rhodes, Kelly Assoc Inc",6
"First National Auto Sales, Inc",6
"The Allen Daniel Associates, Inc.",6
"Flatonia Investments, LLC",6
"GreenPath, Inc.",6
"MEDCAH, Inc.",6
"AutoBank Financial, LLC",6
CFS ACCEPTANCE,6
Assured Financial Partners,6
Integrity Financial Corp. DBA US Loan Servicing,6
"Cherry Creek Corporate, LLC",6
Integra Auto Capital,6
"Walwick, Inc",6
Bella Sloan Enterprises,6
HFS Financial LLC,6
"Capital Eleven Auto, LLC dba Capital Auto Loan",6
"Elite Financial Services, Inc.",6
"General Recovery Services of WV, Inc.",6
"Statewide Mortgage, LLC",6
"Verified First, LLC",6
"Credit & Collection Recovery Services, Inc.",6
Student Loan Direct,6
US MORTGAGE CORPORATION,6
Trusted Mortgage Capital Inc,6
"Peterson Enterprises, Inc.",6
Lightning Mortgage Holding Company Inc,6
Rock Holdings Inc.,6
"Bastion Consumer Funding I, LLC",6
"Vinci Law Office, LLC",6
Ardmore Finance Corporation,6
Procollect Services LLC,6
"Lendsmart, Inc.",6
Merchants Automotive Group LLC,6
"AXIA FINANCIAL, LLC",6
The Cadle Company,6
PRIMERA FINANCIAL CORP.,6
Wave Financial USA Inc.,6
MIRACLE FINANCE LTD,6
"CJA Auto Sales, Inc.",6
R&M Marketing Associates LLC,6
"Mammoth Tech, Inc.",6
Certified Recovery Inc,6
SL Finance LLC,6
"Emmett L. Goodman, Jr., LLC",6
"BQ & Associates, P.C., L.L.O.",6
Advise Solutions Services LLC,6
The Judgment Group,6
PAY-O-MATIC,6
AE Tradings Inc,6
"Rogers, Carter & Payne, LLC",6
"Blackstad, Hrabe, Kirlorsky, LLC",6
"The Levinbook Law Firm, P.C.",6
"Accounts Receivable Management, Inc",6
MANN FINANCIAL INC.,6
Southwest Mediation Service,6
Vermont Student Assistance Corporation,6
"Metallicus, Inc.",6
AIH Receivables Management Inc.,6
"Trojan Professional Services, Inc.",6
Courtesy Loans of Oklahoma LLC.,6
Awar Holding Inc.,6
HKM and Associates,6
"Bonded Business Services, Ltd.",6
"C & M Associates Group, Inc.",6
Cliff Lending Inc. d/b/a Advance Loan Solutions,6
"Credit Collection Partners, Inc.",6
"Caddis Funding, LLC",6
MORTGAGE INVESTORS CORPORATION,6
"Prodigy Finance Servicing, LLC",6
"RCN Capital, LLC",6
"Delivery Financial Services, LLC",6
"Unique Management Services, Inc",6
"Prohealth Care, Inc",6
"LPH, Inc.",6
Tiffany & Tiffany PLLC,6
"Mid-America Accounts Control Bureau, Inc.",6
"CREDIT BUREAU OF LEWISTON-CLARKSTON, INC",6
"NEW IMAGITAS, INC",6
"CHECK CASHIERS, INC.",6
VIN Title LLC d/b/a Discount Title Loan,6
"Tomo Networks, Inc.",6
"GRIFFIN FUNDING, INC.",6
Northwest Collectors Inc.,6
ICUL Service Corporation,6
Express Enrollment LLC,6
"WMC MORTGAGE, LLC",6
"New Southern Loans, Inc",6
"Geneva Financial, LLC, Chandler, AZ Branch",6
Gross Polowy LLC,6
Premier Account Management,6
"Caliver Beach Mortgage, LLC",6
Southwest Acceptance Finance Co,6
Interstate Credit Control,5
Supreme Solutions,5
"Galt Financial Solutions, LLC",5
"MCS CLAIMS SERVICES, INC",5
"Credits, Incorporated",5
"Capstone Capital USA, LLC",5
Ascension Recovery Management,5
"Zeus Mortgage, Ltd.",5
Cohn & Dussi LLC,5
Castle Mortgage Corporation dba Excelerate Capital,5
Falls Collection Service Inc.,5
Jupiter PreOwned Sales LLC,5
"RNN Group, Inc",5
"UNITED FIDELITY FUNDING, CORP",5
N26 Inc.,5
Finance of America Mortgage LLC,5
"Morgan & Associates, P.C.",5
"Qualey Law Group, Inc.",5
"CLAYTON AUTOS, INC",5
"Halliday, Watkins & Mann, P.C.",5
Sierra Holdings LLC,5
ATM OPS INC,5
UNITED MORTGAGE CORP,5
"Lend You Cash, Inc",5
Discovery Auto Sales LLC,5
ARTICLE ACCEPTANCE COMPANY,5
"Dolliemac, LLC dba Elite Document Management Solutions",5
"R&R Professional Recovery, Inc.",5
Core Capital Lending LLC,5
"Stephen L. Bruce, P.C.",5
"Leachman Law, P.C.",5
"Rental Kharma, Inc",5
"VERITAS FUNDING, LLC",5
Currencies Direct Inc.,5
Lexington Capital Holdings LTD,5
Hawk Inc,5
"Spero Solutions, Inc.",5
"Choice Money Transfer, Inc.",5
"Bonial & Associates, P.C",5
Innovative Strategic Solutions,5
Federal Trade Commission,5
INTERCONTINENTAL CAPITAL GROUP,5
OCEANSIDE MORTGAGE COMPANY,5
PDQ Check Exchange LC,5
Broward Adjustment Services,5
"Bizcorp, LLC",5
"K. HOVNANIAN AMERICAN MORTGAGE, LLC",5
"ShoulderTap Technologies, Inc. d/b/a Fizz",5
"Jon B. Sage, P.A. dba Sage Law Offices",5
"Collection Bureau of Little Falls, Inc.",5
"SACOR FINANCIAL, INC",5
Medical-Dental-Hospital Bureau of San Antonio,5
NTFN INC.,5
Homespire Mortgage Corp,5
"VERITEX HOLDINGS, INC.",5
Premier Lending Corp,5
"Credit Bureau of Bessemer, Inc",5
General Mortgage Capital Corporation,5
"Ovation Financial Services, LLC",5
"Rapid Investments Holdings, Inc",5
Polk Auto Finance Inc,5
Financial Warranty LLC,5
Texan Financial Services Inc,5
South Carolina Student Loan Corp,5
"Friedman, Framme & Thrush, P.A.",5
"WALLICK AND VOLK, INC",5
Luckmore Finance,5
South East Collection Specialist,5
USA Service Finance LLC,5
Credit Services of Michigan,5
Summit Horizon Financial Services,5
"DSW Carolina, LLC d/b/a Resource Services",5
Moon Inc.,5
"Go Companies, LLC",5
Capital Servicing Group,5
"HARBORONE MORTGAGE, LLC",5
AmNet ESOP Corporation,5
"ADVISORS MORTGAGE GROUP, LLC",5
SSRM,5
"Bessine Walterbach, LLP",5
"CAPITAL RESOURCE MANAGEMENT, INC.",5
"Bayside Recovery Services, Inc.",5
"Direct Mortgage Loans, LLC",5
"Mid-Atlantic Solutions Holdings, LLC",5
"PASCO, Inc",5
Amigos Préstamos,5
Helbing Law Group,5
"Simpson Law Firm, P.A.",5
CONTRACT RESOLVE GROUP LLC,5
Smith & Smith Investors LTD,5
"Central Professional Services, Inc.",5
DEBT CREDIT SERVICES,5
"Independent Recovery Resources, Inc.",5
"3G+1, Inc. dba California Auto Finance",5
Revenued LLC,5
"Apex Funding Group, Inc.",5
C2 Financial Corporation,5
Dodge Enterprises Inc.,5
Hawes Klein LLC,5
"RN Financial, LLC",5
Secure One Financial Inc.,5
"Williams, Alexander & Associates, Inc",5
Earm LLC,5
"First Southwestern Financial Services, LLC",5
EdAid Limited,5
Action Finance Inc.,5
Local Finance LLC,5
Lake City Credit,5
APPLE RECOVERY SERVICES CORP,5
INTERFIRST MORTGAGE COMPANY,5
Allies for Community Business,5
Law Office of Linda Strumpf,5
"M & S FUNDING, INC.",5
MORTGAGE INVESTORS GROUP,5
"Winona Holdings, Inc.",5
"Pomelo International, Inc",5
SBG Financial,5
"Temple View Capital Funding, LP",5
MEGASTAR FINANCIAL CORP,5
Edward F Bukaty III,5
Nala Payments LLC,5
"STL HOLDING COMPANY, LLC",5
"Professional Credit Analysts of MN, Inc.",5
The Law Firm of Krisor & Associates,5
Bell Global Solutions LLC,5
"MORTGAGE CENTER, LC",5
"DynaGen Lending, LLC",5
"Omnex Group, Inc.",5
Lending Tower LLC,5
SAMUEL I WHITE PC,5
Panamerican Consulting,5
"Inter & Co Payments, Inc.",5
Get Financed LLC,5
RRD Financial LLC,5
"Smith Carroad Wan & Parikh, P.C.",5
RMA Credit Association,5
"Dirick, Inc.",5
Grimley Financial Corporation,5
SOLERA LLC,5
"Central Credit Audit, Inc.",5
"CCB Credit Serivces, Inc",5
NERD SOLUTIONS INC,5
"Consolidated Management Group, LLC",5
"James E. Albertelli, P.A., a Florida professional association",5
Law Office of Harris & Zide,5
Century Debt Solutions Inc.,5
Richard Stone & Associates,5
HOMEOWNERS FINANCIAL GROUP USA,5
"Buffaloe & Associates, PLC",5
"Sykes,Bourdon,Ahern & Levy, P.C.",5
Cambrian Group,5
Ceannate,5
"Glennon Law Firm, LLC",5
Sierra Credit Corp,5
Evident Capital LLC,5
"Francy Law Firm, P.C.",5
"Innovative Collections, LLC",5
"SF-ALP, LLC",5
Montgomery County Credit Bureau,5
Asset Complaint Solutions,5
Tan Oak Financial,5
"Consolidated Auto Sales, Inc.",5
"CU Alliance, LLC",5
"Gusdorf Law Firm, LLC",5
"State Cap Auto Finance, Inc",5
Commercial Credit Counseling Services Inc.,5
Olson Associates PC,5
UNIVERSAL ACCOUNTS LLC,5
Mintex Inc.,5
"JP RECOVERY SERVICES, INC.",5
Apex Mortgage LLC,5
"MORTGAGE FIRM, INC., THE",5
"Account Control Technology, Inc.",5
"The Grogan Law Group, LLC",5
Four Directions Lending LLC,5
REGAL CREDIT CORPORATION,5
Hans Capital Group dba H&L Automotive Financial Services,5
Lowcountry Credit Inc.,5
"PALOMAR ENTERPRISES, LLC",5
REVERSE MORTGAGE INVESTMENT TR,5
Orange Tree Holdings LLC,5
Williston Financial Group,5
Accurate Financial Services,5
Ray Skillman GMC Truck Inc,5
DallasAutos4Less,5
HALLMARK HOME MORTGAGE LLC,5
D.B.F. COLLECTION CORP.,5
"MOUNTAIN WEST FINANCIAL, INC.",5
California Accounts Service,5
"Allied Recovery Solutions, Inc.",5
"Money Services, Inc., d/b/a Texoma Finance",5
"Neighborhoods United, LLC",5
Coconut Funding Corporation,5
Harris Beach PLLC,5
"JP Jensen Collections, LLC",5
Samuel Whitaker & Associates LLC,5
"WILSON & ASSOCIATES, PLLC",5
Capitol Loans,5
"CICA Collection Agency, Inc.",5
"PROFICIO FINANCIAL SERVICES, LLC",5
"Asset Management Outsourcing, Inc.",5
Choice Mtg INC.,5
Intercoastal Mortgage LLC,5
"Rossi Law Offices, Ltd",5
"The Law Offices of Gregory Alexandrides, LLC",5
"Norwich Commercial Group, Inc.",5
"Fidelity Direct Mortgage, LLC",4
Town Financial Corporation,4
TCN Inc,4
"Rapid Collection Systems, Inc.",4
West Realm Shires Services Inc.,4
"Plastyc, Inc.",4
Dependable Debt Recovery,4
Orbita Asset Purchasing,4
Dankos Gordon & Tucker PC,4
"Skagit Bonded Collectors, LLC",4
CREDIGY USA CORP.,4
VETERIS CAPITAL LLC,4
Auto Credit of Southern Ilinois,4
Karwaala Inc,4
Miller Davis & Peoples,4
"Van Horn Automotive Group, Inc.",4
Prime Choice Funding Inc.,4
Solidus Group LLC.,4
"Figliola & Romano, LLC",4
"AutoStar Finance, Inc - D/B/A Atlanta AutoStar",4
Auto Finance Center,4
The Shindler Law Firm,4
"Revenue Collection Bureau, Inc.",4
South West Recovery Inc (CA),4
"Sterling & Associates, LLC",4
Common Wealth Mortgage Services,4
"Weinstein, Karp & Associates, Inc.",4
Oak Tree Financial Inc.,4
RLB Texas Auto Center LLC,4
"Great Marten Holdings, Inc.",4
"Medical Debt Resolution, Inc. dba RIP Medical Debt",4
Credit Bureau of Northern California Collections Services Inc,4
"DOUGLAS, KNIGHT & ASSOCIATES, INC.",4
"Prober & Raphael, A Law Corporation",4
Utah Billing & Recovery Services,4
"Alperstein and Associates, LLC",4
"Empire Home Loans, Inc.",4
"UNITED ONE RESOURCES, INC.",4
FNZ WMS HOLDCO LLC,4
Mechoopda Indian Tribe of Chico Rancheria,4
Burke Costanza & Carberry LLP,4
"Auto Credit Corporation of Jonesboro, iNC.",4
"1 Auto Finance, Inc.",4
"Suncoast Financial Group, LLC",4
Pinnacle Finance LLC,4
Gotmortgage.com,4
Ray Skillman Ford Inc,4
ATLANTIC PACIFIC MORTGAGE CORP,4
Centralized Business Solutions Company,4
Southwest Law Offices PC,4
"Garner & Conner, PLLC",4
Accelerated Servicing Group LLC,4
ReliaMax Holding Company,4
Checkbook Inc,4
"Rolfe & Lobello, P.A.",4
ASAP Credit Repair,4
"CRC Holding, LLC",4
Midwestern Health Management INC,4
"AMERIPRISE BANK, FSB",4
Fusion Auto Finance,4
"Richard Sokoloff, Attorney At Law",4
Logan Finance Corporation,4
The Collection Analyst Incorporated,4
Collections Inc,4
"Advantage One Credit, LLC",4
City Select Auto Sales,4
Physicians & Dentists Credit Bureau,4
"CREDIT BUREAU OF BISMARCK, INC.",4
"EZCORP, INC.",4
"AutoCred, Inc.",4
Debt Freedom Attorneys,4
Ivy Street Development Corp.,4
"Leopold & Associates, LLC",4
Helm Associates,4
Escrow Inc,4
"Leap Credit, LLC",4
Imperial Finance Corp,4
"NOTE SERVICING CENTER, INC.",4
"Credit Adjustment Services of Harrisburg, Inc",4
"Epn, Inc.",4
LT17 Services LLC,4
"Accounts Receivables, Inc. (FL)",4
"American Consumer Credit Counseling, Inc.",4
COMPUTER SCIENCES CORPORATION,4
"GUIDANCE RESIDENTIAL, LLC",4
Anytime Cash Solutions LLC,4
"Puerto Rico Consumer Debt Management Co., Inc.",4
"Hall & Ludlam, PLLC",4
"UPSTATE PREMIER MORTGAGE, INC",4
"International Collection Systems, Inc.",4
"ITALBANK INTERNATIONAL, INC.",4
"Hunt & Kahn, P.A.",4
"Veristone Mortgage, LLC",4
Credit Reporting Services LLC,4
PIKE CREEK MORTGAGE SERVICES,4
"West Bay Leasing Services, LLC",4
American Reporting Company,4
Car Credit Inc,4
"Bright Side Loans, LLC",4
"Carchoice of Memphis, Inc.",4
"AR Audit Services, Inc",4
BAS Receivable Management Inc.,4
Bank of China USA,4
"Convergence Acquisitions, LLC",4
"Pinnacle Financial Group, Inc.",4
Nations Mortgage LLC,4
Roberts Markel Weinberg Butler Hailey PC,4
Olympus Lending LLC,4
"Regional Acquisition Group, Inc.",4
"Neiman, Stone & McCormick , P.C.",4
"RevMD Partners, LLC.",4
"Groves Capital, Inc.",4
Obligo Inc.,4
"REPORTS, INC.",4
Eastern Asset Services LLC,4
Skyline Financial Corp.,4
"Dana & Pariser Co.,L.P.A.",4
"MILEND, INC.",4
"Total Recovery Services, Inc",4
"Hogan Capital II, LLC",4
"MCCABE, TROTTER & BEVERLY, PC",4
"Central Kentucky Management Services, Inc",4
Arapahoe Motors,4
"Asset Maximization Group, Inc.",4
"OTR Fund I, LLC",4
"Boek, Inc.",4
"Delta Management Group, Inc.",4
STIFEL FINANCIAL CORP.,4
"Helping Hand Financial, Inc",4
Master Finance Company,4
Credit Bureau of Carbon County,4
"Consolidated Credit Solutions, Inc.",4
"Sonnek & Goldblatt, Ltd.",4
Wyoming Credit Association,4
"HUELSON LAW FIRM, LLC",4
"Rubin Lublin, LLC",4
First Colony Mortgage Corp.,4
"Clear Mortgage Capital, Inc.",4
Beacon Funding Corporation,4
Benworth Capital Partners LLC,4
United Financial Service,4
"General Information Services, Inc",4
"Uptain Group, Inc.",4
Legal Logix Inc.,4
MCLEAN MORTGAGE CORPORATION,4
"United First, LLC",4
"OPT-OUT SERVICES, LLC",4
"RCS Recovery Services, LLC",4
CONST LLC,4
"CMM Finance, Inc.",4
"Healthcare Collection Specialists, Inc.",4
Nevada Professional Collections Texas,4
Allied Enrollment Centers LLC,4
"Tpls, Inc dba Auto Master",4
"CCI Financial, Inc",4
"RUPP AND ASSOCIATES, INC.",4
Coast to Coast Commercial Collection,4
Nae-Mo Corp dba Matthews & Michaels,4
"The McHughes Law Firm, LLC",4
"Thaddeus Bechtle Attorney at Law, LPC",4
Ray Skillman Northeast Buick GMC Truck Inc,4
"Modern Mortgage Financial, LLC",4
INSPERITY INC,4
"Merrick, Costello & Walsh, LLC.",4
"Protocol Recovery Service, Inc.",4
First Commonwealth Mortgage Corp.,4
"1ST RESULTS BILLINGS & COLLECTIONS, INC.",4
Lakeside Recovery Solutions,4
LOAN TO LEARN,4
Integras Capital Recovery LLC,4
High Mountain Funding Inc.,4
Blackwater Capital Group LLC.,4
"Nu World Title, LLC",4
"Action Professionals, Inc.",4
Money Tree Lending,4
FIRST GUARANTY MORTGAGE CORP,4
"FlexPath Capital, Inc",4
American Credit - Credit Repair Centers,4
Receivable Recovery Partners LLC,4
"Finular Group, Inc.",4
LAW OFFICE OF JOHN E. LINDNER P.A.,4
"Smith, Cohen & Rosenberg LLC",4
FIRST CONTINENTAL MORTGAGE LTD,4
ACCOUNTS ADVOCATE AGENCY,4
"JAN (LendUSA) Holdings, Inc.",4
CHN Housing Partners,4
Liberty Debt Relief LLC,4
Southern Credit LLC,4
"Barrett Motors, Inc.",4
"Diaz Anselmo Lindberg, P.A.",4
"Recheck, Inc",4
DIXIE FINANCE COMPANY,4
"Adela, Inc",4
Allied Union Group Inc,4
"Resolve Partners, LLC",4
"K STREET FINANCE, INC.",4
"Probate Advance Holdco, LLC",4
"Charlottesville Bureau of Credits, Inc",4
Westhill Financial,4
"Ogden Holdings, LLC",4
"M. Richard Epps, P.C.",4
"Payday Motors, Inc.",4
"United We Collect, Inc.",4
CFM Group LLC,4
Coast Acceptance Corporation,4
MEGA CAPITAL FUNDING INC.,4
HomeXpress Mortgage Corp.,4
"Standard Financial of Louisiana, LLC",4
"Globe Acceptance, Inc.",4
ACCESS LOAN COMPANY,4
"River City Finance Co., Inc.",4
"Financial Service Center of Ohio, LLC",4
Pendleton & Sutton LLC,4
Accudata Credit Systems LLC,4
VeriScreen Inc.,4
BOC Capital Corp.,4
Consumer Real Estate Finance Co.,4
"Mid-Minnesota Management Services, Inc.",4
"Driver Holdings, LLC",4
"FinanceCo of Kansas, Inc",4
Foreman Financial Inc.,4
Tarpon Financial Corporation,4
Motormax Financial Services Inc.,4
Meadowbrook Financial Mortgage Bankers Corp.,4
"Cliff's Finance Co., Inc.",4
FORTIFI FUNDING III LLC,4
"Lost Lake Finance, LLC",4
NAM National Arbitration and Mediation,4
"Action Credit, LLC",4
"BTS Motors, LLC",4
"Del Toro Loan Servicing, Inc",4
Credit Lending Services Inc.,4
Law Offices of Les Zieve,4
"Total Financial Services, Inc",4
Data Check of America LLC,4
"Bass & Associates, P.C., Attorneys at Law",4
Kiwi Financial Inc.,4
NORTHERN OHIO INVESTMENT COMPANY,4
"Specified Credit Association, Inc.",4
"Nationwide Title Clearing, Inc.",4
"Account Recovery Services, Inc.",4
Professional Service Bureau,4
"The Barton Law Group, LLC",4
"Credit Bureau of Canyon, Inc",4
Assent Inc.,4
Ocean Lending Home Loans,4
"Works & Lentz, Inc",4
"CoinZoom, Inc.",4
Diversified Acceptance Corporation,4
"Lendgo, Inc.",3
"Alliance Consumer Solutions, Inc",3
Angel Oak Mortgage Solutions LLC,3
"Breit & Boomsma, P.C.",3
"National Medical Administrators, Inc",3
"Credit Associates, Inc. (MO)",3
"Life Line Billing Systems, LLC",3
"Credit Service of Logan, Inc.",3
Heights Finance LLC,3
DAS Inc,3
A-1 Payday Loans and Title Loan Referral Inc.,3
"Good Funding, LLC",3
Law Offices of Alan J. Waintraub PLLC,3
"Komyatte & Casbon, P.C.",3
Williams Kastner & Gibbs PLLC,3
CUSO Home Lending,3
Atlas Collections Inc. (of New Castle),3
Ok Finance Group INC,3
"Hillcrest Capital, LLC",3
Sierra Collections and Consulting LLC,3
GEM Financial,3
Watercress Financial Group LLC,3
Mortgage Connect LP,3
"Central Service Bureau, Inc.",3
College Loan Corporation,3
"Kopp Collection Service, Inc.",3
"Crimcheck Holdings, LLC",3
"Quantum3 Group, LLC",3
Stream Innovations Inc.,3
DRIVE NOW AUTO CREDIT COMPANY INC,3
No Limits Access,3
"Professional Mitigation Services, Inc",3
LRS Mediations Group,3
"Duke Capital, LLC",3
David Fogel P.C.,3
BAY VALLEY MORTGAGE GROUP,3
"Executive Credit Management, Inc",3
"MortgageOne, Inc.",3
"Quantum Financial, Inc.",3
EZ FUNDINGS Inc.,3
"Moody, Jones & Ingino, P.A",3
"The Law Offices of Bradley Kim Thomas ii, LLC",3
"Global Asset Management Group, Inc.",3
"Hidden Oak Group, Inc.",3
"ANSELL GRIMM & AARON, P.C.",3
"Elite Financial Services, Inc (MA)",3
CAP Management Company,3
Accounts Interchange Group LLC,3
"HFG Holdings, Inc.",3
"Priority 1 Lending, LLC",3
"Anchor Financial, Inc.",3
JLO Ventures LLC dba Car By U,3
"Virtual Assets, LLC",3
St.John Cobb Inc,3
EMPIRE MEDIATION SERVICES LLC,3
CarPutty Inc.,3
People Trust,3
"The Rickel Law Firm, P.C.",3
ROCKY MOUNTAIN MORTGAGE COMPANY,3
"Hebrew Free Loan Society, Inc.",3
GERSHMAN INVESTMENT CORPORATION,3
Law Offices of Gary A Bemis APC,3
First Collections Inc,3
"Century Credit & Collections, LLC",3
OPEN MORTGAGE LLC,3
ACOPIA CAPITAL GROUP,3
"Allison L. Friedman, P.A.",3
"Aspen Properties Group, LLC",3
Cars America Inc.,3
River Financial Inc.,3
Personal Finance Center,3
Magnum Association Services,3
"Old Dominion Mortgage Co., Inc",3
Graduate Resource Network,3
TIDEWATER MORTGAGE SERVICES,3
Pier Special Opportunities Fund LP,3
Rhode Island Student Loan Authority,3
"Cascade Creditors Service, llc",3
APLUS INSTACASH LLC dba A+ FINANCE,3
Credit One LLC,3
Olympic Collection Inc.,3
"AccessOne  Holdings, Inc.",3
Allied Servicing Corporation,3
"PASSAGE HEALTH INTERNATIONAL HOLDINGS, INC.",3
Castle and Cookie Mortgage LLC,3
"Credit Service of Central Washington, Inc.",3
Receivables Management Associates,3
"PayNearMe MT, Inc.",3
"Coastal Finance Company, Inc.",3
"GMS Holdings, Inc.",3
"CreditGUARD of America, Inc.",3
Key Mortgage Services,3
Reese Law Group,3
"Peoples Home Equity, Inc.",3
"Kuber Financial, LLC",3
"Nationwide Loan Consultants and Advisors, LLC",3
AMERICAN PORTIFOLIO MORTGAGE,3
Ray Skillman Chevrolet Inc,3
Absolute Home Mortgage Corporation,3
F5 Mortgage LLC,3
AMERICAN ARMED FORCES MUTUAL AID ASSOCIATION,3
"Cronheim & Larsson, LLC",3
SilverLake Financial LLC,3
REDEMPTION FINANCIAL SERVICES LLC dba NATIONAL AUTO ACCEPTANCE,3
Novation Inheritance LLC,3
The Dunning Law Firm APC,3
Collection Solutions Inc.,3
Century First Credit Solutions,3
Top Flight Assistance (Top Flight Credit Assistance),3
MID-ISLAND MORTGAGE CORP.,3
"FAST AND FAIR COLLECTION SOLUTIONS, LLC",3
GENWORTH FINANCIAL INC.,3
"LAKELAND BANCORP, INC.",3
Capstone Private Mortgage Holdings Limited,3
STEWARD FINANCIAL SERVICES LLC,3
"Fendelman & Associates, LLC",3
Cress Law Group PC,3
Payday America Inc.,3
Account Information Management Corporation,3
"Credit Service, Inc",3
B&B Hold Corp.,3
IOWA BANKERS MORTGAGE CORPORATION,3
First Atlantic Auto Credit LLC,3
TheTenn Inc.,3
Cardinal Branch,3
"Grand Canyon Title, Agency, Inc.",3
"Consumer Credit Counseling Foundation, Inc.",3
"WAMM Sales, LLC d/b/a Auto Simple",3
GVC MORTGAGE,3
Higher Level Processing,3
GOLDEN EMPIRE MORTGAGE INCORPORATED,3
"Complete Care, Inc.",3
NATIONWIDE EQUITIES CORP,3
Massachusetts Housing Finance Agency (MassHousing),3
"Welcome Finance Company, Inc",3
MDG USA Inc.,3
Accessity,3
LAW OFFICE OF HALL AND ASSOCIATES,3
Affiliates Management Company,3
"OSG Group Holdings, Inc.",3
"Genesis Recovery Services, Inc.",3
New Start Financial,3
Global Credit Solutions LLC,3
"Goldman Asset Services, INC",3
Ascend One Corporation,3
"Capital For Change, Inc.",3
Dealer Finance of Western Kentucky,3
"MCCUE MORTGAGE COMPANY, THE",3
"Zo Financial, Inc.",3
"Chicago Car Center, Inc.",3
CREDIT MANAGEMENT CORPORATION,3
North Idaho Credit Corporation,3
"NY Community Financial, LLC",3
Pioneer Capital Solutions Inc,3
EF CORPORATE HOLDINGS LLC,3
"Cogent Road, Inc.",3
Peoples Credit Inc.,3
Recovery Ace Inc,3
Complete Professional Recovery LLC,3
Mortgage Origination Holdings LLC,3
AMERICAN SECURITY MORTGAGE CORPORATION,3
Bubba Hill Auto Plaza Inc,3
Neighborhood Housing Services of NYC,3
"One Technologies, LP",3
"The Check Cashing Place, Inc.",3
Extreme Loans LLC,3
Hatfield Portfolio Group LLC.,3
"Consumer Credit Services, LLC",3
"Mezu, Inc",3
"Newman, Mathis, Brady & Spedale",3
"NQM Funding, LLC",3
"ROC Asset Solutions, LLC",3
GENTRY FINANCE CORPORATION,3
"PayZen, Inc.",3
Capital Core Advisors LLC,3
"Portfolio Investment Exchange, Inc.",3
"Ashton & Weinberg, Inc.",3
"Evans & Mullinix, PA",3
"ARL Credit Services, Inc.",3
Sol Acceptance,3
Darnieder & Sosnay,3
"Chambless, Math, Carr, P.C.",3
National Investigative Services,3
"Rogers, Morris & Ziegler, LLP",3
Sandalwood Solutions,3
"MarkOne Holdings, LLC",3
"Filo Mortgage, L.L.C.",3
"Aequitas Capital Opportunities Fund, LP",3
"FBC MORTGAGE, LLC",3
"G&L Wise Financial, Inc.",3
"Fairway Holdings, LLC",3
Profit Services Group,3
Ready Finance LLC,3
"GENERAL BUSINESS RECOVERIES, INC.",3
"Elite Portfolio Management, LLC",3
"Campus Student Funding, LLC",3
First Reliance Holdings LLC,3
"Blake Enterprises, LLC",3
"C & S Associates, Inc. dba NCS Credit",3
"EMI Equity Mortgage, Inc.",3
"MLB Residential Lending, LLC",3
"Pacific Home Loans, Inc",3
Alvamar Financial,3
"GreenSky, LLC",3
PRA LAW FIRM,3
"American Capital Enterprises, Inc.",3
"Creditmax Collection Agency, Inc. d/b/a Creditmax, Inc.",3
Digital Currency Group Inc,3
Stream Auto Outlet,3
Woodlands Financial Services Inc,3
EVERCOMMERCE SOLUTIONS INC.,3
"Commercial Credit, Inc.",3
North Capital Recovery Services,3
"C&I Financial, Inc.",3
"Medical Debt Recovery, Inc.",3
"Stewart, Zlimen & Jungers, Attorneys, Ltd.",3
"Sokaogon Finance, Inc.",3
TOC Financial DBA Mi Gente,3
Alliance Acceptance Corp.,3
"Northern Arizona Credit, Inc.",3
"Acquired Assets, Ltd.",3
New Mexico Educational Assistance Foundation,3
Highline Automotive Inc.,3
Catalyst Mortgage Inc.,3
Strategic Dealer Services,3
Lexington Mortgage Corporation,3
"Creekside Finance, Inc.",3
"Small & Small, Attorneys PLLC",3
Financial Recovery Group,3
"Jon D. Curtis, Attorney at Law",3
ZARVAD III S.A.,3
"Estate Information Services, LLC",3
TAMMAC HOLDINGS CORP,3
"American Enterprises International, Inc.",3
NowackHoward LLC,3
Diamond Advances LLC,3
"Inter-Cambio Express, Inc.",3
"Creditors Financial Services, LLC",3
"Insta-Credit Auto Mart, Inc. dba InstaCredit Automart",3
Apex Processing,3
"Money Transfer Acquisition, Inc.",3
Madison Atrina LLC,3
"Seidberg Law Offices, P.C.",3
"Delphi Law Group, LLP",3
Turbo Debt LLC,3
"Curfin Holding Company, Inc",3
Brother Loan & Finance Co.,3
"American Collection Systems, Inc. (OH)",3
Moiharwin Diverisfied Corporation,3
"Concentric Receivables Management, Ltd.",3
"SOFTGATE SYSTEMS, INC.",3
"Joseph M. Tobin, PC",3
LYON SERVICES CORPORATION,3
Benjamin Chaise Recovery Services LLC.,3
Lockhart Mediation Services,3
"Dunn Law, P.A.",3
"City First Mortgage Services, LLC.",3
TRG Auto Finance LLC,3
"Rainier Financial Group, LLC",3
"Sperlonga Data & Analytics Systems, LLC",3
J. Ritter Law P.C.,3
InstaMortgage Inc.,3
"Robert L. Tankel, P.A.",3
"New Horizons Finance Company, Inc",3
MNS & Associates LLC,3
"Law Offices of Timothy E. Baxter & Associates, P.C.",3
PARK NATIONAL CORPORATION,3
Scoutlogic Inc.,3
"Blue Front Financial, LLC d/b/a Ladder Loans",3
PLACID NK CORPORATION,3
"PRIORITY HOME MORTGAGE, L.P.",3
Paul Michael Marketing Service,3
"Thrivepoint Financial Holdings, Inc.",3
"Wagner Financial Services, Inc.",3
Law Offices of Goldsmith & Hull A.P.C.,3
Arative Technologies LLC  (Bancoli),3
"DK, Consulting, Inc dba Huntington Financial Services",3
STERLING BANCORP,3
River City Mortgage LLC,3
EarnUp Inc.,3
Win-Win LLC,3
Altitude Community Law P.C.,3
"Validify, LLC",3
"CENTENNIAL LENDING, LLC",3
FUTURE FINANCE COMPANY,3
"H & S Financial, Inc.",3
"Lake Area Collections, LLC",3
"ONE REVERSE MORTGAGE, LLC",3
General Collection Co.,3
"Quad Corporation, Inc.",3
Prodebtco LLC,3
Armed Forces Loans of Nevada Inc.,3
"The Winn Brown Law Firm, LLC",3
"Wasserstein, P.A.",3
Safe Harbor Funding LLC,2
Scherr & McClure,2
"Castle Rock Mortgage, LLC",2
TOWN & COUNTRY ACCEPTANCE CORPORATION,2
"Wetherington Hamilton, P.A.",2
Revol Collections Ltd,2
"Nevada Credico, Inc.",2
"Darnel Quick Recovery, Inc.",2
Premier Auto Finance of South Florida,2
"Global Equity Finance, Inc.",2
"Rushmore Service Center, LLC",2
AML Funding LLC,2
"Norman & Associates, Inc.",2
Nelson Automotive Finance,2
"Brightside Benefit, Inc.",2
"Revenue Systems, Inc.",2
Kadent Corporation,2
Retl Mnanagement LLC,2
Apex Resolution Group LLC,2
"Livingston Financial, LLC",2
SECURITY HOME MORTGAGE,2
"C&H INVESTMENTS, INC.",2
"Alco Capital Group, LLC",2
"Carmen V. Porreca, P.C.",2
"Bakkt Opco Holdings, LLC",2
Meredian Inc,2
RK Chevrolet Subaru,2
Courtney & Camp,2
www.TrustScience.com USA Inc.,2
Total Finance AC LLC,2
Beacon Recovery Group LLC,2
"Student Debt USA, LLC",2
TTM GLOBAL ENTERPRISES LLC,2
"PMGI, LLC",2
"First Mile Group, Inc.",2
"PrimeLine Capital, Inc.",2
"Rock Solid Funding, LLC",2
"Hexagon Collection Services, LLC",2
"Financiera Campeon, LLC dba Champion Equipment Finance",2
"Sky Blue Financial Services, Inc.",2
Northbrook and Associates,2
"Homeland Financial Network, Inc.",2
MLD MORTGAGE INC,2
"American Elite Recovery, LLC",2
"America's Moneyline, Inc.",2
ALLIED SECURITY LLC,2
"BYTE FEDERAL, INC.",2
"BAYSHORE MORTGAGE FUNDING, LLC",2
Bank of Baroda - New York Branch,2
SOUTHERN TRUST MORTGAGE LLC,2
"First Recovery Solutions, Inc.",2
Customer Service Mortgage Corporation,2
Affiliated Management Services,2
"Hello Digit, LLC",2
"Health Services Asset Management, LLC.",2
"Northern Alliance Management, LLC",2
DK Auto LLC,2
Law Office Of Steven D. Silverstein,2
"TSG Collections, LLC",2
EZ Financing Inc,2
Loan Garden LLC,2
College Guidance Resources  LLC,2
Broadway Advance LLC,2
"Eagle Rentals, Inc",2
Taekus Inc,2
Douglass & Associates Co. LPA,2
"FALONI & ASSOCIATES, LLC",2
"CMD Investment Group, Inc.",2
ROSS MORTGAGE CORPORATION,2
Better Debt Solutions LLC,2
PERL MORTGAGE,2
"Direct, Inc",2
"The Law Office of Alan Pritchard, PLLC",2
"Resurgence Capital, LLC",2
"Emerald AR Systems, LLC",2
FINEX Group LLC,2
"Professional Recovery, Inc.",2
Southern Star Automotive Inc.,2
Law Offices of Bradley G Nykamp PC,2
CMK Investments Inc,2
"Straley & Otto, P.A.",2
Texas Mortgage Lending LLC,2
M Squared Financial LLC,2
"MFG Financial, Inc.",2
Allied Consumer Assistance,2
"SouthLaw, P.C.",2
Vargo & Janson PC,2
Speed Investments LLC,2
"Adobe Settlement Group, LLC",2
Freedom Financial Capital LLC,2
People's Finance Co,2
"Alisa Katz Campbell, P.C.",2
"Boomerang Capital Partners, LLC",2
J. Scott Watson,2
Thrifty Motors Inc.,2
"Advanced Collection Services, LTD",2
"The Law Offices of Quinn M. Kofford, P.C.",2
TRACO INVESTMENT CORP,2
Divergent Consumer Services,2
JAYANDBEE INC /dba/ HOOSIER ACCOUNTS SERVICE,2
"Feldman & Stern, LLC",2
"WYNDHAM CAPITAL MORTGAGE, INC.",2
Central Atlantic Sales Inc. T/A Priority Buy Here Pay Here,2
Certify Student Services,2
HOME FINANCING CENTER,2
"COMPASS FINANCIAL HOLDING GROUP, LLC",2
"Precise Financial Group, LLC",2
"American Mortgage Services,  Inc",2
"Equity Settlement Services, Inc.",2
"Automotive Financial of America, Inc.",2
Park View Credit,2
Unisource Joint Ventures LLC,2
"Zimmerman & Zimmerman, P.A.",2
"Arundina, LLC",2
CHARTER CAPITAL CORPORATION,2
Aura Mortgage Advisors LLC,2
"Johnstown Credit Bureau, Inc.",2
"Cars-N-Credit Finance, Inc.",2
ABC Loan of Martinez/ Georgia Finco Holding Corp,2
"FirstCollect, Inc.",2
"Envision Payment Solutions, Inc.",2
"Hood & Stacy, P.A.",2
Midwest Finance Corporation,2
Farm Bureau Finance Company,2
Woodward Capital LLC,2
Pennie Mgmt LLC,2
Triple AC Resolutions,2
"Tayne Law Group, P. C.",2
National Background Solution,2
"Onset Financial, Inc.",2
"Nelson, Cooper & Ortiz, LLC",2
Bell Financial Services,2
"Thunderbird Finance Management, LC",2
"Optimum First, Inc.",2
"DebtHelp, Inc",2
"Horizon Digital Finance Holdings, Inc",2
Scott Kroner PLC,2
"DISCOUNT BANCORP, INC.",2
CITY CREEK MORTGAGE CORP.,2
"Mesa Auto Finance, LLC",2
"LeasePoint Funding Group, LLC",2
"Sago Financial, Inc.",2
First Choice MH LLC,2
"National Credit Care, LLC",2
"Credit Bureau of Columbia, Inc.",2
"National Bureau of Collections, Inc",2
Alpha Recovery Corp,2
First Pacific Funding Inc.,2
Barker Financial LLC,2
Credit Recovery Consultants,2
Consumer Solutions Group,2
"Cypress Creek Financial, LLC",2
"Greenback Recovery Group, LLC",2
JFK FINANCIAL INC.,2
"Razor Capital, LLC",2
Home Headquarters Inc,2
Vericheck,2
"Crawford & von Keller, LLC",2
SENTE MORTGAGE,2
"Roberts Law, LLC",2
"Critical Ideas, Inc.",2
Rapid Auto Loans LLC,2
R.C. Temme Corporation,2
"Association Capital Resources, LLC",2
"United Military Mortgage, LLC",2
"Wyolaw, LLC",2
"Advanced Call Center Technologies, LLC",2
"HARTFORD FUNDING, LTD",2
"VICTORIAN FINANCE, LLC",2
"Cardinal Accounts, Inc.",2
MST Consulting LLC,2
Vantage Point Group,2
"SOUTHPOINT FINANCIAL SERVICES, INC.",2
"Noam J. Cohen, PA",2
Fast Money Loan,2
"Fair Resolutions, Inc.",2
"Leib Solutions, LLC",2
Biorn Corporation,2
CBC Mortgage Agency,2
"Apex Recovery Services, LLC",2
Sterling  Hill Financial,2
"Cascade Collections, Inc.",2
"Tier Capital, LLC",2
"Newman & Marquez, P.A.",2
Mortgage Vintage Inc.,2
Cash In Minutes,2
"Tavelli Co., Inc. dba Tavco Credit Services",2
Sammamish Mortgage Company,2
Business Credit Management Associates,2
"West Michigan Mortgage, LLC",2
"Best in Funding, Inc.",2
"Creditors Specialty Northwest, Inc.",2
Nationwide Servicing Center Inc,2
"SpeedyCash, Inc.",2
"Orchard Mortgage, LLC",2
"PLM Lender Services, Inc.",2
FundFlare LLC,2
Gallatin Valley Financial,2
"Upstate Collection Center, Inc.",2
"Automated Accounts, Inc.",2
"BOGMAN, INC",2
"Douglas L. Brooks, PC",2
"Interstate Credit Solutions, LLC",2
NATIONWIDE ADVANTAGE MORTGAGE COMPANY,2
"Reference Services, Inc.",2
"Associated Collectors, Inc.",2
"Consumer Attorneys of America, P.A.",2
Prisma Capital LLC,2
Biltmore Asset Management LLC,2
Management Location Services Inc.,2
"Keystone Lending Alliance, LLC",2
"V.I.P. MORTGAGE, INC.",2
"LENCO FINANCE OF CARENCRO, INC",2
"All Credit Considered Mortgage, Inc.",2
Revenue Cycle Management Corp,2
"Luno US, Inc.",2
Cross Country Financial Corporation,2
"Caramel Dealer Services, LLC",2
BRIDGELOCK CAPITAL,2
"ALE Solutions, Inc.",2
"My Mortgage, Inc.",2
"Great Lakes Home Mortgage, Inc.",2
Thunder Auto Finance LLC,2
MODERN FINANCE COMPANY,2
"USA Cash Services Management, Inc.",2
Felhaber Larson,2
Collaborative Resolution Group,2
Auto Loan Inc.,2
Baxter Bailey & Associates,2
First Class Autos Inc,2
FIRST ALLIANCE HOME MORTGAGE,2
"Reliant Home Funding, Inc",2
"Equity Express Mortgage, LLC",2
"Costello Sury & Rooney, P.C.",2
"Bristlecone, Inc.",2
"Steven R. Hrdlicka, Attorney at Law",2
Maynard Nexsen PC,2
"SMS Financial, LLC",2
"Key, Greer, Harrison & Casey",2
Arias Bosinger,2
"Secured Resolutions, LLC",2
Visio Financial Services Inc.,2
"CoreTitle, LLC",2
"Crawfordsville CCB, Inc.",2
"A/R CONCEPTS, INC.",2
Two Dots Inc.,2
"Pankey & Horlock, LLC",2
ASSOCIATED MORTGAGE BANKERS IN,2
"Affirmative Law, PC",2
"1 STOP MONEY CENTERS, LLC",2
Credit Suite Inc.,2
"Professional Adjustment Bureau of Mid-America, Inc.",2
"Pittenger Law Group, LLC.",2
Equitable Acceptance Corp,2
"Openonline, LLC",2
"Search ROI, LLC",2
CF Funding,2
Springboard CDFI,2
"Cornerstone Residential Lending Solutions, Inc",2
"Kratochvil Law, P.C.",2
CARILION CLINIC,2
"Automania, Inc",2
"Thomas & Thomas Attorneys and Counselors at Law, LLC",2
"Dimand Law Offices, P.C.",2
"LegumFitzpatrick, PLC",2
Tidalwave Finance Corporation,2
ALPHA COLLECTION SERVICES,2
"American Credit Systems, Inc",2
"Olympus Law Firm, PLLC",2
PLEASANT VALLEY HOME MORTGAGE,2
"North American Collectors, Inc.",2
"Darby Law Firm, LLC",2
"Accelerated Financial Solutions, LLC",2
"University Lending Group, LLC",2
"Cashbak, LLC",2
CIS DIRECT LENDING,2
"NORTH HIGHLAND HOLDING COMPANY LLC, THE",2
Kompato AI Inc,2
Huron Law Group PLLC,2
The B & F Corporation d/b/a OK Loan Service,2
Fortress University Inc.,2
Sky Venture Holdings LLC,2
"J & B Endeavors, LLC",2
"MM Finance, LLC, Bellevue, NE Branch",2
"Peterson Young P.C., d/b/a  Miller Cohen Peterson Young P.C.",2
Accountable Finance Inc,2
Saddleback Acceptance Corporation,2
"Schriever Legal, PLLC",2
Columbus Finance Inc.,2
"Alexander, Winton & Associates, Inc.",2
MCI Mortgage Inc,2
Intelligent Mortgage and Consulting Services LLC,2
The Hallstrom Law Firm PLLC,2
"FM Home Loans, LLC",2
"Rutledge Law Firm, P.C",2
College Assist,2
"Stephen Einstein & Associates, P.C.",2
Great Lakes Entities,2
Loancutters Inc.,2
"SMARTPAY, LLC",2
Solera,2
North Dakota Housing Finance Agency,2
"WINN LAW GROUP, APC",2
"Eads Murray & Pugh, P.C.",2
"North Georgia Regional Collection Agency, Inc.",2
Credit Bureau of Havre,2
Rossman & Co & PCB,2
Peerless Credit Services Inc,2
Wilson Breit,2
"Money Matters Professional Collections, LLC",2
Xtreme Products LLC,2
"Capital Auto Credit, LLC",2
Meridian Buyer’s Group,2
"LLOYD'S PLAN, INC.",2
"MAGGUILLI LAW FIRM, PLLC",2
"Advanced Recovery Systems, Inc. (PA)",2
"Glick Management, LLC",2
Cal-Tenn Financial LLC,2
Changed Inc.,2
Glassen Rhead Mclean Campbell & Schumaker P.L.C.,2
Chesmar Homes,2
"Local Data Recovery, LLC",2
Secure One Capital Corporation,2
Advantage Credit Bureau Inc.,2
Strand Finance Inc.,2
"Auto World Financial, Inc.",2
"Pivot Financial Partners, Inc.",2
"Fairfax Consolidated, LLC",2
RenoFi Inc.,2
"Girvin & Ferlazzo, P.C.",2
Nationwide Arbitration Services LLC,2
ACRE MORTGAGE,2
"Friedman & Associates, LLC",2
"NorthShore Financial, L.L.C.",2
ALG Trustee LLC,2
"Westview Financial Services VA, LLC",2
PLATINUM HOME MORTGAGE CORPORATION,2
Auto One Acceptance LLC,2
"Miller Investment Group, Inc DBA AutoNow",2
National Home Buyer’s Alliance,2
Weinman Acquisition Group,2
"WRJ Holdings, LLC",2
"F10 Financial Group, LLC",2
"SANFORD & ADAMS, Attorneys at Law PLLC",2
"North Georgia Loans, Inc.",2
"Fountainhead Commercial Capital, LLC",2
"ALL FAMILY FINANCE, LLC",2
Niederman Stanzel & Lindsey,2
"Grisham Cummins, LLC",2
"Lipsey, Morrison, Waller & Lipsey, P.C.",2
"DMEC Capital Services LLC, DBA Settle Our Debt",2
"Automotive Funding Group, Inc",2
Amerifund Home Mortgage LLC,2
DAVIDSON FINK LLP,2
"Tapper and Fratto, LLC",2
CW Financial,2
Maple Finance Company,2
Cambridge Credit Counseling Corp.,2
"Harrison Financial, LLC",2
"Frontline Financial, LLC",2
"Mr. Mortgage, LLC",2
"Anderson and Associates Credit Services, LLC",2
LATIN AMERICAN FINANCIAL,2
"ZOA, LLC",2
"VeriCore, LLC",2
Barton Benson Jones PLLC,2
Doctor Billa LLC,2
Rutherford Credit,2
"Andrews Law Firm, PLLC",2
Law Offices of Michael Lupolover,2
ECN Platinum LLC,2
"Pinnacle Lending Group, Inc.",2
KOP Collection Services LLC,2
"Metro Area Collection Service, Inc.",2
"EML Payments USA, LLC",2
RR Resource-Recovery,2
GETM INCORPORATED,2
BCO Consulting Services,2
East Coast Funding Group,2
Shield Home Loans Inc.,2
Iconic Mortgage Corp.,2
Double D Finance dba Idaho Finance,2
LAGO Funding Corp.,2
Greyhound Capital Group LLC,2
RGV Loans LLC,2
BANCO PICHINCHA MIAMI AGENCY,2
"Northeastern Credit Services, Inc.",2
"Compattia Roccia Management Group, LLC",2
FEARON FINANCIAL LLC,2
"US Claims Litigation Funding, LLC",2
"Credit Regulating Services, Inc.",2
"Equihome, LLC",2
Amicus Lending,2
F&L Marketing Enterprises LLC,2
RumbleOn Finance LLC,2
"Deal Depot, Inc.",2
TICE ASSOCIATES INC,2
Novea Portfolio Management LLC,2
"Wilco Finance, Inc",2
Trans-Fast Remittance LLC,2
"Kirschbaum, Nanney, Keenan & Griffin, P.A.",2
Master Finance Corporation,2
1st Nationwide Mortgage of Texas Corp.,2
Longhorn Asset Management LLC,2
Precision Capital Mediation,2
"3D Financial, LP",2
VISION ONE MORTGAGE,2
SE Capital Corp dba Credito Familiar,2
Cypress Collections,2
"Transfermate, Inc.",2
Credit Bureau Central Inc (MS),2
"Moria Development, Inc.",2
"Powerhouse Solutions, Inc.",2
"The Law Offices of Barry J. Gammons, PLLC",2
Debt Busters,2
Suburban Credit Corporation,2
"John B. Ingleson, Attorney at Law",2
"Christensen Financial, Inc.",2
Automotive Partners Funding,2
The Cook Law Office PLLC,2
TGA,2
"Members Mortgage Services, L.L.C.",2
"Ace Customer Services, LLC",2
Northern Lakes Mortgage LLC,2
"Liberty Holdings, LLC",2
"Gillman Interests, Inc.",2
"Pivot Rock Solutions, LLC",2
HomeServices of Iowa,2
CapitalHut Finance,2
Lovitts Auto Sales Inc,2
"Clunk Hoose Co., LPA",2
"Atlanta Check Cashers, Inc",2
"Partnerships & Investments, LLC",2
"Selection Management Systems, Inc.",2
Premlo Inc.,2
Consumer Receivables Management LLC,2
"AlpacaDB, Inc.",2
"Friedman Law Associates, PC",2
"Zakheim Law Group, P.A.",2
Medical Services Inc,2
Albuquerque Auto Outlet,2
Roseth Mortgage LLC,2
NJ LENDERS CORP,2
Ershowsky Verstandig PLLC,2
208 Capital Holdings LLC,2
"ADVANCED DEBT COLLECTION, INC.",2
Ray Skillman Westside Imports Inc,2
Zingo Cash Illinois LLC,2
"Advantage Financial Services of Covington, LLC",2
Origen Financial Services LLC,2
"Financial Triangle, Inc.",2
"AGS Financial, Inc",2
"Mineola Texas Star, LLC.",2
Chrebet Associates  LLC,2
Solvent Plus LLC,2
"Arthur B. Adler & Associates, Ltd",2
"The Accounts Retrievable System, Inc.",2
"Escrow and Title Services, Inc.",2
American Credit,2
FIRST MORTGAGE COMPANY,2
Speedee Cash Management,2
ZOOM HOME LENDING LLC,2
"National Bond And Collection Associates, Inc.",2
Advanced Portfolio Group LLC,2
"Strategic Automotive Servicing, LLC",2
"Union Credit, Inc.",2
Hamiltonian Inc.,2
Salary Finance Inc,2
"RH Portfolio I, LLC",2
Riehlman Shafer and Shaw LLC,2
Liberty SBF,2
"Georgia Assessment Recovery, LLC",2
"Homie Technology, Inc",2
UnBanked,2
FundLoans Capital,2
AmeriFirst Financial Corporation,2
Rivertown Credit LLC,2
Jacobs Arbitration And Associates Inc.,2
"Durango Credit and Collection Company, Inc.",2
"Stokes & Wolf, P.C.",2
"JRCM, LLC",2
"Financial Rescue, LLC",2
Alternative Collections LLC,2
"Kenneth E. Davidson, Attorney",2
PREMIUM MORTGAGE CORP,2
"Magnus Title Agency, LLC",2
Advance Loan Service,2
Henschel & Beinhaker P.A.,2
"Vendor Resource Management, Inc.",2
Xpert Home Lending Inc.,2
American Debt Consolidation,2
Mid Atlantic Auto Finance,2
Kiva Microfunds,2
Law Office of Carl Brugnoli,2
Genpact Limited,2
Finance Store Inc.,2
"Martell & Ozim, PA",2
"Universal Capital Services, Inc.",2
"United Lending Team, LLC",2
"AMKO Lending, LLC",2
ASG Solutions LLC,2
"Cuzco Capital Investment Management, LLC",2
Maury's Motors Inc DBA Midpoint Auto Group,2
"MINISTRY BRANDS, LLC",2
"Accelerate Financial, LLC",2
"AKT AMERICAN CAPITAL, INC. DBA AMERICAN CAPITAL CORP.",2
"Smart Money Capital, LLC",2
"Law Offices of Marvin S. C. Dang, LLC",2
Keys Auto Finance Inc,2
American Lending LLC,2
Law Office of Monica Guilarte LLC,2
"Plutos Sama, LLC",2
Pacific Lending LLC,2
"Cleara, LLC",2
"Borenstein & Associates, LLC",2
"Brelvis Consulting, LLC",2
"Carpenter, Hazlewood, Delgado & Bolen, PLC",2
"Digital Access, LLC",2
"Home Approvals Direct, Inc.",2
"NJ Automotive Accounts Management Co, Inc.",2
Consumer Shield,2
"NDS, LLC.",2
"E Z CASH OF DELAWARE, INC.",2
"The Orange Coast Company, LLC",2
"RD Fuller Company, LLC",2
"Frank, Frank, Goldstein & Nager, P.C.",2
Ray Skillman Northeast Imports Inc,2
HOMESTEAD FUNDING CORPORATION,2
M.L. Zager P.C.,2
US Mortgage Lenders LLC,2
"Key Star Capital, LLC",2
HomePlus Corporation,2
Covington Pike Acceptance Company,2
"Continental Currency Services, Inc.",2
"Lend Smart Mortgage, LLC",2
RESIDENTIAL HOME FUNDING CORP.,2
Milby Law Offices P.A.,2
Wharthog Ventures LLC dba Loans Not Sharks,2
"Insight Financial, LLC",2
Harrison Financial Group,2
"WOLFE FINANCIAL, INC.",2
"Universal Credit Services, Inc",2
"The Zellman Group, LLC",2
"Council Law Group, PLLC",2
"Randolph, Boyd, Cherry and Vaughan",2
Rithm Capital Corp.,2
"American Liberty Mortgage, Inc.",2
Retention Consulting Services Inc.,2
Consumer Information Bureau,2
"Spina & Lavelle, P.C.",2
Blue Bay Capital,2
"SHARP COLLECTIONS, INC",2
"Frank Innovations, Inc",2
"Lyons Law Office, LLC",2
"Oz Gram Investment, Inc.",2
Central Valley Receivables,2
"Sunset Solutions Group, LLC",2
ALMA Financial Assistance Corp.,2
"CommonBond, Inc.",2
"March Motors, Inc.",2
"CBC Credit Services, Inc.",2
"CMCS, Inc. DBA Central Mercantile Collection Services",2
"ORO OC, LLC",1
WINCHESTER SELLERS FOSTER & STEELE PC,1
"Windham Professionals, Inc.",1
Hughes Acceptance Corporation,1
Lendah LLC,1
"Jumpstart Capital Management, LLC",1
"AMERICAN FINANCIAL MANAGEMENT, INC.",1
"Even Responsible Finance, Inc.",1
Waveland LLC dba FJM,1
HUNT Real Estate Corporation,1
"Kivell, Rayment and Francis, P.C.",1
"St John Rossin & Burr, PLLC",1
"Loandrone, Inc.",1
"ERNST, ARTMANN AND ASSOCIATES, INC.",1
"Branson Quick Cash, Inc.",1
"Premier Consumer Credit Counseling, Inc.",1
"Quad Cities Financial, Inc.",1
"Texas National Holding, LLC",1
Richard H. Kream,1
EM Auto Corporation,1
"B&B Funding, LLC",1
CZFC Incorporated,1
DMA Financial Corp.,1
"The Law Office of Heather Cullen, A Professional Corporation",1
"GEMINI CAPITAL GROUP, LLC",1
WESTERN OHIO MORTGAGE,1
Rockdale Capital Management,1
F&M Capital LLC,1
Mastercars Auto Group,1
"Insight Management Partners, LLC",1
AHL Funding,1
ALASKA HOUSING FINANCE CORPORATION,1
We Finance Inc.,1
"bitFlyer USA, Inc.",1
"Cam Credits, Inc.",1
Credit Quick,1
"Davis and Goldmark, Inc.",1
"Latham Keele Lehman Ratcliff Carter & Clarke, PC",1
PINGPONG GLOBAL SOLUTIONS INC,1
Contemporary Recovery Solutions Inc.,1
"Golden Capital Services, LLC",1
GuardHill Financial LLC,1
"Dowler Law Firm, PLLC",1
"Affiliated Creditors, Inc.",1
"CollectPark, LLC",1
Class AMC Intermediate,1
"COLLECTION AGENCY OF THE HIGH COUNTRY,INC",1
"Hammerman & Hultgren, P.C.",1
"Unchained Capital, Inc.",1
"MTGLQ Investors, L.P.",1
"CARTER-JONES COLLECTION SERVICE, INC",1
"Kolter Financial Services, LLC",1
HomeQuest Mortgage Corporation,1
"Silvermine Ventures, LLC",1
"SENIOR MORTGAGE BANKERS, INC.",1
Associates Financial Solutions Inc,1
Usset Weingarden & Liebo PLLP,1
Volunteer Mortgage Inc,1
"TARRANT GROUP, LLC",1
Blackburne & Sons Realty Capital Corporation,1
"CREDIT BUREAU OF NEW ULM, INC.",1
"The RaymondPaul Group, LLC",1
"Town Square Mortgage & Investments, LLC",1
"Credit Services, Inc.",1
Electric Solidus LLC,1
AD Capital LLC,1
Emergi-Cash,1
"Integrity Home Lending, LLC",1
"Dorough & Dorough, LLC",1
SVB FINANCIAL GROUP,1
FERRANTE ASSOCIATE,1
"Futura TItle & Escrow, LLC",1
JLB CORPORATION,1
"Freisem, Macon Swann & Malone LLP",1
"CAPITAL AUTO FINANCIAL, INC.",1
Laurens Financial Services Inc,1
"Private Mortgage Advisors, LLC",1
California Enterprise Agencies,1
TITLE MIDWEST INC,1
Goodwill Finance LLC,1
William Raveis Real Estate,1
DB Premier Asset Partners LLC,1
CrediFlash LLC,1
"Valer Enterprises, Inc",1
"Assets Recovered, LLC",1
"Loom Capital, LLC",1
OpenRoad Financial Services Inc,1
Recovery Remedies Corporation,1
"Wheeler Law Firm, PLLC",1
Account Brokers Inc.,1
"CBG Financial, LLC",1
Best Ride Inc,1
TRI POINTE HOMES INC,1
"Resurgence Financial, LLC",1
"NORTHPOINT MORTGAGE, INC.",1
Blackrock Mitigation Group LLC,1
Welcome Home Finance,1
"Hertzmark, Crean & Lahey, LLP.",1
"Meyer & Njus, P.A.",1
"Brent D. Stamps, Attorney at Law",1
"Rescue 1 Financial, LLC",1
Wellmont Health System,1
AMERICAN FEDERAL MORTGAGE CORPORATION,1
"Nudge Funding, LLC",1
"Aurora Financial, LLC",1
"Phoenix Management Solutions, L.L.C.",1
AmRes Corporation,1
ADVANCED COLLECTION SOLUTIONS LLC,1
"Sanders, Ranck & Skilling, P.C.",1
Nexgen Services Inc,1
"Solidifi US, Inc.",1
"WAKEFIELD & ASSOCIATES, INC.",1
The Gentry Law Office LLC,1
"KCC Services, LLC",1
Lakeside Receivables LLC,1
"Trident Home Loans, LLC",1
C B Merchant Services,1
CITY CREDIT CORPORATION,1
"North American Asset Services, LLC",1
PINNACLE CAPITAL MORTGAGE CORP,1
"Michigan Legal Specialists, P.C.",1
ECG Debt Collection Corp.,1
Loan Fox Inc,1
North Main Motors Inc.,1
"Grant Law, LLC",1
GET A RATE LLC,1
CaseAdvance,1
"SKY FINANCIAL SERVICES, INC.",1
Covington Capital Corporation,1
MORTGAGE EQUITY PARTNERS LLC,1
Fidelity Home Group Corp.,1
HK Recovery Group Inc.,1
"Enhanced Recovery Services 2, Inc.",1
"MBM Collections, LLC",1
"Button Finance, Inc.",1
"Premier Lending, Inc.",1
"Legal Recovery Law Offices, Inc",1
"Wyatt Johnson Automotive Group Holdings, LLC",1
"Nelson, Watson & Associates, LLC",1
New Silver Lending LLC,1
"Commercial Mortgage Consultants, Inc.",1
"NorAm Capital Holdings, Inc.",1
Schaefer Legal LLC,1
Posh RE Mortgage corporation,1
"JMD,LLC",1
"Pickett Law, LLC",1
Peoples Commerce Inc,1
Levon Gukasyan DBA Garman Financial,1
Chester County Auto Finance Inc,1
"Home Lending Pal, Inc.",1
COOPERATIVA DE AHORRO Y CREDITO HATILLO,1
"Crystal R. Cole, Attorney at Law",1
"Segan, Mason & Mason, P.C.",1
"IMC Capital, LLC",1
"Union Adjustment Company, Inc.",1
"Unified Mortgage Service, Inc.",1
"Keypoint Mortgage, LLC",1
CNJ Enterprises LLC DBA Legal-Bay LLC,1
A & E Futures LLC,1
Northrim Capital Investments Co.,1
Boich Law Offices,1
"Freedom Rides, Inc.",1
"Vellum Mortgage, Inc.",1
"Marlin Mortgage Holdings, LLC",1
Cornerstone Lending Group Inc.,1
RELIABLE HOLDINGS MANAGER LLC,1
Tecco Systems,1
FIRST CENTENNIAL MORTGAGE CORP,1
"Echelon Financial, Inc.",1
"The Law Office of Peter S. Lake, P. C.",1
"Alco Collections, Inc.",1
Winton Law,1
SUMMIT MORTGAGE CORPORATION,1
Wilkie Puchi L.L.P.,1
"CORNERSTONE RESOLUTION GROUP, INC.",1
"Medical & Professional Collection Services, Inc. NC.",1
"Southeast Auto Financial Services, LLC",1
"Southwest Collection Services, LLC",1
"North Colony Law Group, PC",1
Sir Finance Corp,1
Encompass Mortgage Services Inc.,1
"WEST ASSET MANAGEMENT, INC.",1
COOPERATIVA DE AHORRO Y CREDITO BARRANQUITAS,1
"Maddocks Collection Services, LLC",1
ALPHA MORTGAGE CORPORATION,1
General Financial Group Inc,1
"TrustLine Mortgage, Inc.",1
ANDERSON FINANCIAL GROUP,1
Philip Sellers P.C.,1
"Payday Loan, LLC (CA)",1
Stone Haven Capital,1
M&S Recovery Solutions,1
Mungo Financial Group,1
RADIUS FINANCIAL GROUP INC.,1
"Law Office of Gregory Javardian, LLC",1
"Premier Auto Sales, Inc.",1
Lexicon Title Services LLC,1
"Ernst, Ernst & Artmann, Inc.",1
Loantopia,1
"Real Title Agency, LLC",1
"Affordable Auto Finance, Inc",1
"William A. Hecht, P.C.",1
Ahn Management LLC,1
"Bartley & Spears, P.C.",1
Lon Inc.,1
AFC Recovery LLC,1
"Hameroff Law Group, P.C.",1
Cross America Financial LLC,1
Legacy Funding Corporation,1
"Costner Law Office, PLLC",1
Citizen Mortgage LLC,1
"Lafayette, Ayers & Whitlock, PLC",1
Direct Capital,1
Delphi Group Inc.,1
Beach Cars of West Palm Inc.,1
NCMI Corporation,1
"Intelliloan, Inc",1
Neil Huffman Automobiles Inc.,1
"Chowder, Inc.",1
"Haws, Inc. d/b/a Loan House",1
ALCOVA MORTGAGE LLC,1
"ISCC, LLC",1
"Automotive Services Finance, Inc.",1
CRCO,1
Scranton Recovery Group LLC,1
Zeidman’s Jewelry & Loan of Michigan,1
"CMM of Louisiana, LLC",1
Car World Group,1
Instant Cash Point,1
"Georgia Mortgage Resources, LLC",1
Thinkwallet Loans,1
"Harrington Law Firm, P.C.",1
"Rosen Harwood, P.A.",1
Aidenbaum Schloff and Bloom PLLC,1
States Resources Corp.,1
TOO STRONG Mortgage LLC,1
"RELIABLE FINANCIAL SERVICES, INC.",1
"America's Secure Home Loans, Inc.",1
4 RE Services llc,1
Reese Pyle Meyer PLL,1
PacWest Funding Inc,1
Capital Realty Professional LLC,1
Shop Your Own Corp,1
"Continental Credit, LLC",1
Southern Fidelity Mortgage Group of Huntsville,1
"BLACK HILLS CHILDREN'S RANCH, INC.",1
TOWER MORTGAGE CORPORATION,1
"Continental Collection Agency, Ltd.",1
"MedPlan Credit, LLC",1
Broadway Account Services,1
"CAPITAL SOLUTIONS MANAGEMENT, INC.",1
"A.L. Babbs and Associates, LLC",1
LoanStar Home Lending,1
Fairfax Lending Inc.,1
"BATON ROUGE FINANCIAL SERVICES, L.L.C.",1
"Prominence Capital Partners, LLC",1
"South Fork Funding, inc.",1
"Performance Settlement, LLC",1
16 Hands LLC. dba Fiducius,1
The Borrowing Club,1
"Family Mortgage, Inc",1
"Keowee Auto Sales, Inc.",1
"Foothills Mortgage Group, LLC",1
Greg King DBA Karma Consulting,1
"O'Currance, Inc.",1
"LORD MORTGAGE & LOAN, INC.",1
Rothberg Logan & Warsco LLP,1
SUPERIOR CAR CREDIT,1
Family Credit Management,1
American Billing & Collection,1
ACG FUNDING INC,1
"Coastline Capital Fund Management, LLC",1
South Coast Doc Prep,1
"Senior Management Group, Inc.",1
"Rapido Credit Repair, Inc.",1
Credit My Rent Inc,1
Smart Money Alliance,1
"Trebar Financial Services, Inc.",1
United Home Loan Services Inc.,1
"Grupo Estrella, LLC",1
Premium Security Inc.,1
"Fitzgerald Goldman & Associates, Inc.",1
"Columbus Capital Lending, LLC, Miami, FL Branch",1
"Westside Recovery Services, LLC",1
First Sun Financial Inc,1
"AZ Home Loans, LLC",1
Brentwood Pacific Financial,1
"Lender Services, Inc",1
AMERITRUST MORTGAGE CORPORATION,1
"LD Settlement Services, LLC",1
"Collection Specialists, Inc.",1
Beloin & Brown LLC,1
"Best Account Receivables Management Solutions, LLC",1
MIDCOUNTRY FINANCIAL CORP,1
"Kurt A. Holmes, PA",1
Law Office of Stephen Buckley PLLC,1
"Trinity Enterprises Partners, LLC",1
24/7 MORTGAGE CORPORATION,1
Law Firm of Karl Frankovitch,1
"Reliable Home Lenders, LLC",1
Prime Credit Corporation,1
"Peak Acceptance, LLC.",1
"TRT HOME LOANS, INC.",1
Layer2 Financial Inc.,1
"Marvel & Maloney, P.C.",1
"Vis Law, LLC",1
"HOUSTONIAN MORTGAGE GROUP, INC.",1
"A & A North American Financial, LLC",1
"American Trst Company, Inc.",1
"Preferred Capital Funding of Illinois, LLC",1
"Western Credit & Collection Service, Inc.",1
Zenith Financial,1
"DeBellis Financial Services, Inc.",1
Grads Financial,1
"Harrington, anderson & deblasio",1
Envision Funding Solutions,1
"Pitbladdo Botteron and Jarvis, LLC",1
Saba Commercial Services Corp dba Saba & Associates,1
WALTON FUNDING LLC,1
"The Schutzer Group, PLLC",1
"Thomas Kerns McKnight, LLP",1
Direct Account Management,1
"Kirkwood Law, LLC",1
ALLIED NATIONAL INC,1
Express Cash Mart Management,1
"Coastal Breeze Mortgage, LLC",1
"West Law Group, PLLC",1
"Professional Services of NY, Ltd.",1
Paradigm Capital Group,1
Meridian Title  Corporation,1
FIRST AMERICAN MORTGAGE TRUST,1
PROVINCE MORTGAGE ASSOCIATES,1
"AMERICONSULTANTS, LLC",1
"AMERICA'S LOAN COMPANY, LLC",1
General Credit Service Inc.,1
Sandman Law Group LLC,1
WINNPOINTE CORPORATION,1
Mortgage Choice LLC dba: Motto Mortgage Choice,1
"Accredited Land Transfer Col, Inc.",1
Cember & Cember P.C.,1
WILLOW BEND MORTGAGE,1
ALASKA COMMISSION ON POST SECONDARY EDUCATION,1
OttoMoto,1
"Property Collection Lawyers, LLC",1
"NOVAD Management Consulting, LLC",1
"Whitewater Recovery Solutions, LLC",1
"Creditors' Service Bureau of Niles, Inc",1
Lighthouse Acceptance Corporation,1
CAROLINA FINANCIAL OF BEAUFORT INC.,1
Angel Oak Home Loans LLC,1
ME Title Holding LLC,1
"DAVID W. EDWARDS, P.C.",1
Marquee Funding Group Inc.,1
Royalty Lending Financial Services Inc.,1
"Synergy One Lending, Inc.",1
POLARIS HOME FUNDING CORP,1
"CLuisMortgages, LLC",1
ARP & Associates LLC,1
Credit Points LLC,1
Maison Capital Group Inc,1
"Goldman, Imani & Goldberg, Inc",1
"Linden Research, Inc.",1
Accenture LLP,1
"KeyStone Financial ,LLC",1
Venture Auto Finance,1
Fintology Technologies,1
DMI America Inc,1
Red Leaf Servicing,1
"ONE WAY RECOVERY SOLUTIONS, LLC",1
Universal Technical Institute,1
"MORTGAGE AMERICA, INC",1
Cannon & Cannon Firm PC,1
Northwest Acceptance Corp. Inc.,1
"American Financial Credit Services, Inc.",1
"Weinstein & Riley, P.S.",1
FIRST US CAPITAL LLC,1
"Nationwide TFS, LLC",1
Headwaters Financial Corp.,1
"Approved Mortgage Source, LLC",1
Summit Consumer Group,1
"Jackson Law Offices, PLLC",1
OfferMarket,1
MBA Mortgage Services Inc.,1
HANCOCK MORTGAGE PARTNERS LLC,1
"Mortgage Expert, Inc. dba The Mortgage Expert",1
MILLS LTD. dba Credit Bureau of Klamath County,1
Prospering Home Loans LLC,1
Advanced Credit Management,1
"RICHLAND LOAN PROCESSING CENTER, LLC",1
National Asset processing LLC,1
"The Affiliated Group, Inc",1
Saul Jablon Attorney at Law,1
Arbor Residential Mortgage LLC,1
"B Walters CO., LLC",1
"Egon Singerman, Attorney at Law",1
"R J Baucum Enterprises, Inc.",1
"Leading Edge Solutions, LLC",1
"Lincoln Capital, LLC",1
Airport Finance,1
"Lansing Professional Business Bureau,Inc",1
The Star Financial,1
VIAL FOTHERINGHAM,1
East McComb Check Cash,1
"Strategic Funding, Inc.",1
Silverline Lending L.L.C.,1
Asset Recovery Inc,1
"MVBA, L.L.C.",1
"First Choice Lending Group, LP",1
"Cumberland Financial Services, INC.",1
Porter Law Firm,1
"Medical Delinquency Management, Inc",1
"Resolute Credit, LLC",1
"Auto Properties II, LLC",1
Atlantic Mortgage Direct LLC,1
Armstrong Teasdale LLP,1
9 Dots Lending LLC,1
Michelle A. Arace dbaThe Law Firm of Michelle A. Arace,1
ClearLine Loans LLC,1
"Gordon, Feldbaum & Cantora",1
"Community Credit of Leeds, Inc.",1
Daramad LLC,1
Accredited Business Solutions LLC,1
"JBS Finance, Inc.",1
"Law Offices of Bill Malone, Jr.",1
"Bench Equity, L.L.C.",1
"GLENN ASSOCIATES MID-ATLANTIC, INC",1
PLAC Guarantee,1
"HENRY SCHEIN, INC.",1
"SunnyHill Financial, Inc.",1
"AFI Loan Servicing, LLC",1
"The Green Law Firm, PC",1
Revela Inc,1
NEIGHBORHOOD ECONOMIC DEVELOPMENT CORPORATION (NEDCO),1
Choice Payment Services,1
"Randolph Walzer & Associates, LLC",1
National Credit Processing Inc.,1
"Title One, Inc.",1
Dario Auto Sales,1
Smart Auto Leasing,1
House Of Finance Corp.,1
"Case Law Firm, S.C.",1
ROLS INC,1
"Tweedy Law Office, LLC",1
"Stevens Business Service, Inc.",1
Blue Printing Success Inc,1
"PIC Capital, Inc. dba Direct Home Lending",1
"Keystone Funding, Inc.",1
CONTINENTAL MORTGAGE BANKERS,1
"American 1st Rate Mortgage, LLC",1
Loansteady LLC,1
"Snap Credit, Inc.",1
"OVM FINANCIAL, INC",1
"We Find Everyone, Inc.",1
"Casesa Bowden Barlow, P.A.",1
"Centara Capital Group, Inc.",1
Robert Morgan Group Inc,1
ASPIRE FINANCIAL INC.,1
"Take Charge America, Inc.",1
"ProVisor, Inc.",1
DriveNow Leasing LLC,1
General Acceptance LLC,1
"Financial Services of Mississippi, Inc.",1
"Anchor Home Mortgage, Inc.",1
Commercial and Medical Credit Services,1
Developers Mortgage Co.,1
"CREDIT BUREAU OF FARMINGTON, INC",1
Malik J Hall Inc,1
Newby Sartip & Masel LLC,1
"National Check Bureau, Inc.",1
"MSK Group, Inc.",1
"Colten Mortgage, LLC",1
"CHS, Inc.",1
"URS Solutions, LLC",1
UNITED SECURITY FINANCIAL,1
Post Oak Title,1
The Rose Law Firm PLLC,1
"Miller George and Suggs, PLLC",1
"United Docu Prep, Inc.",1
BR & CA Finance Corp,1
Hernandez R E Services,1
"Constantino Law Office, P.C.",1
"Enhanced Acquisitions, LLC",1
TitanPrep Inc,1
Miller Harrison LLC,1
"Avrutis & Foeller, P.A.",1
Horman Nichols LLC,1
Turke & Strauss LLP,1
Student Assist Plus LLC,1
"MERFICAP, LLC",1
AMERICAN EQUITY MORTGAGE,1
Integrated Mediation Solutions LLC,1
"PCMA, Inc.",1
"Leatherstocking Group, Inc.",1
Account Management Resources,1
"Efinity Financial, LLC",1
"Financial Aid Network, LLC",1
OAKTREE FUNDING CORPORATION,1
Credit Mount,1
"Murphy Law Office, LLC",1
KPL Select Mortgage Inc,1
"Pacific Coast Legal Services, Inc.",1
"AR Resources, Inc. (FL)",1
"Occupational Management Group, LLC",1
PPPLF ECONOMIC AND COMMUNITY DEVELOPMENT INSTITUTE,1
1st Fidelity Loan Servicing,1
ML Mortgage Corp.,1
"Management Core Solutions, Inc.",1
"InterLinc Mortgage Services, LLC",1
National Credit Managers Association,1
DIRECT LENDERS LLC,1
"PACIFIC SOUTHWEST NOTE FUND, LLC",1
Brookhaven Law Group PLLC,1
"The Law Offices of Garry L. Hayes, a professional corporation",1
SGCP Holdco LLC,1
"AFJ Systems, Inc.",1
Resource Management Group,1
Superior Settlement Services LLC,1
"HUNTINGTON NATIONAL BANK, THE - FIRSTMERIT BANK, N.A. BRANCH",1
"EULER HERMES UMA, INC.",1
"Prospect Financial Group, Inc",1
Elite Debt Brokers,1
SCHAEFER MORTGAGE CORPORATION,1
"1ST FINANCIAL, INC.",1
"Laelia, LLC",1
NorthStar Technologies,1
Convergys,1
"Kohner, Mann & Kailas, S.C.",1
BIRK CORPORATION,1
"Timothy C. Runyan, P.C.",1
Wertjes Atkission Law PS,1
"FX Quick Cash, LLC",1
Delay Group DBA The Debt Management Group,1
COLLTECH INC,1
CAPITAL CENTER LLC,1
Inter-America Finance Corp.,1
Blackhawk Finance,1
Scott-Roberts and Associates LLC,1
"COAST 2 COAST LENDERS, LLC",1
Go Rascal Inc.,1
"Advantage Financial Services, LLC",1
Boostify Financial Solutions,1
Atchison Account Management,1
West Virginia Housing Development Fund,1
Jacob & Griffin Associates,1
"PRIORITY FUNDING, LLC",1
"Presto Mas, Inc.",1
Northeast Collection Bureau,1
Preferred Finanical Services Corporation,1
Lakeland West Capital LLC,1
Montgomery & Meyers P.A. Corporation,1
Advantage Finance LLC,1
G. R. Isidro,1
Tex-Mex Primo Auto Sales,1
Spec Hoffman Auto Sales Inc.,1
DEEP SOUTH FINANCIAL SERVICES INC.,1
"Certus Capital, LLC",1
"Crystal Motorsports, LLC",1
Miranda Holdings LLC DBA Total Credit Relief,1
Assure Home Mortgage LLC,1
Wholesale Tradelines,1
"(Former)Shapiro, Swertfeger & Hasty, LLP",1
SOFI LOCAL CORP,1
"TSALTA FINANCIAL COMPANY, LLC",1
Consumers Alliance Processing Corporation,1
"Capital Benefit, Inc.",1
"Machol & Johannes, LLC",1
"ADVANTAGE RECOVERY SERVICES, INC.",1
"Ambassador Mortgage, LLC",1
"Precise Home Loans, LLC",1
Simplending Financial LLC,1
Rockwallet LLC,1
"Elly, LLC",1
Capital Home Advocacy Center,1
"Equity National Title and Closing Services, Inc.",1
"Midwest Diversified Recovery Services, LLC",1
"Featured Mediation, LLC",1
Summit Mortgage Corporation,1
"Michael & Associates, PC",1
"SHM Holdings, LLC",1
"Hawthorn Recovery Services, Inc.",1
"DOSS Group, Inc.",1
Pure Debt Solutions,1
Mickel Law Firm. P.A.,1
"Crux Commercial Partners, LLC",1
"E. Margriet Langenberg, P.C.",1
"DA AUTO GROUP, INC",1
Consumer Counseling Centers LLC,1
ATM OPS Inc,1
Washington Collectors Tri Cities Inc,1
Chesapeakes Services,1
B-LO LLC,1
"Receivable Solutions, Inc.",1
"BRAZOS HIGHER EDUCATION AUTHORITY, INC.",1
Alliance Group & Associates LLC,1
West Forest Capital II LLC,1
"Landis Technologies, Inc.",1
Payment Servicing Corporation,1
Romano Parker & Associates,1
Luna Financial LLC,1
"PRO MORTGAGE ASSOCIATES, INC",1
"Rhame, Elwood & McClure PC",1
"Parlanti & Cooperman, LLP",1
"Reax Capital, LLC",1
The Law Office of Ginger Crosby Zuravel,1
COLLECTION BUREAU INCORPORATED,1
"Interstate Recovery Service, Inc.",1
Quantum Servicing Corporation,1
"The Title Connection Of South Florida, Inc.",1
Florida Coastal Closing & Escrow LLC,1
Suburban Mortgage Company of New Mexico,1
"Young America Holdings, LLC",1
Evans & Green LLP,1
"SUBURBAN MORTGAGE, INC.",1
"SELFi, Inc.",1
Paula G Kaplan Esq,1
"Wyre, Inc.",1
"Sum Investments, Inc.",1
Family First Funding LLC,1
Alternative Resource Services Inc,1
COAST 2 COAST FUNDING GROUP,1
"Emerald Canyon Capital, LLC",1
A.R.C. Accounts Recovery (U.S.A.) Corporation LLC,1
Jzanus Ltd.,1
"Ostarch Hilmy & McCauley, PLLC",1
MORTGAGE CLEARING CORPORATION,1
"Ladera Lending, Inc",1
"Union Home Loan, Inc.",1
"CBM Accounts Service, Inc.",1
"Castle Peak Mortgage, LLC",1
"Cure Payment Recovery Solutions, LLC",1
"StanleyAFE, LLC",1
"Mezzetti Financial Services, Inc.",1
High Performance Capital,1
"Alantic Personnel & Tenant Screening, Inc",1
Island Mortgage Source Inc,1
COMMUNITY MORTGAGE CORPORATION,1
Equinox Counseling Services,1
AutoSmart  Acceptance Corporation,1
Arcstone Financial Inc.,1
CreditDusters LLC,1
"Barrett Asset Recovery Services, LLC.",1
InstaLend,1
Immediate Credit Recovery,1
Xperia Credit Solutions,1
"THOMPSON KANE & COMPANY, LLC",1
Coconut Point Finance,1
Check N Title Loans,1
Taggart Motor Co,1
"Cash Advance Centers of KY, Inc.",1
"Debt Settlement Group, Inc. dba Debt Rx",1
AJM Consultants LLC,1
"Cars Financial, Inc",1
FRIENDLY FINANCE DISCOUNT CORPORATION,1
"Summit Mortgage Bankers, Inc",1
"Atlas Exploration, Inc.",1
Wisconsin Housing and Economic Development Authority,1
"Wallick & Associates, Ltd",1
Central Land Title Guarantee Company,1
Professional Receivable Solutions,1
"Bendett & McHugh, P.C.",1
"SB Holdings, Inc.",1
PPM CAPITAL INC.,1
"Market Mortgage Company, LTD",1
"Graystone Funding Company, LLC",1
"Jeffrey G. Lerman, P.C.",1
Centric Financial Group LLC,1
"Perry Law Office, P.C.",1
"Superior Home Loans, Inc.",1
"Pine Belt Credit, LLC",1
"Argolica, LLC",1
Empire Resolutions Group,1
"Accelerated Creditors Services, Inc",1
Apex Advising LLC DBA Apex Credit Fix,1
"All American Title Co., Inc",1
International Collection Agency & Service Inc.,1
"TORO COMPANY, THE",1
"Titan Home Lending,LLC",1
SCW Acquisitions LLC DBA TrustARG,1
"HONG LAN SERVICES, INC.",1
Lighthouse Finance Solutions LLC,1
"RecFi,LLC",1
Malacko Law Office,1
FYM Capital LLC,1
"1st Look Mortgage, LLC",1
TRINITY CAPITAL ADVISORS LLC,1
Global One Arbitration Inc.,1
Manufacturers Acceptance Corp.,1
Jet Lending Inc.,1
Lending Base Inc.,1
"Spinwheel Solutions, Inc.",1
"Ignite Revenue, Inc.",1
"Student Loan Care, LLC",1
"1st Capital Finance of South Carolina, Inc.",1
Encompass Recovery Group LLC,1
"Atlas Capital, Inc.",1
Fred Fincher Motors,1
"Brilliance Credit, LLC",1
Freedom Trucks LLC,1
PRESTAMOS RAPIDITOS,1
"Credit Bureau of Jonesboro, Inc.",1
The Law Office of Nicole Hillman,1
Advanced Financial Company,1
"John F. Hayter, Attorney At Law, P.A.",1
"American Cash Exchange Enterprise of Tennessee, LLC",1
INDIANAPOLIS NEIGHBORHOOD HOUSING PARTNERSHIP,1
Butte County Credit Bureau,1
LHM Financial,1
"Chattanooga Neighborhood Enterprise, Inc.",1
"RUI Credit Services, Inc.",1
"STAT Financial, Inc.",1
"West Penn Financial Service Center, Inc.",1
Select Us Consulting and Coaching,1
"Capital Collections, LLC",1
DEVLIN INC,1
"Personal Asset Recovery, LLC",1
Neighhood Housing Services of Chicago Inc,1
Wallace Consulting and Investment Corp,1
"FAN Distributing, LLC",1
"GL Financial, Inc.",1
"Merchants and Professional Bureau, Inc.",1
Greco Financial Services Corp.,1
US Mortgage Resolution LLC,1
"Global Financial Mortgage, LLC.",1
"First Financial Credit, Inc",1
Appalachian Lending Corporation,1
"Evergreen Acquistions, LLC",1
Eastside Funding LLC,1
"Accelerate Mortgage, LLC",1
"Anchor Financial Mortgage, Inc.",1
Medisys Ventures,1
Capitol Credit Company,1
"Centennial Title Agency, Inc.",1
EZ Loans Co LLC,1
JRG FUNDING LLC,1
"Inverterra Holdings, LLC",1
"MAC5 Mortgage, Inc.",1
Pagliaro Inc. dba Collection Associates,1
AMRON PROFESSIONAL SERVICES,1
"Executive Acquisitions Group, LLC",1
Red River Collections Inc.,1
"Smith & Johnson, Attorneys  PC",1
"Loan Velocity, Inc.",1
"MarineMax East, Inc.",1
Automotive Financial Services,1
Foundation Realty Group,1
JMEN Capital Group Ltd,1
Great Northern Mortgage Corp.,1
"JAMS-01, Inc",1
"XPRESS CREDIT MANAGEMENT, LLC",1
DOAN SOLUTIONS,1
"Trusted Rate, Inc.",1
Integrity Acquisitions Group,1
Auction Credit Enterprise,1
Accounts Recovery Agency Inc.,1
The Law Office of Edwin B. Parry,1
"SHAZAM, INC./IOWA TRANSFER SYSTEM, INC. (ITS)",1
Champlin & Associates PLLC,1
"SERVICE 1ST MORTGAGE, INC.",1
Jet Direct Funding Corp,1
Midwest Recovery Ltd,1
PacificLife Servicing,1
Credit Power LLC,1
Preston Clark & Quinn,1
"First Step Group, LLC",1
"Liberty Mortgage Lending, Inc.",1
Check Recovery Group,1
"Pasadena Receivables, Inc.",1
"Amerifinance, Inc.",1
"Equity Wave Lending, Inc.",1
READY MORTGAGE LENDERS LLC,1
Sentrix Financial Services,1
GREATAMERICA FINANCIAL SERVICES CORP.,1
DMC Inc,1
DCFC PL,1
Van Ru Credit Corporation,1
Fairway Consumer Discount Company,1
Real Estate Solutions,1
"Sapphire Marketing Group, Inc.",1
Valorem Lending LLC,1
American Capital Recovery LLC,1
"Executive Financial Consultants, Inc",1
ELITE FINANCIAL SERVICES INC,1
JPL Recovery Solutions,1
Monogram LLC,1
Revenue Recovery Solutions  Inc.,1
"Phil Watson, P.C.",1
"PARKSIDE LENDING, LLC",1
Revenue Recovery Systems,1
"Lowther Johnson Attorneys at Law, LLC",1
"RAB PERFORMANCE RECOVERIES, LLC",1
ONEGO Inc.,1
Sander Law LLC,1
"Consumer Financial Services of Tampa, FL LLC",1
"Results! Dental Collection Services, LLC",1
TriMark Financial Solutions DBA Distressed Mortgage Solutions,1
VIP Mortgage Inc.,1
Dash Funding Source LLC,1
"Mortgage Team 1, Inc.",1
The Law Firm of Allan C. Smith,1
AGN Auto Gallery Inc,1
"CMCO Mortgage, LLC",1
"Global Check Recovery, INC",1
"Residential Mortgage Services Holdings, Inc.",1
"Ozark Mountain Mortgage, LLC",1
Kaiter Enterprises Inc.,1
PrimeCore Group,1
"Atlas Medical Collection, Inc.",1
"OP Group Holdings, LLC",1
AMERICAN FAMILY FUNDING GROUP Inc.,1
"Williams Law Office, PC",1
Maxitransfers LLC,1
J D FACTORS LLC,1
"Stein & Stein, LLP",1
"Vanz, LLC",1
"Mortgage Professionals, Inc.",1
"Smith Law Firm, P.C.",1
"D'Aquila, Contreras and Vega, A Professional Law Corporation",1
"VStar Financial, LLC",1
"Horizon West Financial, Inc",1
"Green Mountain Capital, LLC",1
KINGS MORTGAGE SERVICES INCORPORATED,1
BYDcash LLC,1
Nevada Mortgage,1
PRIDE LENDING LLC,1
Premier Capital Investment Group,1
Alliance Collection Service,1
"Capital Markets Cooporative, LLC",1
"Investigative Concepts, Inc.",1
"Oak Harbor Capital, LLC",1
"Legacy Customer Management Group, LLC",1
Client Financial Services of Michigan LLC,1
Aerostar Finance Inc.,1
The Claims Center LLC,1
"Northern Service Bureau, Escanaba Inc.",1
"National Settlement Services, Inc",1
The Peak Service Corp.,1
TITLE FINANCIAL CORPORATION,1
"Hollander, Goode & Lopez, PLLC",1
"CREDIT ASSOCIATES, INC. (OR)",1
ALLOCATED BUSINESS MANAGEMENT LLC,1
"LEE S. DENNISON, P.C.",1
Credit Connection LLC,1
"CIRN, INC.",1
Law Offices of Jeffrey Nadel,1
UNIVERSAL LENDING CORP.,1
"Windy City Capital Management, LLC",1
"Goldman & Van Beek, P.C",1
Signature Bank (NY),1
"Andover Auto Sales, Inc. D.B.A. Broadway Auto Mall",1
"Barber, Kaper, Stamm, McWatters, Whitlock & Maloney, LLP",1
MBOCAL,1
"RIGHT START MORTGAGE, INC.",1
SIGNATURE MORTGAGE CORPORATION,1
"Codilis & Stawarski, P.C.",1
"Howard Solochek & Weber, S.C.",1
Mother Lode Holding Company,1
WCDA WYOMING COMMUNITY DEVELOPMENT AUTHORITY,1
"BesTitle Agency, Inc.",1
"PayFiniti, LLC",1
DRAPER AND KRAMER MORTGAGE CORP AND ECLIPSE MORTGAGE LLC,1
"Simple Cash Loans, Inc.,",1
"MM Cooperation, Ltd Co",1
HOMEPROMISE CORPORATION,1
"CBM Mortgage, Inc.",1
Watanabe Ing LLP,1
"OS National, LLC",1
USI Solutions Inc.,1
"WCS LENDING, LLC",1
"First Title & Escrow, Inc",1
"FlexPoint, Inc.",1
"MDE Home Loans, LLC",1
Universal Commercial Capital. Inc,1
Kees to Success,1
Liberty Home Mortgage Corporation,1
JOSEPH R. HARRISON CO. LPA,1
Students Come First,1
"Asset Pursuit, LLC",1
AMERICAN FINANCIAL MORTGAGE COMPANY,1
N A NATIONWIDE MORTGAGE,1
"PingYo, Inc.",1
cottman check cashing l.p.,1
"Richard J. Knapp & Associates, P.C.",1
"Consumer Education Services, Inc.",1
"Multi-Financial Services, Inc.",1
"BCAF, Inc",1
"SOUTH COUNTRY CAPITAL MANAGEMENT, LLC",1
"Firsel Law Group, Ltd.",1
"CARMEL FINANCIAL CORPORATION, INC.",1
"ClosingMark Financial Services, LLC",1
Guidiville Indian Rancheria,1
"CORNERSTONE MORTGAGE, INC.",1
"Bonded Collectors of Wisconsin, Inc",1
"Gerard Services, Inc.",1
Escrow of the West,1
"iCore Lending, Inc.",1
"Spectrum Funding Group, LLC",1
"Isanthes, LLC",1
SCHEER LAW GROUP LLP,1
Guaranty Solutions LLC,1
Approved Mortgage Corporation,1
Koster's Cash Loans,1
"Hawk, Haynie, Kammeyer & Smith, LLP",1
"MCM Holdings, Inc.",1
"INTERIM CAPITAL GROUP, INC.",1
"USA Credit Solutions, Inc",1
"Dennis P Lee P.C., L.L.O.",1
"Outsource Services, Inc. d/b/a National Acceptance Company",1
"FC LENDING, LTD.",1
Home Mortgage Finance Corp,1
JB Motors LLC,1
Wagestream,1
Vivix Credit Solutions,1
"STATEWIDE HOME MORTGAGE, INC",1
"Dwight Financial, Inc.",1
"Mythe Huff & Murphy, PC",1
"MMMM Holdings, LLC",1
Halpin Slagh PC,1
Harris Law Group,1
"Accelerated Recovery Services, Inc",1
GABA LAW CORPORATION,1
FAITH FINANCIAL LLC,1
SIMPLE CAR TITLE LOANS INC,1
1 Stop Payday Loan Services LLC,1
Baker Recovery Services,1
Opensky Legal Services,1
"Cayetano Development, LLC",1
"Wise Finance, LLC",1
Whitestone Financial Holdings LLC,1
CAPITAL INTERNATIONAL FINANCIAL INC.,1
COOPERATIVA DE AHORRO Y CREDITO ROOSEVELT ROADS,1
JGB Management Inc.,1
The Avon Group dba Wyn Financial,1
Gingo Palumbo Law Group LLC,1
"IMPERIAL CREDIT SYSTEMS, INC.",1
"Tri-Emerald Financial Group, Inc.",1
INTERNATIONAL CITY MORTGAGE,1
"Severin, Ringsak & Morrow",1
"Empire Financial Services, Inc.",1
"Capital M Lending, LLC",1
"Patch Homes, Inc. dba Noah",1
Lakeland Recovery Solutions,1
"Genesis Financial & Payment Systems Holdings, LLC",1
Affiliated Acceptance Corporation,1
Homestead Title Abstract Agency Inc.,1
Debt Management Partners LLC,1
Vehicle Solutions Corp,1
Surepay Lending Group LLC,1
Diamond Funding Corporation,1
North Prime Lending Inc,1
"Benchmark Capital Management, LLC",1
Account Liquidation Services Inc.,1
Spicewood Funding Group,1
The Wirbicki Law Group LLC,1
"Law Office of Mark L. Nichter, PC",1
"Check Security Associates, LLC",1
Action Collectors Inc.,1
"SEMPER HOME LOANS, INC",1
"Affiliated Collection Service of Florida, Inc",1
NOBLE HOME LOANS INC,1
Auto Acceptance Finance LLC,1
DSJ Service Corporation,1
"New Direction, Inc",1
"JZ Mortgage Services, Inc.",1
Genessee Financial,1
Nation One Mortgage Corporation,1
PARAMOUNT BOND & MORTGAGE CO.,1
"American Credit Exchange, Inc",1
Fair Credit Firm  (Kona Credit),1
"ACADEMIC SOLUTIONS OF NEW YORK, LLC",1
First Coast Auto Finance,1
"P.D.A.B., Inc",1
"RIGHT SIDE UP LENDING, LLC",1
1ST 2ND MORTGAGE CO. OF NJ INC,1
"Receivables Management Associates, Inc.",1
"Oakdale Group of Companies, LLC",1
Recovery Legal Group,1
"EzeCreditServices, LLC",1
Sunshine State Credit,1
DLG LLC,1
Brian Kvarfordt,1
"Operating Partners Co., LLC",1
Kaydem Enterprises LLC,1
"Adam I. Skolnik, P.A. d/b/a Law Office of Adam I. Skolnik, P.A.",1
HLT CHECK EXCHANGE LLP,1
Rediger Investment Corporation,1
"Eisenburg,Whitman and Associates",1
Avenify Corporation,1
DTA GROUP LLC,1
"Compass Property Group, LLC",1
Independent Finance Company LLC,1
Hometown Select Mortgage LLC,1
SATORI FINANCIALMORTGAGE GROUP LLC,1
PLDR,1
"Executive Title & Closing, Inc.",1
"WD Global Group, LLC",1
Penrith Home Loans LLC,1
"Capital Assessment Service Company, Inc.",1
"Law Offices of Thomas B. Peterman, P.A.",1
"First American Solutions, LLC",1
QUEST FINANCE  LLC,1
Hanbery & Turner P.A.,1
"First Equity Mortgage Bankers, Inc.",1
Fulton Friedman & Gullace LLP,1
"BON TERRE CREDIT, LLC",1
Sorensen Auto Plaza,1
GUARANTEED HOME MORTGAGE COMPANY,1
"Total Customer Service, Inc.",1
"Law Offices of Palmer, Reifler & Associates, P.A.",1
Roseberry Inc.,1
"Klutch Technologies, Inc.",1
Second Chance Advocate,1
Simon PLC Attorneys & Counselors,1
"Wator & Associates, P.C",1
"SIERRA LENDING GROUP, LLC",1
PROFESSIONAL SOLUTIONS GROUP,1
"Account Control Systems, Inc",1
"Direct Recovery Services, LLC",1
Home Mortgage Alliance Corp. (HMAC),1
"FIRST PRIORITY MORTGAGE, INC.",1
Consumer Asset Management (Texas),1
Hilco Receivables LLC,1
Quantum Leap Mortgage Corporation,1
Finco Holding Company LLC,1
Lionheart Funding LLC,1
Title Security Agency LLC,1
"Coastal Custom Mortgage, Inc.",1
STONEGATE MORTGAGE CORPORATION,1
"Mason, Schilling & Mason Co., LPA",1
"Northwest Contract Collections, Inc.",1
Link Chain World Inc,1
PROVENTURE CAPITAL LLC,1
"McManamy, McLeod, Heller, LLC",1
David Deep Law Offices,1
"NorthStar Settlement Services, LLC",1
Citadel Finance Company,1
"Brazington Mortgage, LLC",1
"Ladera Ranch Home Loans, Inc.",1
Sonora Lending Corporation,1
"Professional Datasolutions, Inc.",1
FS Card Inc.,1
"ONY GLO, INC.",1
"Allegiant Receivables Solutions, Inc",1
"StrongBox Home Loans, LLC",1
"AFM Financial Services, LLC",1
SweetPay LLC,1
"Law Offices of Richard J. Manning, Jr.",1
Certified Direct Solutions,1
Unlimited Credit Repair,1
"ClarityPay, Inc.",1
Shnayder Law Firm LLC,1
Make A Way Worldwide,1
"D&D Motors S, Inc",1
"Hasson Law, LLC",1
"Healthcare Receivables Group, Inc.",1
"Higlobe, Inc.",1
"Safetrust Mortgage, LLC",1
"FPS-Nationwide, LLC",1
"Talbot, Adams, & Moore, Inc.",1
Primary Financial Services L.L.C.,1
Aspire Mortgage Advisors LLC,1
Phoenix mortgage specialist inc.,1
"Island Portfolios Services, LLC",1
AltCap,1
Duane Morris LLP,1
Credit Diva of Dallas Inc.,1
Recovery Exchange LLC,1
"A+ Financial Services, Inc.",1
The Collection Agency LLC,1
Aries Loans Inc,1
"Colorado Capital Investments, Inc.",1
"Plato, LLC",1
"Receivables Management Group, Inc. (MN)",1
Black Equity Lending LLC,1
"Norwest Auto Sales, Inc",1
"James D. Calmes, 111",1
Inclusive Action for the City,1
Golden State Home Loans Inc.,1
Witkes Law Firm LLC,1
Blue Ox II LLC dba MyHRScreens,1
Michael Andrews & Associates LLC,1
Checkpoint Screening,1
Lakeview Mortgage Inc.,1
"Gershfeld Law Group, P.C.",1
"iSolved HCM Services, LLC",1
"Instant Cash Flow, Inc.",1
Normandy Corporation,1
"HMSV Financial Services, Inc.",1
"Access Capital Services, Inc.",1
TOPA EQUITIES,1
National Arbitration Forum,1
"391 Financial, Inc.",1
A1 Lending Team LLC,1
ARM WNY LLC,1
"Wilson Salamoff, LLP",1
BFS Capital Inc.,1
"MAS Associates, LLC",1
"Liberty Credit Services, Inc.",1
"VANDERHEYDEN LAW OFFICE, P.A.",1
Premier Portfolio Group,1
EPA USA INC,1
Levelset Collection LLC,1
onDemand Lending Inc.,1
"McPhail Sanchez, LLC",1
"TRISTATE CAPITAL HOLDINGS, INC",1
The Car Network llc,1
Pacific Collections,1
"Panteris & Panteris, LLP",1
Accounts Receivable Consultants Inc.,1
ENRAMEX INC,1
Gulf Coast Auto Credit Corporation,1
"Mid-Continent Funding, Inc.",1
GRB Law,1
"Progress Law, LLC",1
"Pegasus Legal Capital, LLC",1
"Walentine O’Toole, LLP",1
Spark Mortgage Advisors LLC,1
77 Elite,1
Rapid Mortgage Company,1
"PacWest Credit, LTD",1
Clay Chapman Iwamura Pulice & Nervell,1
AAA  LENDERS INC.,1
Neb-Tex of Dalhart LLC,1
Associates International Holdings Corporation,1
Cycleone Financial Group,1
Approve Lending Holdings LLC,1
CBC Holdings LLC,1
D. SCOTT CARRUTHERS,1
Richard A. Weidel Corporation,1
DocuPrep Xpress,1
"ATLANTIC COAST MORTGAGE, LLC",1
"Tennessee Quick Cash, Inc.",1
AIM Financial LLC,1
"Heller and Frisone, LTD.",1
"Credit Bureau Services, LLC",1
RDM Capital Funding LLC,1
FINANTA FEDERAL CREDIT UNION,1
"Mexico Transfers, Inc.",1
The CFM Group,1
Hampton & Hampton Collections LLC,1
Federal Financial Services Inc,1
"ZenResolve, LLC",1
Man-Data Inc.,1
Fulfillment Financial Solutions,1
"Benefit Recovery Group, LLC",1
AURORA FINANCIAL GROUP INC,1
"Reset Financial Technologies, Inc.",1
Backgrounds Online,1
Jackson Automotive Resources,1
SQUARETWO FINANCIAL CORPORATION,1
KCM & AHS LLC,1
"KMT Group, LLC",1
CalLoan Corp,1
"REISENFELD & ASSOCIATES LPA, LLC",1
"United Debt Counselors, LLC",1
A & J COLLECTION,1
WALL STREET MORTGAGE BANKERS,1
"Kostka and Associates, LLC",1
NCR Financial Services Inc,1
"Launch Financial Group, LLC",1
"Apple Auto Sales, Inc.",1
"Padfield & Stout, LLP",1
Top Credit Consulting,1
"Jensen & Sullivan, LLC",1
"Nolensville Road Auto Mart, Inc.",1
Andy Bowers & Associates LLC,1
Inland Debt Management,1
CURevl LLC,1
"Blue Sky Capital Realty, Inc.",1
"Lawyers Title of Cincinnati, Inc.",1
Singer Financial Corp.,1
Rno Partners Limited,1
MAJR Financial Corp,1
ONLINE MORTGAGE GROUP,1
"Key Debt Recovery, Inc.",1
Neuhauser Law PLLC,1
Tri-Cities Finance Company,1
Molinar LLC dba El Patron Title Loans,1
EliteCashWire.com Inc,1
"Loan Pronto, Inc.",1
"Mid-Atlantic Portfolios, LLC",1
CSI Mortgage Corporation,1
Empire Realty Inc. DBA US Funding Co.,1
City First Mortgage Corp,1
"INTEGRA SERVICING, LLC",1
Barham & Maucere LLC,1
"Apple Law Group, Inc.",1
"Instant Loans, Inc",1
