Company,Count
"EQUIFAX, INC.",2929784
"TRANSUNION INTERMEDIATE HOLDINGS, INC.",2859795
Experian Information Solutions Inc.,2640226
"BANK OF AMERICA, NATIONAL ASSOCIATION",164221
WELLS FARGO & COMPANY,153320
JPMORGAN CHASE & CO.,150877
CAPITAL ONE FINANCIAL CORPORATION,140309
"CITIBANK, N.A.",119326
SYNCHRONY FINANCIAL,68236
"Block, Inc.",56382
AMERICAN EXPRESS COMPANY,48924
Resurgent Capital Services L.P.,48594
"Portfolio Recovery Associates, LLC",45365
ENCORE CAPITAL GROUP INC.,45110
U.S. BANCORP,43393
"Navient Solutions, LLC.",43137
DISCOVER BANK,41044
NAVY FEDERAL CREDIT UNION,39595
"Bread Financial Holdings, Inc.",38522
Ocwen Financial Corporation,36446
"CBC Companies, Inc.",35209
LEXISNEXIS,35146
TD BANK US HOLDING COMPANY,31536
"Early Warning Services, LLC",31108
"Paypal Holdings, Inc",30848
PNC Bank N.A.,28890
CL Holdings LLC,26780
ALLY FINANCIAL INC.,24785
BARCLAYS BANK DELAWARE,23476
"Nelnet, Inc.",21343
MOHELA,21165
NATIONSTAR MORTGAGE LLC,19296
TRUIST FINANCIAL CORPORATION,19279
"CCS Financial Services, Inc.",18487
"I.C. System, Inc.",17572
TRANSWORLD SYSTEMS INC,16918
UNITED SERVICES AUTOMOBILE ASSOCIATION,16622
Chime Financial Inc,16263
AES/PHEAA,16258
"CITIZENS FINANCIAL GROUP, INC.",16159
"Shellpoint Partners, LLC",15623
"SELECT PORTFOLIO SERVICING, INC.",15324
GOLDMAN SACHS BANK USA,15100
Ditech Financial LLC,14953
"National Credit Systems,Inc.",14289
Mr. Cooper Group Inc.,14256
"Fidelity National Information Services, Inc. (FNIS)",13405
FIFTH THIRD FINANCIAL CORPORATION,13227
Santander Consumer USA Holdings Inc.,12455
ERC,12423
HSBC NORTH AMERICA HOLDINGS INC.,12079
"SANTANDER HOLDINGS USA, INC.",11314
CREDIT ACCEPTANCE CORPORATION,11205
"Kriya Capital, LLC",10695
"Westlake Services, LLC",9865
"Affirm Holdings, Inc",9697
"SUNTRUST BANKS, INC.",9643
"Convergent Resources, Inc.",9079
REGIONS FINANCIAL CORPORATION,9005
M&T BANK CORPORATION,8937
OneMain Finance Corporation,8790
Specialized Loan Servicing Holdings LLC,8771
"Maximus Federal Services, Inc.",8704
"Coinbase, Inc.",8686
"CAINE & WEINER COMPANY, INC.",8541
Freedom Mortgage Company,8416
"General Motors Financial Company, Inc.",7972
"National Credit Adjusters, LLC",7947
Self Financial Inc.,7820
CORELOGIC INC,7482
KEYCORP,7407
"LoanCare, LLC",7392
Comerica,7324
TOYOTA MOTOR CREDIT CORPORATION,7126
"HUNTINGTON NATIONAL BANK, THE",7117
"HW Holding, Inc",7017
EdFinancial Services,6971
"CLGF Holdco 1, LLC",6765
"Exeter Finance, LLC.",6755
"Southwest Credit Systems, L.P.",6746
HYUNDAI CAPITAL AMERICA,6464
"CARRINGTON MORTGAGE SERVICES, LLC",6231
"ID Analytics, Inc.",6175
"BMO Bank, N.A.",5881
Radius Global Solutions LLC,5862
"Rocket Mortgage, LLC",5663
PENTAGON FEDERAL CREDIT UNION,5633
"Rowland Avenue Management, Inc. A/KA Columbia Debt Recovery, LLC d/b/a Genesis",5592
"Spring Oaks Capital, LLC",5578
BB&T CORPORATION,5525
Bridgecrest Acceptance Corporation,5344
BBVA FINANCIAL CORPORATION,5184
Netspend Corporation,5095
"CAVALRY INVESTMENTS, LLC",5091
"PENNYMAC LOAN SERVICES, LLC.",5078
SLM CORPORATION,5007
AFNI INC.,4950
"Diversified Consultants, Inc.",4939
NCB Management Services Inc.,4930
"Caliber Home Loans, Inc.",4743
"ENOVA INTERNATIONAL, INC.",4685
"Amsher Collection Services, Inc.",4652
"FAIR COLLECTIONS & OUTSOURCING, INC.",4643
"SUNRISE CREDIT SERVICES, INC",4578
T.S. Holdings,4527
"ProCollect, Inc.",4511
NISSAN MOTOR ACCEPTANCE COMPANY LLC,4503
"Seterus, Inc.",4489
Synovus Bank,4377
"WESTERN UNION COMPANY, THE",4362
"SANTANDER BANK, NATIONAL ASSOCIATION",4275
"Credit Karma, LLC",4221
"Flagstar Bank, N.A.",4209
"Commonwealth Financial Systems, Inc.",4136
AMERICAN HONDA FINANCE CORP,4053
HCFS Healthcare Financial Services of TeamHealth,4046
"Community Loan Servicing, LLC (formerly known as Bayview Loan Servicing, LLC)",4009
Atlanticus Services Corporation,4005
RUSHMORE LOAN MANAGEMENT SERVICES LLC,3802
"SOFI TECHNOLOGIES, INC.",3802
"Fay Servicing, LLC",3638
Kikoff Inc.,3619
FIRST NATIONAL BANK OF OMAHA,3605
"The CBE Group, Inc.",3545
CURO Intermediate Holdings,3490
"Sequium Asset Solutions, LLC",3489
Global Lending Services LLC,3325
ROBINHOOD MARKETS INC.,3231
"Aldous & Associates, PLLC",3206
World Acceptance Corporation,3186
"W&A Intermediate Co., LLC",3132
FC HoldCo LLC,3112
"The CMI Group, Inc.",3090
MONEYGRAM PAYMENT SYSTEMS WORLDWIDE INC,3087
"UPGRADE, INC.",3085
"ACIMA CREDIT, LLC",3043
FORD MOTOR CREDIT CO.,3007
"NRA Group, LLC",2989
"CarMax, Inc.",2986
MoneyLion Inc.,2965
"Ability Recovery Services, LLC",2951
"Consumer Portfolio Services, Inc.",2944
Phoenix Financial Services LLC,2913
TrueAccord Corp.,2867
Incomm Holdings Inc.,2863
Source Receivables Management LLC,2855
"Capio Partners, LLC",2838
"EOS Holdings, Inc.",2838
"ONLINE Information Services, Inc.",2777
"BMW Financial Services NA, LLC",2770
"American Credit Acceptance, LLC",2768
FISERV INC.,2747
"Harris & Harris, Ltd.",2743
RoundPoint Mortgage Servicing LLC,2695
"Continental Finance Company, LLC",2689
"WAKEFIELD & ASSOCIATES, INC.",2684
"LD Holdings Group, LLC",2684
"ONEMAIN FINANCIAL HOLDINGS, LLC.",2646
"Security Credit Services, LLC",2633
Mercedes Benz Financial Services,2613
"Conn's, Inc.",2593
"Debt Recovery Solutions, LLC",2562
"Eastern Account Systems of Connecticut, Inc.",2537
"Medical Data Systems, Inc.",2530
"LAKEVIEW LOAN SERVICING, LLC",2502
TCF NATIONAL BANK,2493
"Aargon Agency, Inc.",2476
Advanced Resolution Services Inc.,2474
PHH Mortgage Services Corporation,2450
"Receivables Performance Management, LLC",2449
BANK OF THE WEST,2444
"Colony Brands, Inc.",2434
Velocity Portfolio Group,2432
Penn Credit Corporation,2397
"MRS BPO, LLC",2366
Servicer under contract with Federal Student Aid,2317
V and H Portfolio,2316
CNG FINANCIAL CORPORATION,2305
"Dovenmuehle Mortgage, Inc.",2285
Rent Recovery Solutions,2283
Selene Holdings LLC,2260
"Diversified Adjustment Service, Inc.",2200
AmeriCollect,2200
"CIT BANK, NATIONAL ASSOCIATION",2187
Credit Corp Solutions Inc.,2143
"Avant Holding Company, Inc.",2140
"Upstart Holdings, Inc.",2127
"MARINER FINANCE, LLC",2127
LCI Acquisition Inc.,2109
"John C. Heath, Attorney at Law, PLLC",2088
VW Credit,2063
"Populus Financial Group, Inc. (F/K/A Ace Cash Express)",2045
Consumer Adjustment Company Incorporated,2013
"Credit Control, LLC",2003
CCF Intermediate Holdings LLC,1998
Conduent Incorporated,1964
"CMRE Financial Services, Inc.",1952
Ad Astra Recovery Services Inc,1942
Midwest Recovery Systems,1933
"FactorTrust, Inc.",1915
Army and Air Force Exchange Service,1902
Central Portfolio Control Inc.,1885
"Bull City Financial Solutions, Inc",1874
IQOR US INC,1865
LJ Ross Associates,1838
"EXPERT GLOBAL SOLUTIONS, INC.",1821
"AmeriHome Mortgage Company, LLC",1794
Monterey Financial Services LLC,1791
"Dynamic Recovery Solutions, LLC",1785
"Lockhart, Morris & Montgomery Inc.",1719
"Receivables Management Partners, LLC",1711
BANCO POPULAR DE PUERTO RICO,1711
"United Shore Financial Services, LLC",1709
"Professional Debt Mediation, Inc.",1701
"I.Q. DATA INTERNATIONAL, INC.",1699
Selene Finance LP,1695
"The Bureaus, Inc.",1688
MIDFIRST BANK,1675
"EVERBANK, NATIONAL ASSOCIATION",1661
NEW YORK COMMUNITY BANCORP INC,1652
Lendmark Financial Services,1644
"Collection Management Holdings, LLC",1628
AMERISAVE MORTGAGE CORPORATION,1615
"Franklin Collection Service, Inc.",1613
Alorica Inc.,1612
"RentDebt Automated Collections, LLC",1610
"Waypoint Resource Group, LLC",1583
TransferWise Ltd,1580
GREAT LAKES,1574
"Credit Systems International, Inc.",1561
SECURITY FINANCE CORP,1556
Absolute Resolutions Corp.,1547
"ARVEST BANK GROUP, INC.",1534
MicroBilt / PRBC (formerly CL Verify),1529
Innovis,1503
"United Collection Bureau, Inc.",1494
OPORTUN FINANCIAL CORPORATION,1493
Lending Club Corp,1487
"STERLING JEWELERS, INC.",1476
STATE EMPLOYEES CREDIT UNION,1465
"Halsted Financial Services, LLC.",1447
"Cascade CISS Holdings, LLC",1419
The Receivable Management Services LLC,1407
"Continental Services Group, Inc. d/b/a ConServe",1403
"WEBSTER BANK, NATIONAL ASSOCIATION",1400
"PLANET HOME LENDING, LLC",1398
FIRST HORIZON BANK,1391
"BSI Financial Holdings, Inc.",1383
FIRST ADVANTAGE CORPORATION,1382
"Capital Accounts, LLC",1379
ACS Education Services,1378
TekCollect Inc.,1352
BTH Management,1338
Possible Financial Inc,1337
Regional Management Corporation,1328
"FIRST CITIZENS BANCSHARES, INC.",1328
"Opportunity Financial, LLC",1320
CONTRACT CALLERS INC,1319
R & B Corporation of Virginia,1298
FinCo Services Inc DBA Current,1288
World Omni Financial Corp.,1275
"Byrider Franchising, LLC",1271
"Big Picture Loans, LLC",1263
TENET HEALTHCARE CORPORATION,1258
"Williams & Fudge, Inc",1258
"Servis One, Inc., Titusville, PA Branch",1255
"Open Dealer Exchange, LLC",1250
"Checkr, Inc",1249
"ORG GC GP BUYER, LLC",1247
"Prosper Marketplace, Inc.",1244
"CASHCALL, INC.",1236
"The Outsource Group, Inc",1233
TMX Finance LLC,1229
"Tower Loan of Mississippi, Inc.",1227
HEARTLAND PAYMENT SYSTEMS INC,1225
United Revenue Corporation,1219
"Stellar Recovery, Inc.",1214
Thaxton Investment Corporation,1211
First Credit Services Inc.,1210
"American First Finance, Inc.",1209
"COMMUNITY CHOICE FINANCIAL, INC.",1203
First Data Corporation,1202
Winklevoss Exchange LLC,1196
"Trident Asset Management, L.L.C.",1189
"ECMC GROUP, INC.",1183
"Paramount Recovery Systems, L.P.",1182
"Firstsource Business Process Services, LLC",1176
United PanAm Financial Corp.,1169
FirstPoint Collection Resources,1155
"AR Resources, Inc.",1149
CrossCountry Mortgage LLC,1145
"Real Time Group, Inc.",1144
FIRST PORTFOLIO SERVICING INC,1139
Blackhawk Network Holdings Inc.,1134
ALLIANT CREDIT UNION,1110
Google Compare Credit Cards Inc.,1108
"CHARLES SCHWAB CORPORATION, THE",1095
"Adler Wallach & Associates, Inc.",1082
"Paramount GR Holdings, LLC",1076
Klarna AB,1067
"Empowerment Ventures, LLC",1063
"Credit Protection Association, L.P.",1049
"Pinnacle Credit Services, LLC",1046
"URS Holding, LLC",1037
"First Federal Credit Control, Inc.",1023
Zions Debt Holdings,1009
"Advance America, Cash Advance Centers, Inc.",1007
DriveTime,1007
Delbert Services,1006
"Social Finance, Inc.",992
"Carvana Group, LLC",982
"Alliance One, Inc.",973
"AXOS FINANCIAL, INC.",968
"R.M. Galicia, Inc.",965
ZIONS BANCORPORATION,958
"First National Collection Bureau, Inc.",950
American Coradius International LLC,946
"STATE FARM BANK, FSB",930
"BANK OF NEW YORK MELLON CORPORATION, THE",928
21ST MORTGAGE CORP.,927
"LDF Holdings, LLC",925
"Foris DAX, Inc.",917
COMMERCE BANK,911
U.S. BANK NATIONAL ASSOCIATION - SAN FRANCISCO MAIN BRANCH,909
"MONEY SOURCE, INC., THE",909
VYSTAR CREDIT UNION,894
SUNCOAST CREDIT UNION,887
"GLA Collection Company, Inc.",887
"Pressler & Pressler, LLP",887
"Allied Collection Services, Inc. (Nevada)",886
"Helvey & Associates, Inc., Warsaw, IN Branch",886
FIRST NATIONAL BANK OF PENNSYLVANIA,881
FREEDOM FINANCIAL NETWORK,873
"Marlette Funding, LLC",873
"National Enterprise Systems, Inc.",872
"Kimball, Tirey & St. John LLP",866
"JH Portfolio Debt Equities, LLC",861
"NCC Business Services, Inc.",861
ZWICKER & ASSOCIATES,857
The Law Offices of Mitchell D. Bluhm & Associates,854
"RFNA, LP",851
"Weltman, Weinberg & Reis Co., L.P.A.",851
"Choice Recovery, Inc.",846
Home Point Financial Corporation,839
PRESTIGE FINANCIAL SERVICES INC,832
SN SERVICING CORPORATION,832
"National Consumer Telecom & Utilities Exchange, Inc.",830
"Southwest Recovery Services, Inc.",827
BlueChip Financial,823
"Residential Credit Solutions, Inc.",815
Professional Recovery Management,812
"Jon Barry and Associates, Inc.",812
BAM Management US Holdings Inc.,807
"Risecredit, LLC",803
BOEING EMPLOYEES CREDIT UNION,798
Statebridge Company,794
Unifin Inc.,792
"Carter-Young, Inc.",792
First Technology Federal Credit Union,791
"PEOPLE'S UNITED BANK, NATIONAL ASSOCIATION",785
MORGAN STANLEY & CO. LLC,784
ASSOCIATED BANC-CORP,779
FIRSTBANK PUERTO RICO,778
Collection Bureau of America Ltd.,778
Millco Management,778
"BROKER SOLUTIONS, INC.",776
Linebarger Goggan Blair & Sampson LLP,774
Credit Plus Inc,771
BOK FINANCIAL CORP,767
"Remitly, Inc.",762
"McCarthy, Burgess & Wolff, Inc.",761
"Cedars Business Services, LLC",761
"GOLDEN 1 CREDIT UNION, THE",743
"Duvera Billing Services, LLC",742
"Mobiloans, LLC",737
"CARDINAL FINANCIAL COMPANY, LIMITED PARTNERSHIP",732
"Retrieval-Masters Creditors Bureau, Inc., Elmsford, NY Branch",732
"State Collection Service, Inc.",731
"VANDERBILT MORTGAGE & FINANCE, INC",727
"WHEELS FINANCIAL GROUP, LLC.",725
Grant & Weber,721
ADP Inc.,718
LOBEL FINANCIAL CORPORATION,716
GUARANTEED RATE INC.,715
AVANTE,705
Merchants' Credit Guide Company,704
"GreenSky, LLC",698
AMERICA FIRST FEDERAL CREDIT UNION,697
"Aqua Finance, Inc.",696
"USCB, Inc.",693
"Grain Technology, Inc.",690
Southern Management Systems Inc.,690
"Professional Finance Company, Inc.",689
Stellantis Financial Services US Corp.,687
Westcreek Financial,686
Sezzle Inc.,684
Performant Financial Corporation,683
"GVA Holdings, LLC",683
"HOVG, LLC",682
"Harvard Collections, LLC",679
"Bliksum, LLC",676
"OPTUM BANK, INC.",676
"Asset Management Outsourcing, Inc.",675
KBR INC DBA RASH CURTIS & ASSOCIATES,674
Harley Davidson Financial Services Inc,673
"MERCANTILE ADJUSTMENT BUREAU, LLC",668
"Io, Inc.",666
"AMCOL Systems, Inc.",660
VALLEY NATIONAL BANCORP,658
POPULAR BANK,654
"Northstar Location Services, LLC",653
"Financial Credit Service, Inc.",653
"Capital Management Services, LP",644
"Client Services, Inc.",640
"Optimum Outcomes, Inc.",638
Synergetic Communication Inc,637
Diverse Funding Associates LLC,635
"Bounce AI, Inc.",633
"Reliant Capital Solutions, LLC",633
"Nationwide Recovery Systems, Ltd",633
LendingPoint Holdings LLC,633
Avant Credit Corporation,632
First Advantage LNS Inc.,632
"SCA Collections, Inc.",628
"Synerprise Consulting Services, Inc.",619
Riverwalk Financial Corporation,615
Guild Holdings Company,612
UMB FINANCIAL CORPORATION,608
Solar Mosaic LLC,604
"ResidentCollect, Inc.",598
1st Franklin Financial Corporation,597
"CMG Financial Services, Inc.",594
"Collection Bureau of the Hudson Valley, Inc.",590
"Total Card, Inc.",586
"Frontline Asset Strategies, LLC",575
"AmerAssist A/R Solutions, Inc.",574
Village Capital & Investment LLC,574
WLCC,573
"Harpeth Financial Services, LLC",572
"Strategic Alliances, Inc.",564
"Revco Management, LLC",559
"ATG Credit, LLC",559
"Crown Asset Management, LLC, Duluth, GA Branch",554
"Ray Klein, Inc.",554
"FIDELITY CAPITAL HOLDINGS, INC",552
"RS Clark and Associates, Inc.",549
Creditors Bureau Associates,546
Financial Business and Consumer Solutions.,546
"Certegy Holdings, LLC",545
"Reverse Mortgage Solutions, Inc.",545
CHECK INTO CASH INC.,544
"EGL US, LLC",536
"Mortgage Research Center, LLC",535
Focus Holding Company,531
"Asset Recovery Solutions, LLC",529
Sterling Infosystems Inc.,528
Albert Corporation,526
"Blitt and Gaines, P.C.",525
"Sentry Credit, Inc.",523
"Sunbit, Inc.",522
SCHOOLSFIRST FEDERAL CREDIT UNION,520
"Associated Credit Services, Inc.",520
AMERIS BANCORP,519
Prince Parker & Associates,519
MECHANICS BANK,518
"Tesla, Inc.",515
Larry H. Miller Group of Companies,514
Credit Card Receivables Fund Incorporated,513
Genesis Lending,513
"Law Office of Michael J. Scott, PC",512
"Merchants and Medical Credit Corporation, Inc.",509
MOUNTAIN AMERICA FEDERAL CREDIT UNION,509
"Monarch Recovery Holdings, Inc.",508
"SIMM Associates, Inc.",506
"FIRST NIAGARA FINANCIAL GROUP, INC.",505
Kovo,503
SUN LOAN COMPANY INC.,502
"Flagstar Bank, National Association",500
SinglePoint GI,495
HANCOCK WHITNEY BANK,495
"Designed Receivable Solutions, Inc.",494
DIGITAL FEDERAL CREDIT UNION,494
SQUARETWO FINANCIAL CORPORATION,493
"ARS National Services, Inc.",492
"PlusFour, Inc",491
"Duncan Solutions, lnc.",489
"Jim Bottin Enterprises, Inc",484
CNG HOLDINGS INC,482
"January Technologies, Inc",482
PROVIDENT FUNDING ASSOCIATES,480
"California Business Bureau, Inc.",479
"Gurstel Law Firm, P.C.",476
WSFS FINANCIAL CORPORATION,475
Frost-Arnett Company,474
"P&B Capital Group, LLC",473
"Veros Credit, LLC",471
The Phoenix Recovery Group,469
Aspen Yo LLC,467
RANDOLPH-BROOKS FEDERAL CREDIT UNION,463
OLD NATIONAL BANCORP,460
"Simon's Agency, Inc.",459
Hillcrest Davidson & Associates,459
Movement Mortgage LLC,455
"Ava Finance, Inc",454
Northland Group Inc,453
"Platinum Holdings Group, LLC",453
Cottonwood Financial Ltd.,450
"Optio Solutions, LLC",449
"AMA Advisors, LLC.",448
Rosebud Economic Development Corporation,447
"Home Loan Center, Inc.",445
"CULLEN/FROST BANKERS, INC.",444
"The Best Service Co.,Inc",443
"Mandarich Law Group, LLP",438
MUFG AMERICAS HOLDINGS CORPORATION,434
"Direct Recovery Services, LLC",433
FCI Lender Services Inc.,432
Bonneville Billing and Collections,430
Financial Credit Network Inc,429
Rausch Sturm LLP,427
"Skrill USA, Inc.",425
"Dave Operating, LLC",423
"Peer Advisors, LLC",422
"LTD Financial Services, L.P.",422
"Meridian Financial Services, Inc.",419
EAST WEST BANK,419
"Merchants Adjustment Service, Inc.",419
"Berlin-Wheeler, Inc. (Kansas)",416
"National Collection Systems, Inc.",416
Concord Servicing Corporation,416
Patenaude & Felix A Professional Corporation,415
CIG FINANCIAL LLC,415
Payward Ventures Inc. dba Kraken,415
"COAST PROFESSIONAL, INC.",413
"Americas Car-Mart, Inc.",413
"Account Control Technology, Inc.",413
"Ria Envia, LLC",411
"Credit Central Holdings, LLC",410
"OLIPHANT FINANCIAL, LLC",409
AMERICAN ADVISORS GROUP,403
UMPQUA HOLDINGS CORPORATION,402
Medical Business Bureau,400
Credit Fresh Holdings Inc,399
"American Collections Enterprise, Inc.",397
Park Hill Holdings,395
"Kinum, Inc., Indianapolis, IN Branch",391
"Herbert P. Sears Co., Inc.",391
First Associates Loan Servicing LLC,389
USCB Corporation,388
Atlantic Recovery Solutions LLC,387
Patient Accounting Service Center,387
FourLeaf Federal Credit Union,385
FULTON FINANCIAL CORPORATION,384
CARD Corporation,383
Verisk Analytics Inc,382
"Avadyne Health Holdings, Inc",381
"Financial Recovery Services, Inc.",379
"SUN WEST MORTGAGE COMPANY, INC.",377
"American Profit Recovery, Inc., Marlborough, MA Branch",377
"PMAB,LLC",376
"Second Round Limited Partnership, Austin, TX Branch",375
"Applied Data Finance, LLC",375
"Persolve, LLC - Legal - Series 2",374
Clarity Services,372
Clark County Collection Service,372
"Stearns Ventures, LLC",372
"F.H. Cann & Associates, Inc.",368
"HUNTINGTON NATIONAL BANK, THE - FIRSTMERIT BANK, N.A. BRANCH",367
"Pacific Union Financial, LLC",367
"Mid-Atlantic Finance Co., Inc.",367
Hunt & Henriques,366
"Goal Structured Solutions, LLC",365
"Advanced Collection Bureau, Inc.",364
"Skopos Financial, LLC",364
Equitable Acceptance Corp,364
"TIDEWATER FINANCE COMPANY, INC.",363
"Altisource Portfolio Solutions, S.à r.l.",361
Sequoia Financial Services,361
Yamaha Motor Finance Corporation USA,361
"GULF COAST COLLECTION BUREAU, INC.",361
"Complete Credit Solutions, Inc.",359
"Transfinancial Companies, Inc",358
Holloway Credit Solutions,358
"Williams, Rush & Associates, LLC",358
Financial Data Systems,357
Southern Auto Finance Co,354
"Ideal Collection Services, Inc.",354
"Uplift, Inc",354
"Rozlin Financial Group, Inc.",353
Alliant Capital Management LLC,352
"Omega RMS, LLC",352
"Professional Bureau of Collections of Maryland, Inc., GREENWOOD VILLAGE, CO Branch",351
"Professional Credit Management, Inc",350
"U.S. Collections West, Inc.",350
"Webcollex, LLC",346
TRUSTMARK CORPORATION,345
Quality Asset Recovery LLC,342
Global Credit & Collection Corporation,342
TFS FINANCIAL CORPORATION,341
Fairway Independent Mortgage Corporation,338
"Express Recovery Services, Inc.",336
"A.R.M. Solutions, Inc.",336
"Better Mortgage, Inc.",336
"Select Management Resources, LLC",336
"HireRight Solutions, Inc.",336
Messerli & Kramer P.A.,336
Arbor Residential Mortgage LLC,333
Perfection Collection,333
2288984 Ontario Inc.,331
"Phillips & Cohen Associates, Ltd.",331
"North Shore Agency, LLC",331
Consumer Collection Management. Inc,330
Central Research Inc,329
"Elevate Recoveries, LLC",329
"Windham Professionals, Inc.",328
"Cascade Capital, LLC",327
"Mountain Run Solutions, LLC",325
"Collection Information Bureau, Inc.",325
"Fidelity National Financial, Inc",321
"D&A Services, LLC",321
Quality Loan Service Corporation,319
"Stenger & Stenger, P.C",315
"Pendrick Capital Partners Holding, LLC",315
"Advantage Credit, Inc.",314
Grant Mercantile Agency,313
HIGHER EDUCATION STUDENT ASSISTANCE AUTHORITY (HESAA),313
"Tribal Lending Enterprise, Inc.",313
Revolut Technologies Inc.,312
"GREENSKY OPERATIONS, LLC",312
"Summit A*R, Inc.",312
"N.A.R., Inc.",309
AUTOMOTIVE CREDIT CORPORATION,309
Viking Client Services,309
"Receivable Management Group, Inc. (GA)",308
"Remex, Inc.",308
"BANKUNITED, NATIONAL ASSOCIATION",308
Receivables Management Corporation,308
Western-Shamrock Corporation,308
"PLAZA HOME MORTGAGE, INC.",307
SOUTHSTATE BANK CORPORATION,307
Account Resolution Corporation,306
"International Computer Systems, Inc.",306
"P.S.C., Inc",305
"Lloyd & McDaniel, PLC",304
"Rubin & Rothman, LLC",304
FACTUAL DATA CORP.,304
BANK OF HAWAII CORPORATION,303
"MNE Services, Inc",303
SG and Associates,302
Commercial Acceptance Company,301
Data Mortgage Inc.,301
ONEMAIN FINANCE CORPORATION,300
"First Investors Servicing Corporation, Atlanta, GA Branch",300
SIMMONS FIRST NATIONAL CORPORATION,300
"Seattle Service Bureau, Inc",298
"Volvo Car Financial Services U.S., LLC",298
"SERVICEMAC, LLC",298
Collection Consultants of California,297
UNIVERSAL ACCEPTANCE CORPORATION (NE),296
"Merchants and Professional Bureau, Inc.",294
Ascendium Education Group,293
Johnson Mark LLC,293
"American Accounts & Advisers, Inc.",291
Torriere Holdings INC,291
ASTORIA BANK,290
Contemporary Information Corp,289
Nelson Cruz & Associates LLC,289
Texas Guaranteed,289
"Sentry Recovery and Collections, Inc.",289
Climb Credit Inc.,288
"Shepherd Outsourcing, LLC",287
PREFERRED CREDIT INC,287
BYL Collection Services,285
Forster & Garbus LLP,285
E*TRADE BANK,285
"Key 2 Recovery, Inc.",285
Tate and Kirlin Assoc,285
XOOM CORPORATION,285
Finance of America Holdings LLC,284
"Kansas Counselors, Inc.",283
WASHINGTON FEDERAL BANK,280
Knight Adjustment Bureau,280
"FIRST HAWAIIAN, INC.",279
"Selip & Stylianou, LLP",279
"Financial Management Solutions, LLC",279
TomoCredit Inc.,279
Fig Tech Inc.,278
Payfare International Inc.,276
Kingston Data & Credit International Inc.,276
"Credit Bureau Collection Services, Inc.",276
"KLS Financial Services, Inc",276
"Media Collections, Inc",275
CAC Financial Corp,275
Healthcare Finance Direct LLC.,274
"FMA Alliance, Ltd.",274
"GOLD KEY CREDIT, INC.",274
"Aspen National Financial, Inc.",274
"Dyck-O'Neal, Inc.",271
"Capstone Credit & Collection, LLC.",271
Newport Intermediate Inc.,271
"Blockchain.com, Inc.",270
"Glasser and Glasser, PLC",270
Telerecovery Corporation,269
FIRSTBANK,269
"Maury Cobb, Attorney at Law, LLC",268
"Brock & Scott, PLLC",267
"Braviant Holdings, LLC",267
"Oliphant United, Inc.",267
"Happy Money, Inc.",265
"GLOBAL CLIENT SOLUTIONS, LLC",264
"Collection Bureau of Fort Walton Beach, Inc",263
"Credit Bureau Systems, Inc., Paducah, KY Branch",263
"Javitch, Block & Rathbone LLC",263
Franklin Credit Management Corporation,262
DataMax Corporation,261
"Securus J Holdings, LLC",261
"GFS II, LLC",261
"PDQ Services, Inc.",261
GATEWAY FIRST BANK,261
"MIB Group, Inc.",261
"Automated Collection Services, Inc.",260
PARAMOUNT RESIDENTIAL MORTGAGE GROUP,260
Sigue Corp.,260
Financial Assistance Inc,259
"PROSPERITY BANCSHARES, INC.",258
"BANKMOBILE TECHNOLOGIES, INC",257
"R.A.Rogers, Inc.",256
FIRST HORIZON BANK - WEST CONGRESS STREET BRANCH,256
ADIR INTERNATIONAL LLC,256
"Atlantic Credit & Finance, Inc.",256
"RGS Financial, Inc.",255
Financial Asset Management Systems Inc,255
Medical-Commercial Audit Inc,254
"Rausch, Sturm, Israel, Enerson & Hornik, LLP",253
PRIMARY RESIDENTIAL MORTGAGE,253
"Pavilion Payments US BuyerCo, LLC",251
"Suttell, Hammer & White, P.S",251
Utah System of Higher Education,251
Scott Fetzer Financial Group Inc.,250
"William D. Meeker Enterprises, Inc.",250
Idaho Housing And Finance Association,250
Alpha Recovery Corp,247
CADENCE BANK,247
"Bepensa Capital, Inc.",247
Accurate Background,246
"Delta Management Associates, Inc.",246
Earnest Inc.,246
Kashable LLC,245
Entrata Inc.,245
Gatestone & Co. International Inc.,244
"Torres Credit Services, Inc.",244
Kashia Services,243
ALCHRO INC.,243
FIRST AMERICAN FINANCIAL CORPORATION,243
Great American Finance Co,243
"Collins Asset Group, LLC",242
"Meade & Associates, Inc.",241
"Receivable Recovery Services, LLC",240
WorldRemit Corp.,240
LANIER COLLECTIONS AGENCY AND SERVICES INC,240
"COLUMBIA BANKING SYSTEM, INC.",239
Georgia Student Finance Authority,237
Nicholas Financial Inc.,236
Cooling & Winter LLC,236
"Nationwide Credit & Collection, Inc.",235
Solidus Group LLC.,235
American Financial Network Inc.,235
C/C Financial,235
BANK OZK,234
"Medical Society Business Services, Inc.",234
Siggi LLC,234
FRANKLIN AMERICAN MORTGAGE CO.,233
"RSI Enterprises, Inc.",232
DFC Global Corp.,232
"Valor Intelligent Processing, LLC",232
"Credit Management Control, Inc.",231
"Allied International Credit Corp., (US)",231
"BC SERVICES, INC.",230
Pendrick Capital Partners,230
"Eastern Revenue, Inc.",230
Senex Services Corp.,230
"Enhanced Acquisitions, LLC",229
BANCORPSOUTH BANK,229
Premier Student Loan Center,228
CapitalJ Inc. dba Juno,227
Transform Credit Inc.,226
"Wilber and Associates, P.C.",226
Driveway Finance Corporation,226
"M.A.R.S., Inc.",226
"Bridge IT, Inc.",226
"Machol & Johannes, LLC",226
"Professional Placement Services, LLC",225
"Palm Beach Credit Adjustors, Inc",225
"Credit Technologies, Inc.",224
"Kelsting Group, Inc.",224
"Lennar Financial Services, LLC",223
"Receivable Solutions, Inc.",223
"Sortis Financial, Inc.",222
"CREDIT BUREAU OF NAPA COUNTY, INC.",222
Mercury Financial Intermediate LLC,222
Van Ru Credit Corporation,221
Louisiana Recovery Services Inc.,221
"Collections Acquisition Company, Inc.",221
Premium Credit Bureau,221
Green Square Company LLC.,221
"Frederick J. Hanna & Associates, P.C. (closed)",221
Turning Point Solutions LLC,221
United Student Aid (USA) Funds,220
DigniFi,220
CONGRESS COLLECTION CORP,220
"Progressive Financial Services, Inc.",220
"Central States Recovery, Inc.",219
The J. G. Wentworth Company,219
One Source Technology,219
Commercial Recovery Systems,218
"Admin Recovery, LLC",217
LAND HOME FINANCIAL SERVICES,217
CITY NATIONAL BANK,217
Chrysalis Holdings LLC,217
Ameritech Financial,217
BlockFi Inc,217
Chime Inc.,217
Credit Service International Corp,216
InDebted Corporation,216
"PLS GROUP, INC",216
Wolf River Development Company,216
"ARC Management Group, LLC",216
"Auto Trakk, LLC",215
NORTHWEST BANCSHARES INC,215
Immediate Credit Recovery,215
"Sa-Vit Enterprises, Inc.",214
Waterfall Revenue Group,214
Credit Card Acquisitions Group,214
MiraMed Revenue Group LLC,213
"J J Marshall & Associates, Inc",213
"Vital Solutions, Inc.",213
"SMITH, ROUCHON & ASSOCIATES, INC.",213
U.S. Auto Sales Inc.,212
"Federal Adjustment Bureau, Inc.",212
CHERRY TECHNOLOGIES INC.,212
"Arcadia Holdings, LLC",210
North American Credit Services,210
National Business Factors,210
STERLING BANCORP,210
Integrated Recovery Services,209
MidAmerica Mortgage Inc,209
"Leafy Financial, LLC",209
"CrossCheck, Inc.",209
SECURITY CREDIT SYSTEMS INC,208
"Nationwide Capital Services, LLC",208
Sarma,207
"The Thomas Agency, Inc.",207
"PRIMELENDING, A PLAINSCAPITAL COMPANY",207
"Valentine and Kebartas, Inc.",206
Informative Research,206
"Uprova Credit, LLC",206
"AMERICAN ADJUSTMENT BUREAU,INC.",206
Activehours,205
Sunlight Financial LLC,205
Nationwide Credit Corporation,205
Oliver Adjustment Co.,204
SECURITY SERVICE FEDERAL CREDIT UNION,204
"Valon Technologies, Inc.",204
"Alliance Collection Agencies, Inc.",203
IOWA STUDENT LOAN LIQUIDITY CORPORATION,203
"Thunderbird Collection Specialists, Inc.",203
"PINNACLE RECOVERY, INC.",202
ASTA FUNDING INC.,202
"FIRST INTERSTATE BANCSYSTEM, INC.",202
Crow Creek Sioux Tribe,202
Hollis Cobb Associates,201
"VIRTUOSO SOURCING GROUP, LLC.",201
"First Financial Resources, Inc.",200
Kohn Law Firm S.C.,200
"NOVAD Management Consulting, LLC",200
"Community Health Investment Company, LLC.",200
"Sunset Management, Inc",199
"Klima, Peters & Daly, P.A.",199
Revenue Recovery Corporation,198
NATIONAL DEBT RELIEF LLC,198
INVESTORS BANK,198
"Professional Medical Management, Inc.",198
LendUp Loans LLC,198
"Solomon and Solomon, P.C.",198
"Aldridge Pite, LLP",197
Profit Services Group,197
"Healthcare Collections-I, LLC",197
Oracle Financial Group LLC.,197
"Property Receivables, Corp",197
"Innovate Managed Holdings, LLC",197
"Brown and Joseph, Ltd",196
"Mountain Land Collections, Inc.",196
"Credit Service Company, INC",196
"All State Credit Bureau, Inc.",195
"Sensible Auto Lending, LLC",195
Revenue Assistance Corporation dba Revenue Group,195
SCOTTRADE BANK,195
"UNITED BANKSHARES, INC.",195
Oklahoma Student Loan Authority,195
FRESNO CREDIT BUREAU,194
"Accscient, LLC",193
"Porsche Financial Services, Inc.",193
"Investment Retrievers, Inc.",192
"Aldridge PIte Haan, LLP",192
"CUSTOMERS BANCORP, INC",192
"Atlantic Union Bankshares, Inc.",192
DHI Mortgage Company,192
"Galaxy Capital Acquisitions, LLC",191
AmeriCash Holding LLC,191
"Data and Contact Management Solutions, LLC",190
"National Commercial Services, Inc",190
Ceannate,189
CCM Finance LLC,189
Nelson and Kennard,188
"Accelerated Financial Solutions, LLC",188
Grow Credit Inc,188
"APPLE FINANCIAL HOLDINGS, INC.",188
Credit Bureau Services Association,187
United Consumers Inc,187
"EZCORP, INC.",187
Alabama Housing Finance Authority,187
"Stillman, P.C. d.b.a. Stillman Law Office",186
"CashRepublic Holdings, Inc.",186
"American Financial Resources, Inc.",186
Unlimited Progress Corp,185
"APEX Asset Management, LLC",185
BANKERS HEALTHCARE GROUP LLC,184
D2 Management LLC,184
"FIRST MIDWEST BANCORP, INC.",183
"COLLECTION SERVICES OF ATHENS, INC.",183
QC HOLDINGS INC,183
NVR INC.,182
"Lewis, McDonnell & Associates",182
LendingUSA,182
"COMMUNITY FINANCIAL SYSTEM, INC.",182
"RMS-Recovery Management Services, Inc.",181
Foursight Holding LLC,181
"GMA Investments, LLC",181
Union Home Mortgage Corp,181
"EVERGREEN PROFESSIONAL RECOVERIES, INC.",181
Renton Collections Inc.,181
U.S. Auto Credit Corporation,180
"M. G. Credit, Inc.",180
"Consumer Financial Services Solutions, Inc.",180
RENASANT CORPORATION,180
"McCalla Raymer Leibert Pierce, LLC",180
"Love, Beal & Nixon, P.C.",179
Southwest Business Corporation,179
Massachusetts Educational Financing Authority,179
"S&S Physician Services, Inc.",179
"Glass Mountain Capital, LLC",179
"Coast to Coast Financial Solutions, Inc.",178
MIDCOUNTRY FINANCIAL CORP,178
Zip Co US Inc.,178
"Cawley & Bergmann, LLP",177
"Law Offices of Robert J. Colclough, III",176
"IMPAC MORTGAGE HOLDINGS, INC.",176
"States Recovery Systems, Inc.",176
"Hayt Hayt & Landau, P.L. (FL)",176
Supreme Lending,175
"BCA Financial Services, Inc.",175
FIRST HERITAGE CREDIT LLC,175
"Absolute Recovery Services, LLC",174
Kentucky Higher Education Assistance Authority,174
RJM ACQUISITION LLC,173
"Porania, LLC",173
"MB FINANCIAL, INC.",173
"Tenaglia & Hunt, PA",172
"Orions Management Group, LLC",172
"Credit Collections U.S.A., L.L.C.",172
"Levy & Associates, LLC",172
"RAS LaVrar, LLC",172
Cornerstone Home Lending Inc.,172
"AC AutoPay LLC, Denver, CO Branch",170
SAN DIEGO COUNTY CREDIT UNION,170
"Service Finance Holdings, LLC",170
"Branch Messenger, Inc.",170
Academy Mortgage Corporation,170
"Consolidated Information Services Solutions, LLC",169
"Nations Direct Mortgage, LLC",169
Terrill Outsourcing Group,169
"The Stark Collection Agency, Inc.",168
D. SCOTT CARRUTHERS,168
"Apelles, LLC",168
MORTGAGE SOLUTIONS OF COLORADO,168
QUALITY ACCEPTANCE LLC,168
The Moore Law Group,167
AMERICAN INTERNET MORTGAGE,167
"Integrity Solution Services, Inc.",166
"Go Capital Holdings, LLC",165
Denefits LLC,165
"COLLECTIONS USA, INC.",165
SANTANDER BANCORP,165
GLOBAL CREDIT UNION,165
Continental Credit Control,165
Financial Corporation of America,165
"CreditNinja Lending, LLC",164
"Worldwide Processing Group, LLC",164
Universal Recovery Corporation,164
"College Ave Student Loan Servicing, LLC",164
"Weber & Olcese, PLC",163
"Paradigm Assets, LLC",162
"Eagle Accounts Group, Inc.",162
"HEAD MERCANTILE CO., INC.",162
"Law Office of Brett M. Borland, P.C.",161
"AppFolio, Inc.",161
"Midwest Fidelity Services, LLC",161
Finance of America Mortgage LLC,160
"Americor Funding, LLC",160
"Arbor Professional Solutions, Inc.",160
FIRST REPUBLIC BANK,160
Suburban Credit Corporation,160
"Deinde Online Services, LLC",159
"Bay Area Receivables, Inc",159
KINGS CREDIT SERVICES,159
"PulteGroup, Inc.",158
"Avid Acceptance, LLC",158
"Mercury Technologies, Inc.",158
Marauder Corporation,158
STONEGATE MORTGAGE CORPORATION,158
"Blakely-Witt and Associates, Inc.",158
"UHG, LLC",158
Deutsche Bank,157
KeyBridge Medical Revenue Management,157
Bright Capital Inc,157
Servatus Corporation,157
"FEDChex Recovery, LLC",156
"STONELEIGH RECOVERY ASSOCIATES, LLC",156
"Lyons, Doughty & Veldhuis, PC",156
"WINN LAW GROUP, APC",156
"Pollack & Rosen, P.A.",155
Retail Merchants Associates,155
"Nevada Credico, Inc.",155
"Arnold Scott Harris, P.C.",155
"Ascension Point Recovery Services, LLC",155
"Professional Adjustment Corp. of S.W. FL., Inc.",155
"United Resource Systems, Inc",154
"EMCC Holdings, LLC",154
"Stuart-Lippman and Associates, Inc",154
Lincoln Educational Services Corporation,153
"WESBANCO BANK, INC.",153
"Keynote Consulting, Inc.",151
"Applied Business Services, Inc.",151
"Rent Recover, LLC",151
"FlexShopper, Inc",151
FMS Inc.,151
Merchants Credit Corporation,151
"Recovery One, LLC",151
Global Trust Management LLC,150
"Roadrunner Account Services, LLC",150
"National Recoveries, Inc.",149
"Oxford Law, LLC",149
"TriVerity, Inc.",149
ZARVAD III S.A.,149
"Merchants & Medical Adjustment Bureau, Inc. dba Credit Bureau Associates",149
ACCESS GROUP INC.,148
Minto Financial dba Minto Money,148
NBT BANCORP INC.,148
"Arivo Acceptance, LLC",147
"Account Discovery Systems, LLC",147
EMBRACE HOME LOANS,147
"Eagle Financial Services, Inc.",146
"National Principal Group, LLC",146
"HILLTOP HOLDINGS, INC",146
"Fein, Such, Kahn & Shepard, P.C.",145
"Diaz & Associates, Inc.",145
"Figure Technologies, Inc",145
"Atlas Credit Company, Inc.",145
SIERRA PACIFIC MORTGAGE,145
Mar Joe Enterprises,145
"The Regional Adjustment Bureau, Incorporated",145
"Green & Sons Agency, Inc.",144
"Overton, Russell, Doerr and Donovan, LLP",144
"COLLECTECH DIVERSIFIED, INC.",144
Metro Collection Service Inc.,144
CREDIGY USA CORP.,144
"Fairway Capital Recovery, LLC",143
"Manhattan Beach Venture, LLC",143
AUTOMOBILE ACCEPTANCE CORPORATION,143
"JTM Capital Management, LLC",143
"National Recovery Solutions, LLC",142
High Point Asset Inc,142
"Servicing Solutions, LLC",141
Nations Recovery Center,141
Fidelity Properties Inc.,141
BANNER CORPORATION,141
"Nationwide Biweekly Administration, Inc.",141
"Preferred Collection and Management, Inc.",139
"MUTUAL OF OMAHA MORTGAGE, LLC",138
"Castle Credit Co Holdings, LLC, Chicago, IL Branch",138
Access Receivables of NC Inc.,138
NEW YORK STATE HIGHER EDUCATION SERVICES CORPORATION (HESC)—,138
Pacific Credit Exchange Corporation,137
Consumer Financial Services,137
Starmark Financial LLC,136
"Ballybunion Enterprises, Inc",136
"Creditor's Collection Service, Inc.",136
"CASH AMERICA INTERNATIONAL, INC.",136
American Student Assistance,136
YSA ARM LLC DBA Oxygen XL,135
NEW CITY FUNDING CORP.,135
Kirschenbaum & Phillips P.C,135
"Brightfunders, LLC",135
AMERICAN PACIFIC MORTGAGE,135
ARM WNY LLC,134
GRANITE STATE MANAGEMENT & RESOURCES,134
COLORADO HOUSING AND FINANCE AUTHORITY,133
Amscot Corporation,133
SoLo Funds Inc.,133
"Southern Credit Recovery, Inc.",133
"Eastpoint Recovery Group, Inc",133
UNITED COMMUNITY BANK,132
"Flexible Finance, Inc.",132
Essential Lending Inc,132
"Reliable Credit Association, Inc.",132
"Neighborhood Assistance Corporation of America (""NACA"")",132
"Med-1 Solutions, LLC",131
UBS BANK USA,131
"Collection Professionals, Inc.",131
"Mcburberod Financial, Inc. d/b/a SeedFi",131
REVERSE MORTGAGE INVESTMENT TR,130
TCF FINANCIAL CORPORATION,130
NATIONWIDE ACCEPTANCE LLC,130
"Northern Trust Company, The",130
"DRB-40, LLC",130
Global Recovery Group,130
"Vengroff Williams, Inc",130
USI Solutions Inc.,130
"LendKey Technologies, Inc.",129
Credit Adjustments Inc,129
"Express Collections, Inc.",129
Lendbuzz Inc.,129
Mutual Management Services LLC,129
"First Help Financial, LLC",128
BEACON FINANCIAL CORPORATION,128
"Collection Receivables, Inc.",128
American Recovery Service Incorporated,128
"Andreu, Palma & Andreu, PL",128
"TRIAD FINANCIAL SERVICES, INC.",128
"Constar Financial Services, LLC",127
Mullooly Jeffrey Rooney & Flynn,126
"Universal Account Servicing, LLC",126
"Ingo Money, Inc.",126
"TEXAS CAPITAL BANCSHARES, INC.",126
"On-Site Manager, Inc.",125
"Tilt Finance, Inc.",125
"Cornerstone Holdings, Inc.",125
The Aligned Company DBA Extra,125
"Kramer & Frank, P.C.",125
Concord Resolution Inc (Closed),125
"Alpine Credit, Inc",125
"Stallings Financial Group, Inc.",125
United Credit and Collections Inc.,125
"Stanislaus Credit Control Service, Inc.",125
JAMES B. NUTTER & COMPANY,124
NCSPLUS INCORPORATED,124
"Coastal Credit, LLC",124
"Peter Roberts & Associates, Inc.",124
"Receivables Outsourcing, Inc.",124
Lien Enforcement Inc,124
Everest Receivable Services Inc.,124
Armada Corp.,124
DOLLAR MUTUAL BANCORP,122
MS SERVICES LLC,122
Meta Payments Inc.,122
LENDER LIVE,122
Business & Professional Collection Service Inc,122
"Relay Financial (US), Corp.",122
"NPAS, Inc.",122
"Gitsit Solutions, LLC.",120
CATHAY BANK,120
"Shermeta Law Group, PLLC",120
"HOME BANCSHARES, INC.",120
"Cash Express, LLC",120
"Mid-South Adjustment Co., Inc.",119
"Eagle Home Mortgage, LLC",119
"BWW Law Group, LLC",118
"Trojan Professional Services, Inc.",118
OpenRoad Lending,118
"Capital Link Management, LLC",118
Financial Accounts Service Team Inc.,118
"Paramount Capital Group, Inc.",118
Forest Recovery Services LLC,117
"Ridge & Valley Realty, Inc.",117
State Home Mortgage,117
"Roosen, Varchetti & Olivier, PLLC",117
FIRST FINANCIAL BANCORP,117
Sierra Holdings LLC,117
"AUSSRQ Holdings, LLC",116
GLOBAL SOLUTION BIZ LLC.,116
LOAN TO LEARN,116
"AAA Auto Title Loans, LLC",116
Garrison Investment Group,116
"Stern Recovery Services, Inc.",116
"College Foundation, Inc.",116
"Law Offices of Hayt, Hayt & Landau, LLC",116
"C.Tech Collections, Inc.",115
"SF VAGO, LLC",115
"CARCO Group, Inc.",115
CREDICO. INC,115
"Finance System of Richmond, Inc.",115
FIRST MERCHANTS CORPORATION,115
"JDJ Investments, INC.",115
LAKE MICHIGAN CREDIT UNION,114
"ClearOne Advantage, LLC",114
"Recovery Solutions Group, LLC",114
"DailyPay, Inc",114
"DLC, LLC",114
COOLEY ENTERPRISES INC,114
"ESCALLATE, LLC",114
"Prospect Mortgage, LLC",113
TSC Accounts Receivable Solutions,113
"Round Up Ventures, L.P.",112
"National Credit Services, Inc.",112
"Consolidated Recovery Group, LLC",112
NATIONS LENDING CORPORATION,112
Tormey Bewley Corporation,112
"North State Acceptance, LLC",112
"Caneel Capital, LLC",111
"ROC Asset Solutions, LLC",111
"Steel River Systems, LLC",111
"Automatic Data Processing, Inc.",111
"Clear Debt Solutions, LLC",111
Security National Automotive Acceptance,111
FIRST HOME MORTGAGE CORPORATION,110
Loqbox US Inc,109
CARVANT FINANCIAL LLC,109
ZuntaFi Corp,108
"McNeil & Meyers Asset Management Group, LLC",108
"LCO Financial Services, LLC",108
Garcadia Financial LLC,108
Critical Resolution Mediation LLC,108
"Capital Markets Cooporative, LLC",108
TFC Credit Corporation of California,107
Smith Debnam Narron Drake Saintsing & Myers LLP,107
"Pinnacle Asset Management, LLC",107
"The Savings Group, Inc.",107
"Momnt Technologies, Inc.",107
"Farrell Holdings, LLC",107
Dream Center Education Holdings,107
MAJR Financial Corp,107
"Healthcare Receivables Group, Inc.",106
"CARS Acquisition, LLC",106
360 MORTGAGE GROUP LLC,106
"Midstate Collection Solutions, Inc.",106
Credit International Corporation,106
"RABOBANK, NATIONAL ASSOCIATION",106
"A & O Recovery Solutions, LLC",105
"Phelan Hallinan Diamond & Jones, PC",105
EQUITY LOANS LLC,105
Weinberg Mediation Group LLC,105
"RICHLAND HOLDINGS, INC.",105
"American Collection Services, Inc. (OK, TX)",105
"Blatt, Hasenmiller, Leibsker & Moore, LLC",105
AAA Collections,104
"Click n' Close, Inc.",104
"Auto Now Financial Services, Inc., Phoenix, AZ Branch",104
"Southern Oregon Credit Service, Inc.",104
"AR Resources, Inc. (FL)",104
"Midwest Loan Services, Inc.",104
"Nathan & Nathan, P.C.",103
"Sparrow Financial, Inc.",103
"New Century Financial Services, Inc.",103
Diversified Acceptance Corporation,102
"Revenue Enterprises, LLC",102
AMERICAN NEIGHBORHOOD MORTGAGE,102
INTERCONTINENTAL CAPITAL GROUP,102
Tulsa Adjustment Bureau,102
"MST Financial Services, L.L.C.",102
"Sherloq Group, Inc",102
EASTERN BANKSHARES INC,102
RockLoans Holdings LLC,101
"American Capital Enterprises, Inc.",101
"Credit Counsel, Inc.",101
"Hatfield, Inc.",101
ROYAL UNITED MORTGAGE LLC,100
"Commercial Trade, Inc.",100
Credit Bureau of Carbon County,100
"JNR Adjustment Company, Inc",100
"Credit Bureau of the South, Inc.",100
"Certified Credit Reporting, Inc.",99
Debt Co LLC,99
MEI AUTO FINANCE INC,99
"Lentegrity Management, LLC",99
"Uetsa Tsakits, Inc. d/b/a MaxLend",98
"DIRECMANAGEMENT, INC.",98
Merchants Acceptance Corp,98
Account Management Resources,98
TEXAS HIGHER EDUCATION COORDINATING BOARD,97
GREENSTATE CREDIT UNION,97
"JP RECOVERY SERVICES, INC.",97
ATLANTIC BAY MORTGAGE GROUP LLC,97
"AMERINATIONAL COMMUNITY SERVICES, INC.",97
"Focused Recovery Solutions, Inc.",97
"BALANCED HEALTHCARE RECEIVABLES, LLC",96
"United Accounts, Inc.",96
Mortgage Lenders Investment Trading Corp,96
CONRAD CREDIT CORPORATION,96
"BRite Financial Services, Inc.",96
Premier Auto Credit,96
Collection Management Company,96
"Berman & Rabin, P.A.",96
"Strategic Financial Solutions, LLC",95
"NCP Holdings, L.P.",95
"COLLECTION ASSOCIATES, LTD.",95
NETWORK CAPITAL FUNDING CORP,95
"Nationwide Debt Management Solutions, LLC",95
FINEX Group LLC,95
Screening Reports Inc.,95
"CENTRAL BANCOMPANY, INC",95
"Augusta Collection Agency, Inc.",94
Indie Technology DBA Found,94
"Account Services Collections, Inc",94
Action Collection Service,94
"Delray Capital, LLC",94
Advance Bureau of Collections,94
Mnet Financial Inc,94
Collection Service of Nevada,94
WESTERN ALLIANCE BANCORPORATION,94
UNITED AUTO ACCEPTANCE,93
"Autovest, L.L.C.",93
Orion Capital Solutions LLC,93
Mediation Recovery Center,93
Novo Platform Inc.,93
Granite Edvance Corporation,93
"Jacob Law Group, PLLC",93
"Scheer, Green & Burke L.P.A.",93
"BetterNOI, LLC",92
"Todd, Bremer & Lawson, Inc.",92
"United Debt Holdings, LLC",92
"Tri-State Adjustments, Inc.",92
"SRA Associates, Inc.",92
"Malen & Associates, p.c.",92
"National Account Systems of Omaha, LLC",91
"CB1, Inc.",91
"S & S Recovery, Inc.",91
"RSH & Associates, LLC",91
"Special Financing Company, LLC",91
VIRGINIA HOUSING DEVELOPMENT AUTHORITY,91
STANDARD MORTGAGE CORPORATION,91
"Credit Consulting Services, Inc.",91
"Acra Intermediate Holdings, LLC",90
NATIONWIDE ADVANTAGE MORTGAGE COMPANY,90
"Receivable Collection Services, LLC",90
"ULRS, Inc.",90
Automated Accounts Management Services,90
Bronstein & Weiss Arbitration,89
"3rd Generation, Inc.",89
"Voss & Klein, LLC",89
Siwell Inc,89
"Green Trust Cash, LLC",89
N26 Inc.,89
"Professional Claims Bureau, Inc.",89
"Merchants Credit Bureau, Inc.",88
"Unique Management Services, Inc",88
TOWNE MORTGAGE COMPANY,88
"Lamont, Hanley & Associates, Inc.",88
NAM National Arbitration and Mediation,88
"CREDIT WORLD SERVICES, INC.",88
Glacier Bancorp Inc.,88
"Specialized Collection Systems, Inc.",88
eToro USA LLC,88
"Miller, Stark, Klein and Associates",88
"Lustig, Glaser & Wilson, P.C.",88
Guglielmo and Associates,87
"Finance System of Toledo, Inc.",87
"CarFinance Capital LLC, Irvine, CA Branch",87
RELIANCE FIRST CAPITAL LLC,86
Revenue Assurance Professionals LLC,86
"Illinois Collection Service, Inc.",86
Veripro Solutions Inc.,86
"Hauge Associates, Inc.",86
Sunnova Energy Corporation,86
PCR Group,86
CountryPlace Acceptance Corporation,86
"OUT TECH, INC.",86
"Synter Resource Group, LLC.",85
"Midwest Credit & Collection, Inc.",85
LCS FINANCIAL SERVICES CORPORATION,85
Centron Services,85
Debt Management Incorporated,85
Eaton Group Attorneys LLC,85
"Benuck & Rainey, Inc.",85
"Rauch-Milliken International, Inc.",85
Arcon Credit Solutions LLC,85
Circle Internet Financial,85
Ascent Holding Co,84
"DApps Platform, Inc.",84
"Collection Service Center, Inc.",84
INDEPENDENT BANK CORP.,84
"Account Management Services, Inc.",84
"Law Offices Howard Lee Schiff, P.C.",84
"SUMMIT FUNDING, INC.",84
"Flatonia Investments, LLC",84
"PatientFi, LLC",84
"Action Financial Services, LLC",84
"Concentric Receivables Management, Ltd.",84
CIBC BANCORP USA INC.,84
"Business Revenue Systems, Inc.",83
Abra,83
"Perpay, Inc.",83
"Equidata, Inc.",83
"RevSolve, Inc.",83
Zenith Financial Network Inc,82
"Sessoms & Rogers, P.A.",82
"Allgate Financial, LLC",82
"CCB Credit Serivces, Inc",82
"ALEXANDER-ROSE ASSOC, INC.",82
Fundo LLC,82
"Wallace Management Company, LLC",82
Modern Adjustment Bureau,82
"HOPE BANCORP, INC.",82
Tally Technologies,81
"Tromberg, Miller, Morris & Partners, PLLC",81
FIRST UNITED BANK AND TRUST COMPANY,81
"Moss Law Firm, P.C.",81
CRESCO CAPITAL INC.,81
"Walwick, Inc",81
"Global Payments Check Services, Inc.",81
"The Leviton Law Firm, Ltd.",80
"DYNAMIC RECOVERY SERVICES, INC.",80
"The Law Offices of Jennifer McCoy, PC",80
"MAS FINANCIAL SERVICES, INC.",80
Universal Fidelity LP,80
Southwest Stage Funding,80
National Management Recovery Corp. (NMRC),80
"NIC, Inc.",80
"AA Recovery Solutions, Inc.",80
"Michel Law, LLC d/b/a Level One Law",79
"Eltman Law, P.C.",79
"Heritage Financial Group, Inc.",79
"Credit Center, LLC",79
Lazega & Johanson LLC,79
"HABITAT FOR HUMANITY INTERNATIONAL, INC.",79
"PINNACLE FINANCIAL PARTNERS, INC.",78
Guidiville Indian Rancheria,78
"Action Collection Agencies, Inc.",78
"FBC MORTGAGE, LLC",78
"Accounts Receivable Management, Inc (NJ) (Closed)",78
"American Credit Bureau, Inc.",78
"Stephens and Michaels Associates, Inc.",78
MORTGAGE INVESTORS CORPORATION,78
Agency of Credit Control,78
Post Lake Lending Inc.,77
"Dobberstein Law Firm, LLC",77
"Bass & Associates, P.C., Attorneys at Law",77
"Progrexion Holdings, Inc.",77
Summit Financial Corp.,76
"CAROLINA FINANCE, LLC",76
"BILL.COM, LLC",76
FIRST GUARANTY MORTGAGE CORP,76
Huntington Debt Holding LLC,76
"Action Revenue Recovery, LLC",76
Betterment LLC,76
"Payactiv, Inc.",76
WEICHERT FINANCIAL SERVICES,75
Northwood Asset Management Group,75
"Quality Recovery Services, Inc.",75
"MacDowell & Associates, Ltd.",75
"Data Search NY, Inc.",75
Security National Financial Corp,75
"Computer Credit, Inc.",75
Municipal Collections of America Inc.,75
Partners Financial Services Inc,74
"Stevens Business Service, Inc.",74
"Brennan & Clark, Ltd., LLC",74
Professional Collection Service Inc (GA),74
COLLECTION BUREAU INCORPORATED,73
"Check Security Associates, LLC",73
"Birchwood Credit Services, Inc.",73
"Mercari, Inc.",73
Self Lender Inc,73
"Genesis Credit Management, LLC",73
"Malcolm S. Gerald and Associates, Inc.",73
VELO LAW OFFICE,73
"Leading Edge Recovery Solutions, LLC",73
"Unisa, Inc",73
Rodenburg LLP,73
Professional Collectors Corp.,72
"GREAT WESTERN BANCORP, INC.",72
"GB Collects, LLC",72
Turner Acceptance Corp.,72
"Gordon, Aylworth & Tami, P.C.",72
Northwest Collectors Inc.,72
"ZENCO COLLECTION, LLC",72
DCN Holdings Inc.,72
"NEXA Mortgage, LLC",72
"National Auto Lenders, Inc.",71
TapTap Send Inc.,71
WESTSTAR MORTGAGE CORPORATION,71
"Michael Harrison, Attorney at Law",71
National Check Resolution Inc.,71
Arete Financial Group,71
"United Check Recovery Bureau, Inc.",71
"Columbia Collection Service, Inc.",71
Global Tel*Link Corporation,71
"Valley Collection Service, LLC",71
Medical-Dental-Hospital Bureau of San Antonio,71
Armcon Corp,71
"Credit Solutions, LLC (KY)",71
"Credit Clearing House of America, Inc.",71
"SKO Brenner American, Inc.",70
Statewide Credit Services Corp.,70
"Recovery Partners, LLC",70
"Jonathan Neil & Associates, Inc",70
FIRST COMMONWEALTH FINANCIAL CORPORATION,70
Columbia Recovery Group LLC,70
"Account Managers, Inc.",69
"PayTomorrow, LLC",69
"Robinson, Reagan and Young PLLC",69
"Adelante, Inc",69
Accelerated Servicing Group LLC,69
FB FINANCIAL CORPORATION,69
"Brelvis Consulting, LLC",69
Abbott Osborn Jacobs PLC,69
MIDWEST RECEIVABLE SOLUTIONS LLC,68
Professional Receivables Network,68
"Works & Lentz of Tulsa, Inc.",68
"Healthcare Management, LLC",68
"PACIFIC PREMIER BANCORP, INC.",68
Commonwealth Health Corporation,68
"Credit Management Services, Inc.",68
"Accelerated Receivables Management, Inc.",68
"TAG Intermediate Holding Company, LLC",68
OFG BANCORP,68
"Resurgence Legal Group, PC",68
Recovery Management Solutions LLC,67
RC Willey,67
"Panorama Mortgage Group, LLC",67
"Motolease, LLC",67
United Group Inc.,67
Fuel Capital Group,67
"Zarzaur and Schwartz, PC",67
"SANDY SPRING BANCORP, INC.",67
CHALLENGE FINANCIAL SERVICES,67
"Independent Recovery Resources, Inc.",67
"Acceptance Solutions Group, INC",67
Reel Time Capital LLC,67
Vision Financial Corp.,67
Premier Portfolio Group,67
Student Loan Finance Corporation,67
SOP Pioneer Partners LP,67
"BLINCLOANS, INC.",67
"R.T.R. Financial Services, Inc.",66
"Andrews & Cox, P.C.",66
Reliant Financial Corporation,66
"Credit Bureau of York, Inc.",66
"Longbridge Financial, LLC",66
"The Affiliated Group, Inc",66
SunTx Capital Partners,66
"Dakota Financial, LLC",66
"Clear Recovery, Inc.",66
Midwest Acceptance Corp.,65
"Kross, Lieberman & Stone, Inc.",65
"United Collection Service, Inc (FL)",65
"Ragan & Ragan, PC",65
"General Information Services, Inc",65
"Law Offices of Robert A. Schuerger Co., LPA",65
BUSEY BANK,65
Celsius US Holding LLC,65
"SFS, Inc",65
South Carolina Student Loan Corp,65
"Rushmore Service Center, LLC",65
"Long & Foster Financial Services, Inc.",65
"Fenton & McGarvey Law Firm, P.S.C.",65
"Rickart Collection Systems, Inc.",65
JPL Recovery Solutions,65
"Razor Capital, LLC",65
"QuickClick Loans of Illinois, LLC",65
"Red Cedar Services, Inc",65
"Orion Portfolio Services, LLC",65
"Talbot, Adams, & Moore, Inc.",64
"Global Asset Management Group, Inc.",64
UNITED GUARANTY CORPORATION,64
Royal Pacific Funding Corporation,64
"Credit Technology, Inc.",64
HF Holdings,64
AG AH LLC,64
"HONOR FINANCE, LLC",64
EDvantage LLC,64
"Certified Solutions, Inc",64
ALTERNATIVE DISPUTE RESOLUTIONS,64
"Keith D. Weiner & Associates Co., L.P.A.",64
South Mississippi Collection Services Inc.,63
"eMoneyUSA Holdings, LLC",63
"DSR HOLDINGS GROUP, LLC",63
M1 Holdings Inc.,63
Midwestern Health Management INC,63
"Results Unlimited, Inc.",63
MISSION FINANCIAL SERVICES CORPORATION,63
Viva Finance Inc.,63
WATERSTONE MORTGAGE CORPORATION,63
"NFM, INC",63
"Charlottesville Bureau of Credits, Inc",63
Audit & Adjustment Co. Inc.,63
Giggle Finance Inc.,63
Mendelson Law Firm,63
"National Medical Administrators, Inc",63
"Apothaker & Associates, PC",63
"North American Asset Services, LLC",63
"Mid-America Accounts Control Bureau, Inc.",62
CONDOR CAPITAL CORP,62
Couch Lambert LLC,62
TOLEDO FINANCE CORPORATION,62
"DCI Credit Services, Inc.",62
Crossroads Systems Inc.,62
"Compass Recovery Group, LLC",62
Law Office of Harris & Zide,61
PENNSYLVANIA HOUSING FINANCE AGENCY,61
Richland Bureau of Credits Medical Service Bureau Inc.,61
"Citi Management Group, LLC",61
INTERFIRST MORTGAGE COMPANY,61
Collection Technology Incorporated,61
GENERATION MORTGAGE COMPANY,61
"West Coast Servicing, Inc.",61
"CBM Services, Inc.",61
"General Service Bureau, Inc.",61
"Milliman, Inc.",60
"Williams, Alexander & Associates, Inc",60
"Certified Services, Inc.",60
"Northeast Recovery Solutions, LLC",60
"Hiday & Ricke, P.A.",60
"RAB, INC.",60
Roycroft Management,60
"TradeStation Group, Inc.",60
LHR Inc.,60
"BCI FINANCIAL GROUP, INC.",60
"Biehl & Biehl, Inc",59
"Independence Capital Recovery, LLC",59
Team Recovery Inc.,59
"Consolidated Management Group, LLC",59
"Midwest Service Bureau, Inc.",59
"Big City Finance, LLLP",59
"Global Portfolio Recovery, LLC",59
Asset Recovery Bureau LLC,59
"Bilt Technologies, Inc.",59
Exto Inc.,59
Accounts Receivable Inc.,59
"MILLENNIUM FINANCIAL GROUP, L.L.C.",59
CSO Financial,59
ABR Recovery Services LLC.,59
Uber Technologies Inc.,59
"Gold Star Finance, Inc.",59
California Accounts Service,59
"Collection Bureau Services, Inc.",59
"United Recovery Group, LLC (Closed)",58
"Dominion Law Associates, P.L.L.C.",58
"Danco Financial Services, LLC",58
"Southern Financial Systems, Inc.",58
Earm LLC,58
"Net Pay Advance, Inc.",58
Evergreen Financial Services Inc.,58
We Collect Inc,58
Ready Capital Corporation,58
Flandreau Santee Sioux Tribe,58
Bureau of Accounts Control,58
SOUTHWEST COLLECTION SERVICES INC.,58
"The Law Offices of Gerald E Moore & Associates, PC",57
PRONTO FINANCE INC.,57
Credit Service Company,57
"Collection Management Services, Inc.",57
"Advantage Collection Professionals, Inc.",57
"NCD Financial, LLC",57
"Mary Jane M. Elliott, P.C. Attorneys At Law",57
"BUDGET CONTROL SERVICES, INC.",57
FIRST MORTGAGE CORPORATION,56
"Ark-La-Tex Financial Services, LLC",56
Optima Recovery Services LLC.,56
"CREDIT CONCEPTS, INC.",56
"Debt Collectors International, Inc.",56
"Avantus, LLC",56
Michael J Adams PC,56
"Titan Receivables, Inc.",56
"Professional Credit Analysts of MN, Inc.",56
"Liberty Holdings, LLC",56
Omnipoint Capital,56
HOMESTAR FINANCIAL CORPORATION,56
Gravamen Asset Management Group LLC,56
Nationwide Financial Group,56
"Capital Credit and Collection Service, Inc.",56
"Account Recovery Specialists, Inc.",56
Hatfield Portfolio Group LLC.,56
"Resolve Partners, LLC",56
"First Recovery Solutions, Inc.",56
"Bilateral Credit Corp, LLC",56
"CHECKredi of Kentucky, LLC",55
Four Directions Lending LLC,55
"MJ Altman Companies, Inc.",55
"TRUHOME SOLUTIONS, LLC",55
"4M Collections, LLC",55
"Paxful Holdings, Inc.",55
"1803 Capital, LLC",55
Express Aviation,55
"Municipal Collections Services, Inc.",55
Schreiber Law LLC,55
"Stephen Einstein & Associates, P.C.",55
Abrahamsen Gindin LLC,55
Home American Mortgage Corp,55
"The Law Offices of Kenosian & Miele, LLP",55
Future Judgement Solutions,55
SecurityNational Mortgage Company,54
Kirkland Asset Management LLC,54
"Bayside Capital Services, LLC",54
ClearPath Lending,54
"Acceptance Rentals, Inc.",54
"Collection Resources, Inc.",54
"Loan Science, LLC",54
"Second Alliance, Inc.",54
On Q Financial,54
Assured Financial Partners,54
"Praxis Financial Solutions, Incorporated",54
Advantage Financial Service LLC (Idaho),54
Affiliated Acceptance Corporation,54
"BAM Financial, LLC",54
Thrift Investment Corp.,53
Vericred Solutions LLC,53
AMERICAN FINANCING CORPORATION,53
Transcontinental Credit & Collection Corp,53
National Arbitration Forum,53
"Acrisure Mortgage Partners, LLC",53
"MarkOne Holdings, LLC",53
PERDUE BRANDON FIELDER COLLINS & MOTT LLP,53
"Campus Student Funding, LLC",53
"Delivery Financial Services, LLC",53
Worth Finance Corporation,53
"AUDIT SYSTEMS,INC",53
"Arena Investors, LP",53
National Financial LLC,53
OCEANSIDE MORTGAGE COMPANY,53
MID FLORIDA FINANCING LLC,53
"Nav Technologies, Inc.",53
DreamSpring,53
"Credit Bureau of Lancaster County, Inc.",52
"J.S Resolution Group, Inc.",52
"Slovin & Council Co., L.P.A.",52
Jana Ferrell & Associates LLC,52
MNS & Associates LLC,52
Chaplain Financial Services LLC,52
"FCC Finance, LLC",52
Broward Adjustment Services,52
Vermont Student Assistance Corporation,52
"GCFS, INC.",52
Hewitt-Capital,52
"Richard Sokoloff, Attorney At Law",51
Fedloan Help,51
All Debt Solutions Inc. dba: 1st Class Agency,51
PACIFIC WESTERN BANK,51
Kentucky Housing Corporation,51
"Continental Central Credit, Inc.",51
"United Consumer Finance, Inc.",51
"Protas, Spivok & Collins. LLC",51
MCMC Auto LTD,51
Friendly Finance Corporation,51
"Esusu, Inc.",51
"GMFS, LLC",51
"Integrity Funding Ohio, LLC",51
"Systematic National Collection, Inc.",51
Credova Holdings Inc,51
"Pro Com Services of Illinois, Inc.",51
Paul Michael Marketing Service,51
"McCullough Payne & Haan, LLC",51
United Acceptance Inc.,51
Primary Financial Services L.L.C.,51
Federated Student Loan Services,51
"BOGMAN, INC",51
Charleston Area Medical Center,51
"Collection Professionals, Inc. (Macomb, IL)",51
Integrated Asset Recovery LLC,50
"AAS Debt Recovery, Inc.",50
Lac Courte Oreilles Financial Services II,50
"WATERMARK CAPITAL, INC.",50
"Eagle Recovery Associates, Inc.",50
"Loan South Finance & Tax Service of Troy, LLC",50
Account Brokers Inc.,50
"Business Processing Solutions, LLC",50
TOLL BROTHERS INC,50
"WYNDHAM CAPITAL MORTGAGE, INC.",50
"TAYLOR MORRISON HOME FUNDING, INC.",50
"Legal Recovery Law Offices, Inc",50
Cooper Hoffman Klein Associates,50
"Fleet Financial, Inc.",50
"RevMD Partners, LLC.",50
"Accounts Management, Inc",50
Markoff Law LLC,50
BELMONT FINANCE LLC,50
AmeriFirst Financial Corporation,50
"Gragil Associates, Inc.",50
"Rubin & Yates, LLC",50
"CARMEL FINANCIAL CORPORATION, INC.",50
"Solutions To Portfolios, LLC",50
DRS Financial LLC,50
Armor Systems Corporation,49
Credit Glory LLC,49
"New Era Asset Management, LLC",49
"Commerce Home Mortgage, Inc",49
"Propel, Inc.",49
Community Cash Management Corp.,49
"Valarity, LLC",49
"Financial Filing & Reporting, Inc.",49
"Skagit Bonded Collectors, LLC",49
Universal Payment Corporation,49
Credit Wise Recovery Solution LLC,49
"Coastline Financial Resources, LLC",49
"Affiliated Collection Services, LLC",49
Couch Conville & Blitt LLC,49
"NCS, Inc",49
"Palmar, Inc.",49
"O&L LAW GROUP, P.L.",49
PRANCER CAPITAL CORP,49
MLD MORTGAGE INC,49
"Silverman Theologou, LLP",49
Hanwha QCells USA Corp,48
"New Century Auto Sales, Inc.",48
"UNIVERSAL COLLECTION SYSTEMS, INC",48
"Reimer, Arnovitz, Chernek &Jeffrey Co., LPA",48
Allegiant Capital Recovery LLC,48
"A-1 Premium Acceptance, Inc.",48
VANDYK MORTGAGE CORPORATION,48
"RMB, Inc.",48
"Interstate Recovery Service, Inc.",48
Time Investment Corporation,48
"Lazarus Financial Group, Inc.(Closed)",48
Moneytree Inc,48
"E-Backgroundchecks.com, Inc.",48
Stewart Information Services,48
Signature Bank (NY),48
"Advanced Recovery Systems, Inc.",48
"Asset Recovery Group, Inc.",48
Volunteer Mortgage Loan Servicing,48
CADENCE BANCORPORATION,48
Falls Collection Service Inc.,47
"IMC Capital, LLC",47
"Insikt, Inc.",47
Snow and Sauerteig LLP,47
Island Finance Puerto Rico,47
TRINITY HOPE ASSOCIATES,47
"Komyatte & Casbon, P.C.",47
Convergys,47
CALCON MUTUAL MORTGAGE LLC DBA ONETRUST HOME LOANS,47
"KILOWATT FINANCIAL, LLC, A SPRUCE FINANCE COMPANY",47
TOWNEBANK,47
Northeast Collection Bureau,47
"Tebo Financial Services, Inc.",47
"JMD,LLC",47
"BQ & Associates, P.C., L.L.O.",47
COLLECTIONS UNLIMITED OF TEXAS INC,47
"Kenneth, Eisen & Associates, LTD.",47
Justice Finance Company,47
"Professional Recovery Consultants, Inc.",46
Main Street Personal Finance,46
"Majority USA, LLC",46
"Access Credit Management, Inc.",46
"Butler and Associates, PA",46
Mid-Atlantic Consumer Services,46
Trans-Fast Remittance LLC,46
"Scratch Financial, Inc.",46
Pacific Retrieval LLC,45
STATE STREET BANK AND TRUST COMPANY,45
"Madison Management Services, LLC",45
"Southern Credit Adjusters, Inc.",45
BHFC Financial Services INC,45
"CIR, Law Offices",45
"Russell W Richardson, Attorney at Law",45
"Live Well Financial, Inc.",45
Sulphur Bank Rancheria Enterprises,45
"Capital Alliance Financial, LLC",45
Element Global Services,45
CFM Group LLC,45
"Greenberg, Grant & Richards Inc.",45
Zillow Group Inc.,45
FIRST CONTINENTAL MORTGAGE LTD,45
CRED Technologies dba cred.ai,45
Collectibles Management Resources,45
"Federal Pacific Credit Company, LLC",45
"Troy Capital, LLC",44
"Kornerstone Credit,  LLC.",44
USA DISCOUNTERS LTD,44
Fair Financial Corp.,44
"Elite Financial Services, Inc.",44
ALLIED MORTGAGE GROUP,44
"Finance System of Green Bay, Inc.",44
"Allied Account Services, Inc.",44
Titanium Funds,44
"SACOR FINANCIAL, INC",44
"Check City Partnership, LLC",44
Prime Recovery LLC,44
"Money Management International, Inc.",44
"Regional Acquisition Group, Inc.",44
Union Credit Corporation,44
"CAB Receivables, Inc.",44
Bay Equity LLC,44
AmWest Funding Corp.,44
"Denali Capital Holdings, LLC",44
HIGHLAND FINANCIAL SERVICES (Closed),44
Meridian ARG Inc.,44
"Oasis Legal Finance Holding Company, LLC",44
Rhode Island Student Loan Authority,44
KP ASSET CONSULTING LLC,44
"BREMER BANK, NATIONAL ASSOCIATION",43
"ACI Worldwide, Corp.",43
COLLECTION PROFESSIONALS INC (Illinois),43
"Lil' Wave Financial, Inc.",43
"H. Kent Hollins, Attorney at Law, P.A",43
"Daniels Norelli Scully & Cecere, P.C.",43
"Global Processing Services, LLC",43
"Mitsubishi Motors North America, Inc.",43
"MINNESOTA LIFE INSURANCE CO., THE",43
"Healthcare Financial Services, LLC",43
"Scratch Services, Inc.",43
RateGenius Loan Services Inc,43
"Emerald Canyon Capital, LLC",43
Receivable Solutions LLC,43
"Axela Technologies, Inc",43
"CDI Affiliated Services, Inc.",43
"Lotane & Associates, P.A.",43
Kubota North America Corporation,43
"SOUTHSTATE BANK, N.A. - 520 GERVAIS STREET BRANCH",43
Credit Bureau Services of Iowa Inc.,43
"JFQ Lending, LLC",43
"E Mortgage Capital, Inc.",43
SEACOAST BANKING CORPORATION OF FLORIDA,43
"Emergent Business Group, Inc.",43
"FIRST COMMUNITY MORTGAGE, INC.",43
Student Loan Financial Assistance,42
"Schachter Portnoy, L.L.C.",42
GSF MORTGAGE CORP,42
"Coastal Financial Solutions, LLC",42
"Alliance CAS, LLC",42
Trust Financial LLC,42
RUOFF MORTGAGE,42
Roquemore Holdings LLC,42
Vertical Screen,42
Benht: Economic Development Corporation,42
Direct Capital,42
"CHS, Inc.",42
"B9, Inc.",42
"Debois, Inc.",42
"American Credit Resolution, Incorporated",42
College Assist,42
"Ratchford Law Group, P.C.",42
VANGUARD FUNDING LLC,42
A-L FINANCIAL CORP,42
"Forster, Garbus and Garbus",42
InvestiNet LLC,42
FEARON FINANCIAL LLC,41
Kora Financial,41
Pathfinder Credit Services,41
RMA Credit Association,41
Law Offices of Timothy M. Sullivan,41
"GAMACHE & MYERS, PC",41
Lake City Credit,41
"Brightwater Capital, LLC",41
"ONE REVERSE MORTGAGE, LLC",41
Alliance Recovery Group,41
Cheadle Law Firm,41
Xtreme Products LLC,41
Affiliated Management Services,41
"New Hampshire Northeast Credit Services, Inc.",41
"Peterson Enterprises, Inc.",41
"Estate Information Services, LLC",41
"Bitstamp USA, Inc.",41
L.B.Gray LLC A Debt Collection Agency,41
Michael Wayne Investment,41
"Global Asset Agency, Inc.",41
MID-ISLAND MORTGAGE CORP.,41
Carmichael & Frost LLC,41
American Finance LLC,41
"YKS Acceptance, Inc.",41
"Works & Lentz, Inc",41
Global Credit Union,41
"C & M Associates Group, Inc.",40
Fulton Friedman & Gullace LLP,40
"R&R Professional Recovery, Inc.",40
"MSCB, Inc.",40
Greene & Cooper Collections LLC,40
"Bursey & Associates, P.C.",40
"Medical Financial Services, Inc.",40
Evergreen Moneysource Mortgage Company,40
"Amcap Investments, LLC",40
"MSW Capital, LLC",40
Mutual Financial Partners,40
CONTRACT RESOLVE GROUP LLC,40
Robinson & Hoover,40
"Auto Advantage Finance, LLC",40
Ygrene Energy Fund Inc.,40
"Michigan Mutual, Inc.",40
STEWARD FINANCIAL SERVICES LLC,40
Physicians & Dentists Credit Bureau,40
Spring Equity LLC,40
"CommonBond, Inc.",40
Cognition Financial Corporation,40
"MOUNTAIN WEST FINANCIAL, INC.",40
"FIRST FINANCIAL SERVICES, INC.",40
DTA GROUP LLC,40
"King of Credit Financial, Inc",40
"Local Management, LLC",40
"National Healthcare Collections, LLC",40
"The LGM Co., Inc.",39
"Pioneer Credit Company, Inc",39
"Professional Choice Recovery, Inc.",39
"Credit Bureau of Jamestown, Inc.",39
United Recovery Solutions,39
"MFP, inc.",39
Rhode Island Housing and Mortgage Finance Corporation,39
"EMG ACQUISITION GROUP, LLC",39
Model Finance Company,39
Sound Collection Services,39
Accurate Financial Partners,39
Overland Bond & Investment Corporation,39
HoldCo LLC,39
"Capital Mitigation Services, LLC",39
"Medical & Professional Collection Services, Inc. NC.",39
IDAHO CENTRAL CREDIT UNION,39
"Delta Outsource Group, Inc.",39
"Genesys National Recovery, Inc.",39
Credit Sage LLC,39
"DAS ACQUISITION COMPANY, LLC",39
"Modlin Slinsky, P.A.",39
"DIME COMMUNITY BANCSHARES, INC.",39
Law Offices of Les Zieve,39
Marcadis Singer PA,39
Brown’s New Credit Bureau Inc.,39
"Phoenix Health Care Management Services, Inc.",39
Dividend Finance Inc.,39
Patrick K Willis Company Inc,38
"Zakheim Law Group, P.A.",38
"World Recovery Service, LLC",38
Nexum Group Inc,38
"NPG Associates, Inc.",38
"Valley Credit Service, Inc. (OR)",38
Benworth Capital Partners LLC,38
Premier Holdings,38
OCEANFIRST FINANCIAL CORP.,38
Mid-Michigan Collection Bureau,38
Centralized Business Solutions Company,38
Clearview Resolution Services,38
TOTAL MORTGAGE SERVICES LLC,38
"Finkelstein, Kern, Steinberg & Cunningham, PC",38
"PROVIDENT FINANCIAL SERVICES, INC.",38
A&D Mortgage LLC,38
Armed Forces Loans of Nevada Inc.,38
LEADER ONE FINANCIAL CORPORATION,38
"Russell Collection Agency, Inc",38
"KAHRS LAW OFFICES, PA",38
"Armstrong and Associates, Inc",38
"HomeTown Lenders, LLC",38
ADR ARBITRATION SERVICES (Closed),37
HOME FINANCING CENTER,37
"Union Adjustment Company, Inc.",37
"Mel S. Harris and Associates, LLC",37
"GUARDIAN CAPITAL MANAGEMENT HAWAII, LLC",37
"Heartland Resolution Group, LLC",37
ALASKA COMMISSION ON POST SECONDARY EDUCATION,37
Essential Retrieval Group,37
Streamline Recovery Inc,37
UNITED SECURITY FINANCIAL,37
"INTERCONTINENTAL EXCHANGE, INC.",37
"MORTGAGE CENTER, LC",37
Receivables Management Corporation of America,37
Quantum Servicing Corporation,37
"First Service Residential, Nevada, LLC",37
"Freeway Funding, Inc.",37
"Concorde Auto Management, LLC  DBA  Concorde Auto Acceptance",37
"De Lage Landen Finance, LLC",37
Student Services,37
"GENERAL BUSINESS RECOVERIES, INC.",37
"United Debt Counselors, LLC",37
"Cascade Collections, Inc.",37
"StellarFinance, Inc.",36
"Intermex Wire Transfer, LLC",36
Plastiq Inc.,36
Collection Bureau of Walla Walla,36
Credible Labs Inc.,36
NATIONS RELIABLE LENDING LLC,36
"Receivable Solutions Specialist, Inc.",36
"Hameroff Law Group, P.C.",36
CITYWORTH MORTGAGE LLC,36
Cadillac Accounts Receivable Management,36
"Liberty Home Equity Solutions, Inc.",36
"Northwest Trustee Services, Inc.",36
Accelerated Receivables Solutions,36
CONTOUR MORTGAGE CORPORATION,36
"AMALGAMATED TOKEN SERVICES, INC.",36
Lending Solutions Mortgage/ LSI Mortgage,36
Pendleton Capital Management,36
NCP Finance,36
"Performance Settlement, LLC",36
"Harmon Law Offices, P.C.",36
"Child Support Recovery Services, Inc.",36
BUCKEYE FINANCIAL SERVICES OF ALLIANCE INC.,36
"Recovco Mortgage Management, LLC",36
SET Financial Corporation,36
Dunlap Gardiner LLP,36
"Schrier, Tolin and Wagman, LLC",36
Weinman Acquisition Group,36
MORTGAGE LENDERS OF AMERICA,36
"Atlantic Collection Agency, Inc.",35
"Cohn, Goldberg & Deutsch,LLC",35
"STATE BANKSHARES, INC.",35
Revolution Financial Inc.,35
"Sovereign Lending Group, Incorporated",35
Rocky Mountain Capital Management,35
"Mark A. Kirkorsky, PC",35
Western Portfolio Assets,35
Leaders Financial Company,35
Law Office of J.A. Cambece,35
"First Step Group, LLC",35
"GFS, Inc.",35
GRANDVIEW FINANCIAL SERVICES INC.,35
"E. A. Uffman & Associates, Inc",35
Reach Financial LLC,35
"Triton Management Group, Inc",35
"Sprechman & Associates, P.A.",35
First Choice Assets LLC.,35
"Certified Bureau of the South, Inc",35
PLATINUM HOME MORTGAGE CORPORATION,35
"Cogent Road, Inc.",35
Controlled Credit Corporation,35
Pioneer Capital Solutions Inc,35
"Alco Collections, Inc.",35
"United Military Mortgage, LLC",35
"G&P Enterprises, LLC",35
Goldcar Lending Inc.,35
"Law Office of James R. Vaughan, P.C.",35
"E MORTGAGE MANAGEMENT, LLC",35
"AMERIFIRST FINANCIAL, INC.",35
TH Professional & Medical Collections LTD,35
"Financial Asset Management, Inc.",34
Robinson Economic Development Corporation,34
"Lima One Capital, LLC",34
Diversified Recovery Services Inc.,34
"INDEPENDENT BANK GROUP, INC.",34
Lionstone Holdings Group,34
"McCarthy & Holthus, LLP",34
"Cash Time Title Loans, Inc.",34
MoneySpot USA LLC DBA Sunshine Loans,34
"Cordoba Legal Group, PLLC.",34
"Asset Management Professionals, LLC",34
"McKellar & Associates Group, Inc.",34
"One Technologies, LP",34
Rossman & Co & PCB,34
Helm Associates,34
"ADP, LLC",34
"Thomas George Associates, Ltd.",34
"Rubin & Debski, P.A.",34
Alliance Group & Associates LLC,34
HIGHLANDS RESIDENTIAL MORTGAGE,34
New Mexico Educational Assistance Foundation,34
"Bristlecone, Inc.",34
Receivable Asset Management,34
Helbing Law Group,34
"MortgagePros, LLC",34
"FirstCredit, Inc.",34
Niagara Portfolio Solutions LLC,34
"SandP Solutions, Inc.",34
"Muskegon Car Credit, Inc.",34
STATE BANK OF INDIA - NEW YORK BRANCH,33
"Medical Recovery Services, LLC",33
"Rock Creek Capital, LLC",33
"Kehoe Financial Group, LLC",33
"PROFICIO MORTGAGE VENTURES, LLC",33
"Scott Lowery Law Office, P.C.",33
Triton Recovery Group,33
"First Direct Lending, LLC",33
Castle and Cookie Mortgage LLC,33
Wealthfront Corporation,33
Greystone Alliance LLC,33
"Prizm Financial Company, LLC",33
"CAPITAL RESOURCE MANAGEMENT, INC.",33
Greentree & Associates,33
"NATIONWIDE MORTGAGE BANKERS, INC.",33
Accounts Receivable Consultants Inc.,33
Hirshberg Acceptance Corporation,33
"MEDCAH, Inc.",33
"PMT Solutions, LLC.",33
Sterling Credit Corp.,33
"Vantage Sourcing, LLC",33
Astra Business Services,33
"Ashton & Weinberg, Inc.",33
"Easy Finance, LLC",33
"United We Collect, Inc.",33
"Accredited Collection Service, Inc.",33
Opportunity Fund,33
"INDUSTRIAL AND COMMERCIAL BANK OF CHINA (USA), NATIONAL ASSOCIATION",33
"Esser, James & Associates",33
Titan Revenue Solutions,33
"Credit Service, Inc",33
"Point Digital Finance, Inc.",32
Meritize Financial Inc.,32
"Roach & Murtha, P.C.",32
"Account Recovery Services, Inc.",32
"NETWORK FUNDING, L.P.",32
Partners for Payment Relief,32
"Lugano Capital, Inc. d/b/a Start Auto Finance",32
"Mitchell Rubenstein & Associates, P.C.",32
"Vanguard Financial Services, Inc.",32
"Select Financial Services, Inc.",32
"WESTERN CONTROL SERVICES, INC.",32
Pacific Rim Alliance Corporation,32
"Pintor Partners, LP",32
"Higher Education Servicing Corporation, Inc.",32
La Casa Bonita Investments,32
"Relin, Goldstein & Crane, LLP",32
Wakpamni Lake Community Corporation,32
Cordoza & Wexler Recovery Services,32
STOCKTON MORTGAGE,32
The Law Office of Daniel Slane,32
"Emmett L. Goodman, Jr., LLC",32
"CERTIFIED COLLECTORS, INC.",32
"Sokaogon Finance, Inc.",32
Unified Global Group,32
Bankers Auto Acceptance,32
SHABANA MOTORS,32
"Access Capital Services, Inc.",32
"Meade Recovery Services, LLC",31
"Global Equity Finance, Inc.",31
NORTHWAY BROKER LTD.,31
"Executive Credit Management, Inc",31
Collection Attorneys USA LLC,31
Athena Bitcoin Inc,31
"Neighborhood Capital Funding, Inc.",31
"Fairway Collections, LLC",31
"Smith, Cohen & Rosenberg LLC",31
"Sterling & Associates, LLC",31
"DMB Financial, LLC",31
National Default Servicing Corporation,31
OKCoin USA Inc.,31
"Makes Cents, Inc. dba Advance.Cash",31
"Automotive Management Services, Inc.",31
"Western Mercantile Agency, Inc",31
"Clasp Group, Inc.",31
BANCFIRST CORPORATION,31
HGREG.com,31
eMortgage Funding LLC,31
"Uptain Group, Inc.",31
ACXIOM CORP.,31
"Law Offices of Marvin S. C. Dang, LLC",31
Rapid Auto Loans LLC,31
"Emerald AR Systems, LLC",31
RESIDENTIAL HOME FUNDING CORP.,31
"International Recovery Associates, Inc.",31
Quest Legal Group,31
WINNPOINTE CORPORATION,31
"Cash Link USA, LLC",31
Foreman Financial Inc.,30
"R & R Collection Service, Inc.",30
NPS GROUP,30
"Hello Digit, LLC",30
"Financial Freedom Mortgage, LLC",30
College Loan Corporation,30
"Richard J. Boudreau & Associates, LLC",30
Paycheck Solutions llc,30
BOC LLC,30
"iQuantified Management Services, LLC",30
Red Target LLC,30
Credit Solutions,30
Peoples Commerce Inc,30
Ascension Recovery Management,30
London & London,30
Federated Law Group,30
"Advanced Call Center Technologies, LLC",30
"Legal Prevention Services, LLC.",30
"EQUITY RESOURCES, INCORPORATED",30
Law Office of Linda Strumpf,30
"Credit Resolutions, LLC",30
"Syncapay, Inc",30
"RCS Recovery Services, LLC",30
Massachusetts Housing Finance Agency (MassHousing),30
Camino Financial Inc.,30
ACRANET INC,30
COMPUTER SCIENCES CORPORATION,30
Reliance Exchange Group,30
FastBucks,30
"Jenkins, Wagnon & Young, P.C.",30
"Federal Cash Advance, LLC of Oklahoma",30
"Crescent City Credit Recovery, Inc.",30
"Prog Holdings, Inc.",30
"Bryant, Hodge & Associates LLC",30
Round Two Recovery,30
"Protocol Recovery Service, Inc.",30
Swe Homes LP,29
"Darnel Quick Recovery, Inc.",29
"Ingenuity RM, LLC",29
GENTRY FINANCE CORPORATION,29
Podium Mortgage Capital LLC,29
Rocky Mountain Recovery Group,29
"CBA of GA, Inc.",29
Lincoln Financial Services,29
The Collection Connection,29
Nationwide Arbitration Services LLC,29
"Acquired Assets, Ltd.",29
"Thrivepoint Financial Holdings, Inc.",29
Columbia Collectors Inc,29
SCS Credit Corporation,29
"NOVA Financial Holding Company, LLC",29
"Cohen & Cohen Law, LLC",29
J&L Collection Services,29
"United Funding Logistics, LLC",29
"ACCELERATED COLLECTION SERVICE, INC",29
"The Law Firm of Derek Williams, LLC d/b/a Infinite Law Group",29
"Douglas, Chancellor, Meyers and Associates, LLC",29
Everi Payments Inc.,29
"Consumer Legal Group, P.C.",29
"PASCO, Inc",29
Olympic Collection Inc.,29
"Capital Recovery Systems, Inc.",29
"Credit Bureau Data, Inc.",29
"Crown Holdings, LLC",29
"Inflection.com, Inc.",29
"Core Advisory Group, LLC",29
Apple Financing LLC,29
4 Star Resolution LLC (Closed),29
"James E. Albertelli, P.A., a Florida professional association",29
"BANC OF CALIFORNIA, INC.",29
"Specified Credit Association, Inc.",29
Carma Enterprises Inc,28
Niagara Restitution Service Inc,28
"Century Credit & Collections, LLC",28
"Revenue Cycle Associates, Inc.",28
Middle Georgia Management Services,28
"Quick Bridge Funding, LLC",28
ASG Solutions LLC,28
Stern & Stern. P.C.,28
UNITED CREDIT CORP. OF SOUTHAVEN,28
"MEMBER FIRST MORTGAGE, LLC",28
"RSVP Lending, LLC dba RSVP Loans",28
"Norwich Commercial Group, Inc.",28
"Health Services Asset Management, LLC.",28
"National Debt Holdings, LLC",28
CONST LLC,28
"Snap Recovery, Inc.",28
Total Auto Finance,28
SFMC L.P.,28
Ashwood Financial Inc,28
"Stephen L. Bruce, P.C.",28
Cactus Jacks Auto Sales,28
FIRST MORTGAGE COMPANY,28
"City Enterprises, LLC",28
Texan Credit Corporation,28
"Collection Services, Inc.",28
"INTEGRAL RECOVERIES, INC.",28
"Veldos, LLC",28
ACOPIA CAPITAL GROUP,28
"Barrett Financial Group, L.L.C.",28
"American Collection Systems, Inc.",28
DAIMLER TRUCK FINANCIAL SERVICES USA LLC,28
"Dynamic Collectors, Incorporated",28
"Credit Union Mortgage Association, Inc.",28
"ASSURANCE FINANCIAL GROUP, LLC",28
"Alliance Asset Management, Inc (Closed)",28
Franklin Financial  Corporation,28
"Student Loan Care, LLC",28
"Full Circle Financial Services, LLC",28
Data Check of America LLC,28
"WMC MORTGAGE, LLC",28
"Credit Bureau of Council Bluffs, Inc DBA Credit Information Systems",28
"Creditors' Protection Service, Inc.",28
Consumer Real Estate Finance Co.,28
"AutoMoney, Inc.",28
"Peoples Home Equity, Inc.",28
"The Law Offices of Frederic I. Weinberg & Associates, P.C.",28
"Axiom Acquisition Ventures, LLC",28
"Credit Bureau of Bessemer, Inc",28
"American Revenue Management, Inc.",28
"Walter Lee & Associates, LLC",28
Professional Service Bureau,28
"West Bay Acquisitions, LLC",28
ALAMEDA MORTGAGE CORPORATION,28
"Miller and Steeno, P.C.",28
"FirstKey Holdings, LLC",28
"Michael & Associates, PC",28
McKenzie Paul & Associates,28
AMERICAN EQUITY MORTGAGE,28
"Receivables Management Group, Inc. (MN)",27
STUDENT ASSISTANCE FOUNDATION,27
West Central Texas Collection Bureau,27
2233 Paradise Road LLC,27
"Portfolio America Asset Management, LLC",27
"Innovative Funding Services, L.L.C.",27
Allen & Withrow,27
"Law Office of Joe Pezzuto, LLC",27
Ralis Services Corporation,27
ATLANTIC PACIFIC MORTGAGE CORP,27
Capital Collection Management LLC,27
"Collection at Law, Inc. A.P.C.",27
Resource Management Group,27
"FIRST FINANCIAL BANKSHARES, INC.",27
Improved Data Services LLC,27
"Leap Credit, LLC",27
"Delmarva Collections, Inc.",27
"Credit Collection Partners, Inc.",27
Education Principle Foundation,27
eCon Credit LP,27
"Lynx Asset Services, LLC",27
"NATIONAL ASSET MORTGAGE, LLC",27
Home Servicing LLC,27
Regional Recovery Services,27
"Dealer Funding, LLC",27
ABSOLUTE CREDIT  LLC,27
"Moore Legal Group, LLC",27
McKenzie Management LLC,27
"OCMBC, Inc",27
Prudent Law Group,27
M.L. Zager P.C.,27
"Goodman Frost, PLLC",27
"APPLE RECOVERY, LLC",27
Higher Level Processing,27
Global United Arbitration LLC,27
"R J Baucum Enterprises, Inc.",27
GOLD STAR MORTGAGE FINANCIAL,27
"Flat Branch Mortgage, Inc.",27
"The Sayer Law Group, P.C.",27
B&F Finance Corp.,27
"K. HOVNANIAN AMERICAN MORTGAGE, LLC",27
American Credit Financial,27
UNITED MORTGAGE CORP,27
Creditors Specialty Service Inc,26
"Insight Management Partners, LLC",26
"HARBORONE MORTGAGE, LLC",26
STATEWIDE AUTO SALES,26
"RAB PERFORMANCE RECOVERIES, LLC",26
Luckmore Finance,26
"Independent Dealers' Advantage, LLC",26
"Total Customer Service, Inc.",26
"Churchill Holdings, Inc.",26
Cohen & Associates,26
The Cherrington Firm PLLC,26
"Shapiro, DiCaro & Barak, LLC",26
"PARSON BISHOP SERVICES, INC",26
"Law Offices of Timothy E. Baxter & Associates, P.C.",26
"Creditrepair.com, Inc.",26
"Data-Central, LLC",26
Webster Account Solutions LLC,26
"NerdWallet, Inc.",26
CW Financial,26
"MPOWER Financing, Public Benefit Corporation",26
Airtm Inc.,26
"Northern Alliance Management, LLC",26
Credit Bureau Services Inc.,26
"William C. Grossman Law, PLLC.",26
"Maximum Title Loans, LLC",26
Sklar Law LLC,26
Capital Recovery Corporation,26
"Affiliated Creditors, Inc.",26
"BCG Equities, LLC",26
CBV Collection Services Ltd.,26
"PAID IN FULL, INC.",26
"Burke Moore Law Group, LLP",26
"PROFICIO FINANCIAL SERVICES, LLC",26
NJ LENDERS CORP,26
RR Resource-Recovery,26
"CFAM Financial Services, LLC",26
"Meyer & Njus, P.A.",26
"Thomas, King & Associates",26
C B Merchant Services,26
"Geneva Financial, LLC, Chandler, AZ Branch",26
W.J. BRADLEY MORTGAGE CAPITAL,26
"Feldman & Stern, LLC",26
"The Nguyen Law Firm, PLC",26
EA Holdings Corp.,26
FIRST CHOICE LOAN SERVICES INC.,26
Miller Davis & Peoples,26
"Giact Systems, LLC",26
Argon Credit,26
Fair Capital,26
BONDED ADJUSTMENT COMPANY,26
"SAMC Honebee TRS, LLC",26
"Camelot Financial Services, Inc.",26
M&S Recovery Solutions,26
CVB FINANCIAL CORP.,26
"The Schreiber Law Firm, PLLC",26
"Imperial Recovery Consultants, LLC",26
"FinFit Holding Co, LLC",26
"Borenstein & Associates, LLC",26
"French Financial, Inc.",26
GOLDEN EMPIRE MORTGAGE INCORPORATED,25
"Abrahamsen Ratchford, P.C",25
"Riverview Law Office, PLLC",25
Tenant Data Services Inc,25
90 Day Credit Experts,25
Windham Equity Company,25
Federated Capital Corporation,25
"Advantage One Credit, LLC",25
"RGL Associates, Inc.",25
MORTGAGE CLEARING CORPORATION,25
Flagship Financial Group,25
"Allied Collection Service, Inc. (Indiana)",25
"Rhojo Enterprises, LLC",25
Lien Receivables LLC,25
Northwestern Mediation Services,25
"Central Mortgage Funding, LLC",25
TAMMAC HOLDINGS CORP,25
"ACQ Holdings, LLC.",25
"Buffaloe & Associates, PLC",25
MEGASTAR FINANCIAL CORP,25
Independent Savings Plan Co.,25
"Financial Freedom Group, LLC",25
P&L Acquisitions LLC,25
NorthStar Technologies,25
"National Budget Planners of South Florida, Inc",25
"Greeting Team, LLC DBA Customer Care Global",25
Lakeside Recovery Solutions,25
"Nair & Levin, P.C.",25
A & E Futures LLC,25
CFW Holdings LLC,25
Palisades Funding Corporation,25
ASPIRE FINANCIAL INC.,25
"Pinebrook Holdings, LLC",25
"Hodosh, Lyon & Hammer, PC",25
"Bonded Business Services, Ltd.",25
"UNIFOUR FINANCIAL SERVICES, LLC",25
Five Lakes Law Group PLLC,25
"Celebrity Financial, Inc.",25
"The Lueder Law Firm, LLC",25
"Parkway Financial Group, LLC",25
"FIDELIS RECOVERY MANAGEMENT, LLC",25
West Realm Shires Services Inc.,25
Receivables Management Associates,25
COASTAL STATES MORTGAGE CORPORATION,25
"JSZ Financial Co., Inc.",25
Collection Center Inc,25
"Internal Check Systems, LLC",25
FLORIDA HOME TRUST MORTGAGE,25
Credit One LLC,24
"Asset Maximization Group, Inc.",24
"ZINC Financial, Inc.,",24
The Law Office of Edwin B. Parry,24
Midway Resolution Services LLC,24
Creekside Recovery And Capital Management,24
ALPHA MIDCO INC,24
"HarrisLoftus, PLLC",24
"POM Recoveries, Inc.",24
Cade Investments LLC,24
"Credit Bureau Central, Inc (NV)",24
NOVA Financial & Investment Corporation,24
MCLEAN MORTGAGE CORPORATION,24
Peerless Credit Services Inc,24
Home Credit Corp. Inc.,24
"Nationwide Title Clearing, Inc.",24
HALLMARK HOME MORTGAGE LLC,24
"Weber & Associates, Inc.",24
The Capital Good Fund,24
Elite Recovery Group LLC,24
"Bison Recovery Group, Inc.",24
"Innovative Collections, LLC",24
Scherr & McClure,24
"Savvy Money, Inc.",24
American Credit Adjusters,24
"American Cycle Finance, Inc.",24
Brinkman Alliance Group,24
YALE MORTGAGE CORPORATION,24
"1ST ALLIANCE LENDING, LLC",24
"Sunset Solutions Group, LLC",24
Fradkin & Weber PA,24
Embassy Loans,24
"Coast 2 Coast Financial Group, LLC",24
"MCCUE MORTGAGE COMPANY, THE",24
KEYSTONE EQUIPMENT FINANCE CORP.,24
"JOHN GIBSON AUTO SALES, INC.",24
Peoples Financial Corp.,24
Westhill Financial,24
"Pinnacle Financial Group, Inc.",24
CHRISTUS HEALTH,24
Lela Mae Portfolio Management Group,24
Expert Credit Sweeps,24
"JAN (LendUSA) Holdings, Inc.",24
Unity Asset Management,24
Business Financing Corporation,24
"Trademark Management Solutions, LLC.",24
"Carter Business Service, Inc.",24
"Hood & Stacy, P.A.",23
CEX.IO CORP.,23
"Genesis Financial & Payment Systems Holdings, LLC",23
MORTGAGE 1 INCORPORATION,23
"Financial Recoveries, Inc.",23
"South River Mortgage, LLC",23
"Afterpay US Services, LLC",23
Student Loan Direct,23
"Superior Holdings, LLC",23
"Echelon Financial, Inc.",23
"Metropolitan Home Mortgage, Inc.",23
"Kwikcash, Inc.",23
"Certified Recovery Systems, Inc.",23
Blackrock Mitigation Group LLC,23
Finmax Smart Capital LLC,23
Bayview Solutions LLC,23
"Tennessee Credit Management, Inc",23
Bleier & Cox APC,23
Alliance Collection Service,23
CHOICE CAPITAL FUND,23
US MORTGAGE CORPORATION,23
PLAID INC.,23
Rosenberg & Associates Recovery Services,23
"Local Data Recovery, LLC",23
Amos Financial LLC,23
SILVERGATE CAPITAL CORPORATION,23
"Credit Systems of the Fox Valley, Inc.",23
"Wilson, Riley & Associates",23
WOOD FINANCE INC DBA PREMIER ACCEPTANCE,23
"Top Asset Solutions, LLC",23
COINFLIP LLC,23
Clay Chapman Iwamura Pulice & Nervell,23
"TexCap Financial, LLC",23
"RANLife, Inc.",23
"Servion, Inc.",23
"JMS Associates, Inc.",23
"Phillips, Reinhard & Associates",23
Payment Resolution Services,23
Affiliates Management Company,23
Ricart Financial Services,23
"Mid Continent Credit Services, Inc",23
"Blue Global Media, Inc.",23
Butte County Credit Bureau,23
"Universal Credit Services, Inc",23
"Peak Acceptance, LLC.",23
Quall Cardot LLP,23
Student Assist Plus LLC,23
TOP FLITE FINANCIAL INC,23
"SettlementOne Valuation, LLC",23
"Tsarouhis Law Group, LLC",23
Springer Collections Inc.,23
State Finance Company,23
"Metro Area Collection Service, Inc.",23
"Genuine Debt Solutions, LLC.",22
RAYMOND JAMES BANK,22
"D.S. Erickson & Associates, PLLC",22
"Pan Am Collections, Inc.",22
Granite Bay Acceptance Inc.,22
"Niagara Credit Solutions, Inc",22
"OLD REPUBLIC TITLE HOLDING COMPANY, INC",22
"SOUTHWEST FUNDING, LP",22
Southwest Mediation Service,22
"Presto Loan Center, LLC",22
"MCU Holdings, LLC",22
iFreedom Direct Corporation,22
Instarem PTE Limited,22
"GreenPath, Inc.",22
ReliaMax Holding Company,22
Mathew Aaron Holdings Inc.,22
"Summit AmeriFirst Holdings, Inc.",22
"Bernhardt and Strawser, P.A.",22
"KBHS Home Loans, LLC",22
"THRIVE MORTGAGE, LLC",22
Vehicle Solutions Corp,22
Creditor Advocates Inc,22
Stilt Inc,22
General Credit Services,22
Filings and Claims Inc.,22
"Advantage Auto Sales, Inc.",22
"SUCCESS MORTGAGE PARTNERS, INC",22
"Moria Development, Inc.",22
Regional Processing Services,22
"Sonnenschein Financial Services, Inc.",22
ISIS SECURITY INFORMATION SYSTEMS INC.,22
Bayside Credit,22
Genpact Limited,22
Ivy Street Development Corp.,22
Stone Higgs & Drexler,22
BAY VALLEY MORTGAGE GROUP,22
Chainlink Services LLC,22
"Nationwide Debt Reduction Services, LLC",22
"MORTGAGE FIRM, INC., THE",22
C&F MORTGAGE CORPORATION,22
Red Cedar Associates LLC,22
Sierra Credit Corp,22
Keystone Credit Services LLC,22
"Citizens Savings & Loan Corporation, Chattanooga, TN Branch",22
"Kingston Financial, LLC",22
"DOLEX DOLLAR EXPRESS, INC.",22
Florida Financial Management dba Lend A Dollar,22
Eastern Asset Services LLC,22
"DEBT 0, INC",22
"BAY COUNTRYCONSUMER FINANCE,INC.",22
Gotham Collection Services Corp.,22
United Revenue Collection Service,22
Skyline Financial Corp.,22
Lenmo Inc,22
AURORA FINANCIAL GROUP INC,22
"Approve Holdings, Inc",22
"Saturn Systems, Inc",22
"Eisenburg,Whitman and Associates",22
Access Financial LLC,22
"Associated Collectors, Inc.",22
BCO Consulting Services,22
"PACE Funding Group, LLC",22
RevNow LLC,22
F&M Capital LLC,22
Toyota Credit De Puerto Rico Corp.,21
Pacific Collections,21
Roc Capital Holdings LLC,21
"RNN Group, Inc",21
"The Commercial Collection Corporation of New York, Inc.",21
Manley Deas & Kochalski LLC,21
"TRUEBILL, INC",21
"National Finance Company, Inc.",21
Total Finance AC LLC,21
Quick Debt Services LLC,21
REMAX,21
Chaparral Inc,21
"Summit Collection Services, Inc.",21
Insight Capital LLC (NV),21
PDQ Check Exchange LC,21
CashMax LLC,21
GREEN ROAD FINANCE INC.,21
"Professional Accounts Service, Inc. (Indiana)",21
"Credit Associates, Inc. (MO)",21
Groundfloor Finance Inc.,21
Marine One Acceptance Corporation,21
Optima Advocates,21
" Lippman Recupero, LLC",21
"InterLinc Mortgage Services, LLC",21
Centric Asset Management Inc,21
Common Wealth Mortgage Services,21
"FRANKLIN FIRST FINANCIAL, LTD",21
"CRA Collections, Inc",21
"Splash Financial, Inc.",21
Yes Online Inc,21
CIS DIRECT LENDING,21
"Newman, Hesse & Associates, P. A.",21
First Direct Mediation,21
"Consumer Financial Debt Services, LLC",21
"Brookshaw Management, LLC",21
"August Real Estate Investments, LLC",21
Veem  Inc.,21
Collections Inc,21
Debt Management Partners LLC,21
USA Service Finance LLC,21
INDEPENDENCE HOME LOANS LLC,21
Red River Credit Corporation,21
"PARKSIDE LENDING, LLC",21
"Yakima County Credit Service, INC",21
"Francy Law Firm, P.C.",21
"Credit Associates of Maui, LTD",21
"Stein Law, P.C.",21
"TRANSCARD, LLC",21
"National Bond And Collection Associates, Inc.",21
"Law Offices of Palmer, Reifler & Associates, P.A.",21
"Portnoff Law Associates, Ltd.",21
"First Texas Auto Credit, Inc.",21
"LoanHero, Inc",21
Ghidotti | Berger LLP,21
Lenox Financial Mortgage Corporation,21
"The Law Offices of Burr & Reid, LLP",21
"A+ Loans, Inc.",21
"SYNERGY ONE LENDING, INC.",21
Searay Portfolio Management,21
Reese Law Group,21
"TaxServ, LLC",21
Assured Financial LLC,21
Bryant Bryant & Associates LLC,20
Angel Oak Home Loans LLC,20
"IMMEDIATE RECOVERY GROUP, INC",20
Smith & Smith Investors LTD,20
"Lake Area Collections, LLC",20
"All American Check Cashing, Inc.",20
SL Finance LLC,20
U DRIVE ACCEPTANCE CORPORATION,20
"Coinme Holdings, Inc.",20
"FIRST CALIFORNIA MORTGAGE CO., INC.",20
Consumer Asset Management (Texas),20
"Wildhorse Financial Services, LLC",20
United Built Homes LLC,20
"Global Resolution Group, LLC",20
"CREDIT BUREAU ASSOCIATES-NORTHEAST, INC.",20
"Buckles & Buckles, P.L.C.",20
Riverwalk Financial CORPORATION,20
White Jacobs & Associates,20
"Reliable Auto Finance, Inc.",20
Paysend US LLC,20
Federal Financial Services Inc,20
Recuvery LLC,20
"Greenlight Financial Technology, Inc",20
"American Acceptance Co., LLC",20
"Ovation Financial Services, LLC",20
"Action Professionals, Inc.",20
"John C. Bonewicz, P.C.",20
Old Republic National Title Holding Co.,20
"Law Offices of Robert S. Gitmeid & Associates, PLLC",20
"VERITAS FUNDING, LLC",20
"National Recovery Service, Inc.",20
TICE ASSOCIATES INC,20
Visio Financial Services Inc.,20
"Creditech, Inc.",20
Credimatico LLC,20
"Star Loans of Texas, Inc.",20
"VeriCore, LLC",20
"Jonathan C. Frank & Associates, LLC",20
"Southwest Collection Services, LLC",20
Gross Polowy LLC,20
"Patient Account Services, LLC",20
"Drew Eckl & Farnham, LLP",20
"Exodus Movement, Inc.",20
BHA Services,20
Pacific Financial Group (Closed),20
"Financial Adjustment Bureau, Inc.",20
"WRJ Holdings, LLC",20
S.B.S. Trust Deed Network,20
"Account Control Systems, Inc",20
Account Liquidation Services Inc.,20
Allied Financial Group & Associates (Closed),20
"SoFi Mortgage, LLC",20
"NEW WORLD COLLECTIONS, INC.",20
"Weinstein & Riley, P.S.",20
Novea Portfolio Management LLC,20
"DOUGLAS, KNIGHT & ASSOCIATES, INC.",20
"Time Investment Company, Inc.",20
Khoury Alternative Claims Management,20
Secure One Capital Corporation,20
Global Consulting Agency LLC,20
"Westside Recovery Services, LLC",20
"Ladera Lending, Inc",20
"Hosto & Buchan, PLLC",20
"Kabompo Holdings, Ltd.",20
"Wxw Investments, LLC",20
"GUIDANCE RESIDENTIAL, LLC",20
"LIVE OAK BANCSHARES, INC.",20
Allied Servicing Corporation,20
"Financial Asset Resolution, LLC",20
Endpoint Resolution Services (ERS),20
Lengenuity LLC,20
Central Collection Corporation,19
Nationwide Intermediary Services llc,19
D.B.F. COLLECTION CORP.,19
"Center Street Finance, LP dba CSF Servicing",19
"Choice Money Transfer, Inc.",19
Century First Credit Solutions,19
SmartCredit LLC,19
CHERRY CREEK MORTGAGE COMPANY INC.,19
"ROAD Auto Finance, LLC",19
CENTERSTATE BANK CORPORATION,19
DEVAL LLC,19
Fidem Baltimore Holdings LLC,19
"Consumer Recovery Solutions, LLC",19
"Strategic Automotive Servicing, LLC",19
"Paragon Subrogation Services, Inc",19
APPLE RECOVERY SERVICES CORP,19
Ardmore Finance Corporation,19
PCS Receivables Corp.,19
"Service Bureau, Inc.",19
"Easier Funding, LLC",19
"Liberty Career Finance, LLC",19
High Performance Capital,19
Global Financial Services Group,19
"Credit & Collection Recovery Services, Inc.",19
"Goldstein, Cruise and Smith LLC",19
ADS Resolve LLC,19
Schukei Chevrolet Volkswagen,19
Blueshore Recovery,19
The CFM Group,19
The Minacs Group (USA) Inc.,19
"Simpson Law Firm, P.A.",19
"Jason A Craig, PC",19
"ADVISORS MORTGAGE GROUP, LLC",19
"Accelerated Creditors Services, Inc",19
ENTERPRISE FINANCIAL SERVICES CORP,19
HOMESTEAD FUNDING CORPORATION,19
"Berndt & Associates, P.C.",19
"CBC Credit Services, Inc.",19
"Co-Operative Adjustment Bureau, Inc.",19
Next Financial Inc. dba Copper,19
"WVH, LLC",19
"Credit Control Company, Inc.",19
"Law Office of Rory W. Clark, APLC",19
"Leachman Law, P.C.",19
Worldwide Recovery LLC,19
"Hollins & McVay, P.A.",19
"Caribou Financial, Inc.",19
Certified Recovery Inc,19
"Kass Shuler, P.A.",19
Lewis & Clark Capital LLC,19
Altitude Community Law P.C.,19
"Executive Financial Consultants, Inc",19
"Pingora Holdings, LP",19
Keystone Law LLC,19
"Portnoy Schneck, L.L.C.",19
INTERNATIONAL CITY MORTGAGE,19
"American Payment Holdco, Inc.",19
USForex Inc.,19
"Above Lending, Inc.",19
Absolute Collections Corp.,19
Allied Consulting Services LLC,19
GENWORTH FINANCIAL INC.,19
BCB Investments LLC,19
"Credit Bureau Services, LLC",19
"Greater Collection Agency Bureau, LLC",19
Debt Relief Center,19
AR Solutions Inc,19
"Midwest Resale Specialist, Inc.",19
"Automated Accounts, Inc.",18
AMERICAN SOUTHWEST MORTGAGE CORP.,18
"Lenderfi, Inc.",18
"American Elite Recovery, LLC",18
"Commercial Industries Services Company, Inc.",18
Blackwater Capital Group LLC.,18
PAY-O-MATIC,18
Gotmortgage.com,18
"BYS, LLC. d/b/a Boost Your Score",18
"CORNERSTONE RESOLUTION GROUP, INC.",18
Capital Asset Recovery INC DBA Jacobson and Wright,18
"Henley, Lotterhos & Henley, PLLC",18
"Barnhall Financial Services, Inc.",18
HOMEOWNERS FINANCIAL GROUP USA,18
"RCO Legal, P.S.",18
"Heavner, Beyers & Mihlar LLC",18
Recreational Holdings Corp.,18
Meadowbrook Financial Mortgage Bankers Corp.,18
LOAN SIMPLE INC.,18
Express Cash Mart Management,18
The Law Office of John P. Frye P.C.,18
United Credit Education Services,18
FDR Asset USA LTD,18
"Parnell & Parnell, PA",18
"RUI Credit Services, Inc.",18
"Randolph, Boyd, Cherry and Vaughan",18
"SameDay Auto Finance, LLC",18
AIH Receivables Management Inc.,18
"Auto Properties II, LLC",18
"Bonial & Associates, P.C",18
Deca Financial Services LLC (Closed),18
"Stewart, Zlimen & Jungers, Attorneys, Ltd.",18
Awar Holding Inc.,18
GREATER SUBURBAN ACCEPTANCE CORPORATION,18
National Processing Group LLC,18
"Western Benefits Group, LLC",18
PARK NATIONAL CORPORATION,18
Advanced Portfolio Group LLC,18
FIRST CREDIT FINANCE,18
"Knight & Hooper, PLLC",18
"Butler, Butler & Rowse-Oberle, P.L.L.C.",18
AMERICAN PORTIFOLIO MORTGAGE,18
Houston Finance Co.,18
"MMG Law Group, PLLC",18
"Michael Haynes & Associates, LLC",18
Fusion Auto Finance,18
Westwood Legal,18
"Allegiance Accounting Services, LLC",18
Lacy Katzen LLP,18
"B&B Funding, LLC",18
"Vinci Law Office, LLC",18
"WILSON & ASSOCIATES, PLLC",18
"Clarkson Law Firm, LLC",18
Matthew Thomas & Associates LLC,18
Angel Oak Mortgage Solutions LLC,18
"Bessine Walterbach, LLP",18
COMMUNITY REINVESTMENT FUND,18
Bison Bucks Lending,18
DOAN SOLUTIONS,18
"LPH, Inc.",18
"Evergreen Recovery Solutions, LLC",18
South Carolina State Housing Finance and Development Authority,18
"Equity Auto Finance, Inc.",18
JMAC LENDING INCORPORATED,18
Arco Collection Services LLC,18
"Location Services Holdings, LLC",18
ARM Professional Services LLC,18
Benjamin Chaise & Associates,18
Portland Credit Inc,18
CITYWIDE HOME LOANS A UTAH CORPORATION,18
"Jacobs, Marsh LLC",18
"Hunt & Kahn, P.A.",18
"MVBA, L.L.C.",18
"Peritus Portfolio Services II, LLC",18
Williston Financial Group,18
Bank of China USA,18
"Udren Law Offices, P.C.",18
SOUTHEAST MORTGAGE OF GA INC,18
"Rhodes, Kelly Assoc Inc",18
Retention Consulting Services Inc.,18
"Chek Cash, Inc.",18
"Clarity Debt Resolution, Inc",18
ALL WESTERN MORTGAGE,18
"Rossi Law Offices, Ltd",18
The Law Firm of Allan C. Smith,18
Assigned Credit Solutions,18
"Main Line Recovery Solutions, Inc.",18
"Account Recovery Services, Inc. (Texas)",18
"Morgan & Associates, P.C.",18
BAS Receivable Management Inc.,17
IPAC'S Inc.,17
VIAMERICAS CORPORATION,17
Oakridge Direct Solutions Inc.,17
River Heights Capital LLC,17
"Neuheisel Law Firm, P.C.",17
"CFS Holdings, Inc",17
Redfin Corporation,17
"LoanUnited.com, LLC",17
APG Financial Inc,17
"Moxley & Associates, LLC",17
"Mirand Response Systems, Inc.",17
"Oak Harbor Capital, LLC",17
Metacorp LLC,17
SecureNet Loan Services LLC,17
"Cherry Creek Strategic Advisors, LLC",17
Remit Corporation,17
"Financial Service Center of Ohio, LLC",17
DRAPER AND KRAMER MORTGAGE CORP AND ECLIPSE MORTGAGE LLC,17
"Bastion Consumer Funding I, LLC",17
Oklahoma Motor Credit Company,17
"Featured Mediation, LLC",17
Residential Bancorp,17
"Creditors Collection Bureau, Inc.",17
"Rose & Associates, LLC.",17
SOUTHERN TRUST MORTGAGE LLC,17
"INTERNAL CREDIT SYSTEMS, INC",17
Northtown Capital Services Group LLC,17
"Student Loan Solutions, LLC",17
"Secured Resolutions, LLC",17
Lowcountry Credit Inc.,17
"Davis & Jones, LLC",17
Golden State Collections LLC,17
Michael Andrews & Associates LLC,17
"Collection Bureau of Kansas, Inc.",17
Summit Horizon Financial Services,17
Saint Services LLC,17
FIRST CENTENNIAL MORTGAGE CORP,17
E Mortgage,17
Stratus Financial LLC,17
"Cohen McNeile & Pappas, PC",17
"RIGHT START MORTGAGE, INC.",17
"A/R CONCEPTS, INC.",17
Apex Resolution Group LLC,17
"National Account Services Group, LLC.",17
EarnUp Inc.,17
Professional Collection Company,17
"Accounts Research, Inc.",17
"Taproot Financial, LLC",17
EXCEL FINANCE COMPANY,17
"Century Financial Services, Inc.",17
"CHACON AUTOS, LTD.",17
"Creative Finance, Inc.",17
United Financial Service,17
CMK Investments Inc,17
SCV Inc.,17
Renew Financial Holdings Inc,17
LPSG,17
The Cadle Company,17
Accounts Receivable Services,17
"Residential Mortgage Services Holdings, Inc.",17
EMPIRE MEDIATION SERVICES LLC,17
"HAMILTON GROUP FUNDING, INC.",17
Procollect Services LLC,17
"Southern Service Systems, Inc.",17
"Burton Neil & Associates, P.C.",17
"NQM Funding, LLC",17
"Tona Mortgage, LLC",17
"Zebit, Inc.",17
ACRE MORTGAGE,17
"VALLEY CREDIT SERVICES, INC. (WI)",17
"Line Financial, PBC",17
"Crosstown Law, LLC",17
"Mid-Minnesota Management Services, Inc.",16
"WestGen Lending, a DBA of Beckam Funding",16
Data Line Credit Corp,16
"TNT Financial, Inc.",16
"Hometap Equity Partners, LLC",16
"Automotive Services Finance, Inc.",16
"CBK, Inc.",16
Thrive National Corporation,16
"A.C.S. Companies, Inc. I",16
"Credits, Incorporated",16
AMERICASH,16
PROPEL FINANCIAL SERVICES LLC,16
Credit Bureau Central Inc (MS),16
Hanna Holdings Inc,16
"Kiavi, Inc.",16
"The Law Offices of Quinn M. Kofford, P.C.",16
"Secure Capital Management, Inc.",16
Niagara Capital Recovery LLC,16
Zingo Cash Illinois LLC,16
T2 Financial LLC,16
"Neighborhood Autos, LLC",16
Moiharwin Diverisfied Corporation,16
Nations Info Corp,16
"Rubin Lublin, LLC",16
"Aubrey Thrasher, LLC",16
"Insta-Credit Auto Mart, Inc. dba InstaCredit Automart",16
"Yield Solutions Group, LLC",16
"Century Finance, Inc.",16
BROCKELBANK INC,16
Lawson Hamilton & Associates,16
"Apple Law Group, Inc.",16
Ben Franklin Finance LLC,16
"Garner & Conner, PLLC",16
SVB FINANCIAL GROUP,16
HOME ACCEPTANCE CORPORATION,16
"Tennessee Quick Cash, Inc.",16
"Filo Mortgage, L.L.C.",16
"Auto Acceptance, LLC",16
MANN FINANCIAL INC.,16
"Goldberg & Peretti, LLC",16
"HEARTLAND FINANCIAL USA, INC.",16
"Precise Financial Group, LLC",16
"Zap Solutions, Inc.",16
"EAGLE BANCORP, INC.",16
Montgomery County Credit Bureau,16
Citizens Debt relief LLC,16
"Millsap & Singer, LLC",16
"Aspen Properties Group, LLC",16
Olympus1 LLC,16
Kason Credit Corporation,16
St.John Cobb Inc,16
"Erin Capital Management, LLC",16
"AXIA FINANCIAL, LLC",16
"Chelseamac, LLC dba Briteside Solutions",16
Jzanus Ltd.,16
Strauss Factor Laing & Lyons,16
First Credit Corporation,16
"Line 5, LLC",16
NORTHERN OHIO INVESTMENT COMPANY,16
"Consuegra & Duffy, P.L.L.C.",16
MITSUBISHI HC CAPITAL (U.S.A.) INC.,16
Universal Envoy Corporation,16
ALPAT COMPANY INC,16
Enium Capital Group LLC,16
"Leopold & Associates, LLC",16
"ROCKFORD MERCANTILE AGENCY, INC.",16
"Ernst, Ernst & Artmann, Inc.",16
"TRIDENT MORTGAGE COMPANY, LP",16
NORTHERN HILLS COLLECTIONS INC.,16
"Nagle & Zaller, PC",16
Asset Collections Inc,16
Kadent Corporation,16
Global Recovery Solutions,16
"MORTGAGE CAPITAL ASSOCIATES, INC.",16
"GEORGE MASON MORTGAGE, LLC",16
Edge Home Finance Corporation,16
Michael G. Niles,16
RMK Financial Corp,16
"S&N Debt Solutions, LLC",16
"FirstCollect, Inc.",16
"Association Capital Resources, LLC",16
"Credit Financial Services, lnc",15
"U.S. Equity Advantage Holdings, Inc.",15
"Joseph M. Tobin, PC",15
"AR Audit Services, Inc",15
"American International Finance, Inc.",15
"Alum Financial, LLC",15
Debt Solutions LLC,15
Wave Financial USA Inc.,15
ROCKY MOUNTAIN MORTGAGE COMPANY,15
"Morris, Hardwick, Schneider, LLC",15
HOME FINANCE OF AMERICA,15
"Enerson Law, LLC.",15
"General Financial, Inc.",15
RANGE CREDIT BUREAU INC,15
SERVICELINK LOSS MITIGATION SERVICES,15
United Student Loan Assistance Center,15
"Millennial Home Lending, Inc",15
Next Level Finance Partners  LLC,15
"Durham & Durham, LLP",15
Innovative Credit Solutions,15
"SB Holdings, Inc.",15
Jvs group,15
"Palisade Legal Group, PLLC",15
"TJC Mortgage, Inc.",15
Student Loan Debt Agency,15
Merchants Credit Assoc. Inc SC,15
Courtesy Finance LLC,15
"National Education Servicing, LLC",15
SAMUEL I WHITE PC,15
Nickel City Group LLC,15
"FirstCash, Inc.",15
Law Offices of Goldsmith & Hull A.P.C.,15
Kevin B. Wilson Law Offices,15
"Lefkoff, Rubin, Gleason, Russo & Williams, P.C.",15
Modoc Tribe Financial Services Authority,15
"NEW IMAGITAS, INC",15
"North Shore Equities, Inc.",15
"MILEND, INC.",15
STIFEL FINANCIAL CORP.,15
"Modern Asset Management, Inc.",15
"Double Diamond-Delaware, Inc.",15
"Pennsylvania Auto Credit, Inc.",15
Keystone Credit Collections Inc.,15
"Caliver Beach Mortgage, LLC",15
MCT GROUP INC.,15
Master Finance Company,15
"Personal Cash Loans of SC, Inc.",15
Como Law Firm P.A.,15
"CDS Debt Relief, LLC",15
Concerto Card Company,15
"National Asset Direct, Inc.",15
Foxstar Energy Resources LLC DBA Federal Student Loans Council,15
"PRIMAVERA FINANCIAL, INC.",15
"ATHAS CAPITAL GROUP, INC.",15
Alternative Collections LLC,15
Tri-Counties Accounts Adjustment Bureau,15
950 Credit Inc,15
Park View Credit,15
J. Ritter Law P.C.,15
"Pittenger Law Group, LLC.",15
ADESA CORPORATION,15
"J & B Endeavors, LLC",15
"RELIABLE FINANCIAL SERVICES, INC.",15
"The Law Offices of Gregory Alexandrides, LLC",15
"Credit Services Corporation, LLC",15
"CREDIT BUREAU OF LEWISTON-CLARKSTON, INC",15
"FlexPath Capital, Inc",15
"The Allen Daniel Associates, Inc.",15
"Coastal Finance Company, Inc.",15
"American Collection Systems, Inc. (OH)",15
"Capitol Credit Services, Inc",15
"National Check Bureau, Inc.",15
"United Check Recovery, LLC",15
Allied Financial Services Inc,15
"BDF Partners, PC",15
Professional Recovery Services Inc.(Closed),15
ETHOS LENDING LLC,15
"M. Richard Epps, P.C.",15
PLEASANT VALLEY HOME MORTGAGE,15
Payday America Inc.,15
"PMGI, LLC",15
"CONTINENTAL HOME LOANS, INC",15
United Recovery Worldwide LLC,14
"Aurora Financial, LLC",14
FIRST FOUNDATION INC.,14
MEGA CAPITAL FUNDING INC.,14
AmOne Corp.,14
"Total Recovery Services, Inc",14
ARC Services,14
Home Mortgage Alliance Corp. (HMAC),14
DRIVE NOW ACCEPTANCE LLC,14
Tesani Management Inc,14
"The McHughes Law Firm, LLC",14
"CJA Auto Sales, Inc.",14
"CalAtlantic Financial Services, Inc., Scottsdale, AZ Branch",14
"Interstate Credit & Collection, Inc.",14
"Kovitz Shifrin Nesbit, A Professional Corporation",14
BCI FINANCIAL,14
"Larsen & Associates, P.L.",14
"Surf Consultants, Inc.",14
"Harvest Strategy Group, Inc.",14
"SELLING SOURCE, LLC",14
"Prime Business Service, LLC",14
Credit Bureau of San Luis Obispo & Santa Barbara Counties,14
"THE MONEY HOUSE, INC.",14
"Car Credit Finance, LLC",14
"Celentano, Stadtmauer & Walentowicz, LLP",14
Universal Technical Institute,14
"SHM Holdings, LLC",14
Minnesota Office of Higher Education,14
Horizon Financial Management,14
Golden Title Loans LLC,14
The Shindler Law Firm,14
Wellmont Health System,14
Unified Global Solutions LLC,14
"Specialized Management Services, Inc.",14
"TriPoint Lending, LLC",14
Direct Cash LLC,14
"Sullivan Asset Management, LLC",14
"Collection Service, Inc.",14
"J R Brothers Financial, Inc.(Closed)",14
OPEN MORTGAGE LLC,14
"Travelex NY, Inc.",14
"ThunderRoad Financial, LLC",14
"Aequitas Capital Opportunities Fund, LP",14
"Solidifi US, Inc.",14
Triple AC Resolutions,14
Sombrero Capital LLC,14
Funding Metrics LLC,14
Flat Six Holdings Inc.,14
GABA LAW CORPORATION,14
Leif Technologies Inc.,14
Deatrick & Spies PSC,14
"Burns Auto Credit, LLC",14
Auto Buyers Credit LLC,14
"Prohealth Care, Inc",14
Edward F Bukaty III,14
C2 Financial Corporation,14
Auto Credit of Virginia Inc.,14
"Debt Recovery Solutions of Ohio, Inc.",14
"CREDIT BUREAU OF FARMINGTON, INC",14
Northstar Legal Group LLC,14
"Waddell Serafino Geary Rechner Jenevein, PC",14
AdvantageFirst Lending Inc.,14
"Superior Adjustment, Inc.",14
"Hammerman & Hultgren, P.C.",14
"Continental Collection Agency, Ltd.",14
"Credit Bureau Financial Services, Inc.",14
Absolute Home Mortgage Corporation,14
MORTGAGE INVESTORS GROUP,14
"Greenback Recovery Group, LLC",14
Kitch Acceptance Corp.,14
"BorrowersFirst, Inc.",14
Highland Capital,14
"MEDICAL BUSINESS CONSULTANTS, INC",14
Accudata Credit Systems LLC,14
Intercoastal Mortgage LLC,14
ABC Credit & Recovery Services Inc.,14
CIBC BANK USA,14
"RESMAC, INC.",14
Monevo Inc,14
"Globe Acceptance, Inc.",14
"COMMERCIAL SERVICES GROUP, INC.",14
"Rodriguez Fernandez Law Offices, LLC",14
"Pacific Home Loans, Inc",14
"Doyle & Hoefs, LLC",14
"Wheel City Motors East, Inc.",14
"Fold, Inc.",14
Primus Law PC,14
"Main Street Holdings, Inc.",14
"LendUS, LLC",14
"Ashfield Management Services Inc,",14
"IDT Telecom, Inc",14
"Kind Holdings, LLC",13
Sher & Shabsin PC,13
"Circleback Lending, Inc.(Closed)",13
"Credit Bureau of Columbia, Inc.",13
"Family Choice Financial, Inc.",13
"MCS MORTGAGE BANKERS, INC.",13
Enterprise Acquisitions,13
Aura Mortgage Advisors LLC,13
"(Former)Shapiro, Swertfeger & Hasty, LLP",13
"CICA Collection Agency, Inc.",13
"60 Month Loans, Inc.",13
"OHara Holdings, LLP",13
Creditors Service Bureau Inc,13
"Action Credit, LLC",13
Apex Mortgage LLC,13
"Cheek Law Offices, LLC",13
Rapid Home Lending Inc.,13
South East Collection Specialist,13
"The Levinbook Law Firm, P.C.",13
Homespire Mortgage Corp,13
"Upstate Collection Center, Inc.",13
"Rosegate Mortgage, LLC",13
CrediautoUSA Financial Company LLC,13
"Trott Law, P.C.",13
Asset Recovery Inc,13
ACCOUNTS ADVOCATE AGENCY,13
"Kirschbaum, Nanney, Keenan & Griffin, P.A.",13
"NEXBANK CAPITAL, INC.",13
Mezcal Corporation,13
ALCOVA MORTGAGE LLC,13
"BRAZOS HIGHER EDUCATION AUTHORITY, INC.",13
Castle Mortgage Corporation dba Excelerate Capital,13
Pharus Funding LLC,13
"Klover Holdings, Inc.",13
MODERN FINANCE COMPANY,13
The Hallstrom Law Firm PLLC,13
"Omni AR, LLC",13
Hilco Receivables LLC,13
"Bowen & Associates Recovery, Inc",13
"SERVICE 1ST MORTGAGE, INC.",13
"CONSUMER PROTECTION ASSISTANCE COALITION, INC",13
"Adonis Auto Group, LLC",13
"ZOA, LLC",13
"Managed Recovery Systems, Inc.",13
"ORO OC, LLC",13
"PATRICK A. CAREY, P.A.",13
EIC Enterprises,13
"RSB Equity Group, LLC",13
"Cherry Creek Corporate, LLC",13
Midwest Finance Corporation,13
Dodge Enterprises Inc.,13
FRIC HOLDING CORPORATION,13
"Quad Corporation, Inc.",13
"Intelliloan, Inc",13
"Gemini Direct LLC, dba Credit Innovation Group",13
"Equity Sales Finance, Inc.",13
ICUL Service Corporation,13
CERTAINTY HOME LOANS LLC,13
"Donut, Inc.",13
"Hidden Oak Group, Inc.",13
"Robert W. Warner & Associates, P.C.",13
Main Resolution Group,13
Interstate Credit Control,13
Easyknock,13
Tidalwave Finance Corporation,13
"TimeMark Solutions, Inc",13
Prime Choice Funding Inc.,13
General Collection Co.,13
"Fitzgerald Goldman & Associates, Inc.",13
"Blend Labs, Inc.",13
Man-Data Inc.,13
Titan Solutions Group LLC,13
Makower Abbate Guerra Wegner Vollmer PLLC,13
"American Financial Credit Services, Inc.",13
"Premier Recovery Services, LLC",13
"SW Linear Investment Group, LLC",13
"Live Oak Financial, Inc",13
"Debtsy Holdings, Inc.",13
"ZenResolve, LLC",13
"Morgan & Pottinger, PSC",13
Smart Finance Inc dba Fishtail Financial,13
Hawk Inc,13
"Tiffany & Bosco, P.A.",13
"Seidberg Law Offices, P.C.",13
"Epn, Inc.",13
"Plutos Sama, LLC",13
INTERNATIONAL BANCSHARES CORPORATION,12
Illinois Collections Inc,12
"West Capital Lending, Inc.",12
"Convergence Acquisitions, LLC",12
"Expedite Financial, Inc",12
"Neighborhoods United, LLC",12
Global Credit Solutions LLC,12
"CORNERSTONE MORTGAGE, INC.",12
"Brown Law, PLLC",12
Hawes Klein LLC,12
"Caddis Funding, LLC",12
"K STREET FINANCE, INC.",12
"National Account Services, Inc.",12
Samuel Whitaker & Associates LLC,12
Accounts Interchange Group LLC,12
"Jones, Robin & Robin, P.C.",12
"Lefkoff, Rubin, Gleason & Russo, P.C.",12
Students Come First,12
Nextep Funding LLP,12
"Hawthorn Recovery Services, Inc.",12
"Champions Funding, LLC",12
"Winthrop Financial Resources, LLC",12
"UNITED ONE RESOURCES, INC.",12
"Lend Smart Mortgage, LLC",12
"Jormandy, LLC",12
"Glennon Law Firm, LLC",12
LL Services Parent LLC,12
"WALLICK AND VOLK, INC",12
"Zeller & Associates, LLC",12
"Account Recovery Service, Inc. (WI)",12
"REPUBLIC MORTGAGE HOME LOANS, LLC",12
"Nudelman, Klemm & Golub, P.C.",12
"Dean Morris, L.L.P.",12
"CCI Financial, Inc",12
"GEMINI CAPITAL GROUP, LLC",12
"Jeffrey G. Lerman, P.C.",12
F&L Marketing Enterprises LLC,12
ACH Recovery Solutions,12
"Allied Recovery Solutions, Inc.",12
"Dorough & Dorough, LLC",12
"Credit Service of Central Washington, Inc.",12
"Curtwright & Klein, LLC",12
"GLENN ASSOCIATES MID-ATLANTIC, INC",12
"Accelerated Portfolio, Inc.",12
"American Management Services, Inc.",12
"Winona Holdings, Inc.",12
LCB Rent Reporting Ltd.,12
Advise Solutions Services LLC,12
Weimark,12
"PMR Progressive, LLC",12
Grimley Financial Corporation,12
CFS ACCEPTANCE,12
"CARTER-JONES COLLECTION SERVICE, INC",12
"Davis and Goldmark, Inc.",12
"Gordon & Wong Law Group, P.C.",12
"Life Line Billing Systems, LLC",12
JLB CORPORATION,12
"Accord Business Funding, LLC",12
Illinois Lending Corporation,12
"Weinstein, Karp & Associates, Inc.",12
"Spero Solutions, Inc.",12
"Denovus Corporation, Ltd.",12
"Timothy C. Runyan, P.C.",12
"Kaman & Cusimano, LLC",12
Start Connecting dba USA Student Debt Relief,12
POLARIS HOME FUNDING CORP,12
Regional Credit Solutions,12
"Jerold Kaplan Law Office, P.C.",12
"Professional Adjustment Bureau of Mid-America, Inc.",12
"Real Estate Equity Exchange, Inc. d/b/a Unison",12
Applied Resolutions Group,12
"Soja Management Services, LLC",12
"Atlas Services, Inc.",12
"The Grogan Law Group, LLC",12
Anselmo Lindberg Oliver LLC,12
Vargo & Janson PC,12
Empire Resolutions Group,12
Five Lakes Agency,12
"Cornerstone First Mortgage, Inc.",12
National Student Debt Advisory Corp.,12
TDS Financial LLC,12
General Credit Service Inc.,12
Pappas Hayden Westberg & Jackson PC,12
"FIRST CASH FINANCIAL SERVICES, INC.",12
Financial Network Recovery Inc,12
"Frontier Consumer Law Group, LLC",12
"Cloud Willis & Ellis, LLC",12
"Brown Olcott, PLLC",12
"Sykes,Bourdon,Ahern & Levy, P.C.",12
"Collection Bureau of Little Falls, Inc.",12
Blackhawk Finance,12
DEBT CREDIT SERVICES,12
United Collection Service Inc (Closed),12
BEAL FINANCIAL CORPORATION,12
Greenwood and Allen Financial,12
"Credit Service of Logan, Inc.",12
American Location Specialists,12
WEBULL PAY HOLDINGS (US) INC,12
"First Premier Financial, Inc.",12
NTFN INC.,12
"Dana & Pariser Co.,L.P.A.",12
"TFC Group, LLC",12
FUTURE FINANCE COMPANY,12
LAW OFFICE OF JOHN E. LINDNER P.A.,12
"1 STOP MONEY CENTERS, LLC",11
"Chaplin & Papa, P.C.",11
I.A.C. INC,11
"Nobilis Credit Management, LLC.",11
BROADVIEW MORTGAGE CORPORATION,11
WALL STREET MORTGAGE BANKERS,11
ICQ Search and Recovery Inc.,11
Sports & Imports Auto,11
"Cannon Finance, Inc.",11
"Whetstone Partners, LLC",11
Acknowledge Debt Resolutions,11
Revenue Recovery Bureau (Closed),11
"Southwestern Investors Group, LLC",11
PIKE CREEK MORTGAGE SERVICES,11
"LK Manley, Inc",11
Town Financial Corporation,11
"Cuzco Capital Investment Management, LLC",11
Budget Mortgage Corp.,11
"Plastyc, Inc.",11
"ALLSTATE LENDING GROUP, INC",11
Clayton Holdings LLC,11
HFS Financial LLC,11
Westgate Arbitration INC (Closed),11
"Direct Mortgage Loans, LLC",11
"Harvest Credit Management VII, LLC",11
"AMERICAN BANCSHARES MORTGAGE, LLC",11
STAR ONE CREDIT UNION,11
Duane Morris LLP,11
"Credit Bureau of Jonesboro, Inc.",11
"Dennis Dillon Auto Park and Truck Center, Inc.,",11
Select Resource Group,11
Rock Holdings Inc.,11
"PLM Lender Services, Inc.",11
"The DeGrasse Law Firm, P.C.",11
"Presto Auto Loans, Inc.",11
Wharthog Ventures LLC dba Loans Not Sharks,11
Roseberry Inc.,11
Top Line Collectors LLC,11
Escrow Inc,11
"PROFESSIONAL COLLECTION SERVICE, INC",11
Rosen Management Services Inc.,11
Cobalt Mortgage,11
"Advanced Collection Services, LTD",11
CRE Credit Services,11
EUSTIS MORTGAGE CORPORATION,11
Family First Funding LLC,11
First Reliance Holdings LLC,11
Washington Trust Bank Financial Corporation,11
"Livingston Financial, LLC",11
"New Southern Loans, Inc",11
"DK, Consulting, Inc dba Huntington Financial Services",11
NAFCO Finance,11
"Zeus Mortgage, Ltd.",11
"MUSA Holdings, LLC",11
UNIVERSAL LENDING CORP.,11
Century Debt Solutions Inc.,11
"BTS Motors, LLC",11
"Credit Shop, Incorporated",11
Range View Management LLC,11
Elite Legal Practice PC,11
"BMANSOL Intermediate Holdings, Inc.",11
Finco Holding Company LLC,11
"Fresh Start Funding, LLC",11
GUARANTEED HOME MORTGAGE COMPANY,11
"RAM America, Inc",11
"ClosingMark Financial Services, LLC",11
"OM Financial, LLC",11
Credit Lending Services Inc.,11
"Lending Force, LLC",11
"Madison Auto, LLC",11
"Franklin Mortgage Solutions, LLC",11
"Jomax, LLC",11
First Consumers Financial LLC,11
Accurate Financial Services,11
"The Wilber Law Firm, P.C.",11
"G. Reynolds Sims & Associates, P. C.",11
PRIORITY PLUS FINANCIAL LLC,11
"Integrity Asset Partners, Ltd.",11
ALCAR INC.,11
The Law Firm of Krisor & Associates,11
"Blackstad, Hrabe, Kirlorsky, LLC",11
Law Office of Charles G. McCarthy Jr. & Assoc.,11
Assent Inc.,11
Zachter PLLC,11
"Jon B. Sage, P.A. dba Sage Law Offices",11
"Landmark Strategy Group, LLC",11
Account Control Bureau,11
Top Flight Assistance (Top Flight Credit Assistance),11
"IMPERIAL CREDIT SYSTEMS, INC.",11
"North Georgia Regional Collection Agency, Inc.",11
National Capital Solutions,11
Olson Associates PC,11
"Liberty Credit Services, Inc.",11
"SERVISFIRST BANCSHARES, INC.",11
Personal Finance Center,11
"Oliver Adjustment Company of Kenosha & Racine, Inc",11
"Student Zoom, LLC",11
Robinson & Associates,11
"Credit Bureau of Canyon, Inc",11
Roberts Markel Weinberg Butler Hailey PC,11
Creditly Corp.,11
"Absolute Mortgage Company, Inc.",11
COOPER HEALTH SYSTEM,11
"VNU Group, LLC",11
Central Business Funding,11
First Colony Mortgage Corp.,11
"FX Quick Cash, LLC",11
CLX Systems/ Westwood Management,11
"Driver Holdings, LLC",11
Iconic Mortgage Corp.,11
Wright & Lerch Attorneys At Law,11
First Bancorp North Carolina,11
"Capital For Change, Inc.",11
"Manor Resources, LLC",11
"Colten Mortgage, LLC",11
"Miguel A. Maza & Associates, PSC",11
"AUTO MARKET OF FLORIDA, CORP",11
Commercial Credit Counseling Services Inc.,11
"Brent D. Stamps, Attorney at Law",11
"Coastal Capital Processing, LLC",10
Merchants Credit LLC,10
First Capital Recovery Inc.,10
"NARTEY LAW GROUP, LLC",10
Capital Servicing Group,10
"Equinox Financial Management Solutions, Inc.",10
Goshen Mortgage LLC,10
"CALIFORNIA RECOVERY BUREAU, INC",10
"Penncro Associates, Inc.",10
"Merchants Financial Guardian, Inc.",10
Law Offices of Donald R Conrad P.C.,10
Best Capital Funding,10
Trans National Credit Corporation,10
"Great Lakes Capital Management, LLC",10
Cstone Mortgage Inc,10
Total Recovery Solutions,10
"Verified First, LLC",10
"Encircle Collections, Inc.",10
Niagara Central Revenue,10
"Del Toro Loan Servicing, Inc",10
"Prospect Financial Group, Inc",10
"A & S Collection Associates, Inc.",10
Judgment Acquisitions Unlimited Inc,10
"Zendable, Inc.",10
"National Bureau of Collections, Inc",10
"Resurgence Financial, LLC",10
"Key Management Company of Missouri, LLC.",10
"Rainier Financial Group, LLC",10
"Northeast Receivables Management, LLC",10
"V.I.P. MORTGAGE, INC.",10
"Central Service Bureau, Inc.",10
"Security Auto Loans, Inc.",10
"HUELSON LAW FIRM, LLC",10
ECredable,10
"Cascade Mortgage, Inc.",10
Faloni Law Group,10
United Portfolio Corp.,10
"National Creditors Connection, Inc",10
Pono Ventures Inc.,10
"VICTORIAN FINANCE, LLC",10
"Financial Solutions Group, LLC",10
"Simple Cash Loans, Inc.,",10
700 Credit Experts,10
"GRIFFIN FUNDING, INC.",10
"MIDWEST EQUITY MORTGAGE, LLC",10
GSA Commercial Asset Management,10
First Mortgage Solutions,10
"CoinZoom, Inc.",10
"Western Collection Bureau, Inc.",10
PACIFIC CAPITAL EXCHANGE,10
Nevada Professional Collections Texas,10
Moneydart Global Services Inc.,10
WILLOW BEND MORTGAGE,10
Legal Action Bureau Inc,10
"Fidelity Direct Mortgage, LLC",10
"Ogden Holdings, LLC",10
"Credit Adjustment Services of Harrisburg, Inc",10
United National Services,10
CapitalCredit LLC,10
"REPORTS, INC.",10
Motormax Financial Services Inc.,10
"Rolfe & Lobello, P.A.",10
Speedee Cash Management,10
Infinity Capital Group,10
"Law Offices of Ed Overcash, LLC",10
"AUTO FINANCE USA, LLC",10
"Parnell Law Group, LLC",10
Atlas Collections Inc. (of New Castle),10
"Veristone Mortgage, LLC",10
The Judgment Group,10
"Creditor Claims of America, Inc.",10
Residential Finance Corporation (Closed),10
"LPI, INC.",10
Excella Recovery Group,10
BIYING Inc,10
Cohen Kaplan Tulowitz LLC,10
"Bizcorp, LLC",10
Action Finance Inc.,10
Filaport Acquisitions,10
"Southwood Financial, LLC.",10
"Rochester Home Equity, Inc",10
Bennett Law PLLC,10
"Investigative Concepts, Inc.",10
"LoanFlight Lending, LLC",10
"Prodigy Finance Servicing, LLC",10
"A+ Financial Services, Inc.",10
"CredHub, Inc",10
"Qualey Law Group, Inc.",10
"Bonded Collectors of Wisconsin, Inc",10
"Professional Recovery, Inc.",10
Hughes Finance,10
Merchants Automotive Group LLC,10
"SOUTHPOINT FINANCIAL SERVICES, INC.",10
"LUKE, JOHNSON & LEWIS LLC",10
"WCS LENDING, LLC",10
"Trustly, Inc.",10
Bell Global Solutions LLC,10
"FIRST METROPOLITAN FINANCIAL SERVICES, INC.",10
STELLAR BANCORP INC.,10
"Delta Management Group, Inc.",10
"Mid-Atlantic Solutions Holdings, LLC",10
"Cascade Creditors Service, llc",10
"Salander Enterprises, LLC",10
NATIONWIDE EQUITIES CORP,10
"First Southwestern Financial Services, LLC",10
"Lexington Consumer Advocacy, LLC",10
ATLANTIC HOME LOANS INC.,10
Informative LLC,10
National Payment Solutions of New York LLC,10
LOAN SERVICING GROUP,10
Diverse Financial Enterprises,10
Reliance Motor Credit LLC,10
Mankin Law Group,10
Law Office of Regent and Associates,10
"UNITED FIDELITY FUNDING, CORP",10
"RMI Services, LLC",10
Kirkland Financial LLC,10
"Lanier Law Firm, LLC",10
SHAPESHIFT AG,10
"Onward Credit Holdings, LLC",10
"MedShield, Inc.",10
Credit and Receivables Services Inc.,10
"Carmen V. Porreca, P.C.",10
"Unlock Technologies, Inc.",10
Southeast Finance Inc.,9
Sentrix Financial Services,9
77 Elite,9
"Carpenter, Hazlewood, Delgado & Bolen, PLC",9
AmNet ESOP Corporation,9
"OVM FINANCIAL, INC",9
Client Financial Services of Michigan LLC,9
"Financial Rescue, LLC",9
"Newman, Mathis, Brady & Spedale",9
"Chicago Car Center, Inc.",9
"Melar Investments, LLC",9
Panhandle-Plains Student Finance Corporation,9
Nexera Holding LLC,9
"CREDIT BUREAU OF NEW ULM, INC.",9
"Venture Financial Services, Inc.",9
"Business Law Group, P.A.",9
Docuservpro dba Simple Repayment,9
"Debt Direct Portfolio Management, LLC",9
"Imperium Lending, LLC",9
"Compattia Roccia Management Group, LLC",9
Columbus Finance Inc.,9
Western Management Consultants,9
Whitestone Financial Holdings LLC,9
"CENDERA FUNDING, INC.",9
"State Cap Auto Finance, Inc",9
American Mediation,9
"Ignite Revenue, Inc.",9
National Recovery Services LLC,9
"Franks Adjustment Bureau, Inc.",9
Global One Arbitration Inc.,9
"Executive Acquisitions Group, LLC",9
North Idaho Credit Corporation,9
United Credit Service Inc,9
"Statewide Mortgage, LLC",9
Utah Billing & Recovery Services,9
"Stone Creek Financial, Inc",9
Fortren Funding LLC,9
Credence Funding Corporation,9
"Becker and Klein, LLC",9
"Neiman, Stone & McCormick , P.C.",9
High Mountain Funding Inc.,9
"Road Runner Collection Services, Inc.",9
JAYANDBEE INC /dba/ HOOSIER ACCOUNTS SERVICE,9
KCB Credit LLC,9
FRANKLIN LOAN CORPORATION,9
Mintex Inc.,9
"Ronald H. Reynolds, Inc.",9
Louisiana Bureau of Credit Control Inc.,9
CFS2 Inc.,9
"Granite Creditors Service, Inc.",9
"Metro Republic Commercial Service, Inc.",9
"Lakeview Law Group, PLLC",9
"Civic Financial Services, Inc.",9
"Consolidated Credit Solutions, Inc.",9
"Moody, Jones & Ingino, P.A",9
NE PROCESSING LLC,9
"NCC Holdings, LLC",9
"Thomas & Thomas Attorneys and Counselors at Law, LLC",9
Tecco Systems,9
Cannon & Cannon Firm PC,9
Residential Credit Opportunities Trust,9
The Hamilton Law Association,9
ROSS MORTGAGE CORPORATION,9
UnBanked,9
Arapahoe Motors,9
American Credit - Credit Repair Centers,9
Dealer Finance of Western Kentucky,9
NowackHoward LLC,9
"Openonline, LLC",9
Maxitransfers LLC,9
PERSIAN ACCEPTANCE CORP,9
Royalty Management Corporation,9
"Complete Collection Services, Inc.",9
"STL HOLDING COMPANY, LLC",9
Lockhart Mediation Services,9
"Taylor Law, PLLC",9
"OSG Group Holdings, Inc.",9
Check Fraud Services,9
Recovery Ace Inc,9
"First Financial Credit, Inc",9
Moon Inc.,9
The Eastbrooke Group LLC,9
"SEMPER HOME LOANS, INC",9
Mortgage One Funding LLC,9
Consumer Shield,9
American Mortgage Service Company,9
"Nu World Title, LLC",9
First Collections Inc,9
Credee Corporation,9
REDEMPTION FINANCIAL SERVICES LLC dba NATIONAL AUTO ACCEPTANCE,9
"Credit Services, Inc.",9
Tan Oak Financial,9
Revenue Cycle Management Corp,9
Turnbull Law Group,9
"Lendsmart, Inc.",9
Loantopia,9
Patriot Mortgage Corporation,9
"Nudge Funding, LLC",9
Loan Cabin Inc.,9
"Omnex Group, Inc.",9
National Mediation Services,9
American Reporting Company,9
B & B FINANCIAL SERVICES INC,9
Cumulus Funding LLC,9
A.R.C. Accounts Recovery (U.S.A.) Corporation LLC,9
Montgomery & Meyers P.A. Corporation,9
"All Credit Considered Mortgage, Inc.",9
"DSW Carolina, LLC d/b/a Resource Services",9
"EULER HERMES UMA, INC.",9
"Cedar Holdings, Inc.",9
"TDF Financial Services, Inc.",9
"Kahn, Dees, Donovan & Kahn, LLP",9
CU MORTGAGE SERVICES INC.,9
"1ST FINANCIAL, INC.",9
"Vitek Real Estate Industries Group, Inc.",9
Tater Inc.,9
CreditWorks LLC,9
"1ST RESULTS BILLINGS & COLLECTIONS, INC.",9
Bluestein Hirsch and Associates,9
"Sharinn & Lipshie, P.C.",9
"Tiburon Financial, LLC",9
Cornerstone Mitigation,9
"Creekside Finance, Inc.",9
Supreme Solutions,9
"Zealandia Holding Company, Inc.",9
Southwest Acceptance Finance Co,9
"Automotive Leasing Specialists, L.L.C.",9
"Revenue Collection Bureau, Inc.",9
"Niagara Capital Associates, Inc.",9
Consolidation Capital,9
Atlantic Discount Corporation dba Atlantic Financial Services,9
Pendleton & Sutton LLC,9
Consumer Solutions Group,9
"Wheels of Chicago, Inc.",9
"Law Offices of Crystal Moroney, P.C.",9
"American Consumer Credit Counseling, Inc.",9
"Anderson and Associates Credit Services, LLC",9
"Creditmax Collection Agency, Inc. d/b/a Creditmax, Inc.",9
"Inter-Cambio Express, Inc.",9
"Advantage Plus Credit Reporting, Inc.",9
Direct Account Management,9
Credit Wellness LLC,9
"Cardinal Accounts, Inc.",9
ACCOUNT SERVICES INC.,9
"Money Services, Inc., d/b/a Texoma Finance",8
Burke Costanza & Carberry LLP,8
FIRST AMERICAN MORTGAGE TRUST,8
Ray Skillman Northeast Buick GMC Truck Inc,8
Suburban Mortgage Company of New Mexico,8
"Vision Financial Services, Inc.",8
"Szuba & Associates, PLLC",8
"Barrett Motors, Inc.",8
TOPA EQUITIES,8
American Lending Finance,8
"Universal Finance, Inc.",8
Collaborative Resolution Group,8
APLUS INSTACASH LLC dba A+ FINANCE,8
"Law Offices of Ross Gelfand, LLC",8
"M/I Homes, Inc.",8
InstaMortgage Inc.,8
"Capital Benefit, Inc.",8
Broadway Account Services,8
"Aurora Enterprises, Inc.",8
American Mortgage Investment Partners Fund I Trust,8
UNITED PACIFIC BANK,8
"Girvin & Ferlazzo, P.C.",8
"University Lending Group, LLC",8
BRIDGELOCK CAPITAL,8
Grey Inc,8
"H & S Financial, Inc.",8
"PRG Ventures, Inc",8
Finance Authority of Maine,8
"Med-Health Financial Services, Inc.",8
Ocean Lending Home Loans,8
"MCCABE, TROTTER & BEVERLY, PC",8
Bear Claw Lending dba Lucent Cash,8
"CENTENNIAL LENDING, LLC",8
"ITALBANK INTERNATIONAL, INC.",8
Choice Mtg INC.,8
"True Link Financial, Inc.",8
Landmark Collection Services Inc.,8
Guidance Alum LLC,8
"Fredericksburg Credit Bureau, Inc (Closed)",8
Auto One Acceptance LLC,8
National Debt Group of NY,8
"Lendmart, LLC",8
DIXIE FINANCE COMPANY,8
West Virginia Housing Development Fund,8
"Expanse Financial Technologies, Inc. f/k/a Prepaid Ventures, LTD",8
PREMIUM MORTGAGE CORP,8
"Smith Law Firm, P.C.",8
"Newman & Marquez, P.A.",8
"Cliff's Finance Co., Inc.",8
Summit Consumer Group,8
Ray Skillman GMC Truck Inc,8
Harris Beach PLLC,8
"Plato, LLC",8
Patrick Scanlon P.A.,8
"Regional Collection Services, Inc.",8
"Apoyo Financiero, Inc.",8
Richard H. Kream,8
J Northland Group,8
"Emerald Coast Collections, LLC",8
RLB Texas Auto Center LLC,8
Biltmore Asset Management LLC,8
"The Law Offices of Barry J. Gammons, PLLC",8
"Core Recoveries, LLC",8
"Red Mortgage, Inc.",8
"Recheck, Inc",8
Allen Tate Mortgage Services,8
"General Recovery Services of WV, Inc.",8
"Central Professional Services, Inc.",8
"CBS Collections, Inc",8
"Capital Eleven Auto, LLC dba Capital Auto Loan",8
"Southern Loans, Inc.",8
"Advanced Collections, Inc.",8
"Insight One Solutions, LLC",8
"Touchstone Partners, Inc.",8
"Northeastern Credit Services, Inc.",8
"American Heritage Lending, LLC",8
"Adela, Inc",8
J. Mark Heldenbrand PC,8
"Money Stash, L.L.C.",8
"NATIONAL FUNDING, INC.",8
"SUN FINANCE COMPANY, LLC",8
"National Judgment Recovery Center, L.P.",8
"Ragan & Ragan, P.C.",8
Cypress Collections,8
UNITED STUDENT LOAN SOLUTIONS,8
"CMM Finance, Inc.",8
"MLB Residential Lending, LLC",8
DebtEaze,8
Access Loan Services Inc.,8
Origen Financial Services LLC,8
Buffalo Auto Acceptance Corp.,8
"Blue Sky Capital Realty, Inc.",8
"EMI Equity Mortgage, Inc.",8
"DCS Financial, Inc.",8
Bell Global Services LLC,8
PERL MORTGAGE,8
The Law Offices of Daniel C. Consuegra,8
"Credit Information Bureau, Inc.",8
"Central Kentucky Management Services, Inc",8
RedBrick Financial Group Inc.,8
SIRVA WORLDWIDE INC.,8
General Mortgage Capital Corporation,8
TOWN & COUNTRY ACCEPTANCE CORPORATION,8
CITIZENS FIRST WHOLESALES MORTGAGE,8
Texan Financial Services Inc,8
McMichael Taylor Gray LLC,8
Gallatin Valley Financial,8
DEEP SOUTH FINANCIAL SERVICES INC.,8
"Statewide Tax Recovery, LLC",8
United Mortgage Lending LLC,8
"Premier Mortgage Resources, LLC",8
ALLIANCE FINANCIAL RESOURCES,8
"First Equity Mortgage Bankers, Inc.",8
"Nelson, Watson & Associates, LLC",8
"COLLECTRON, INC.",8
TMAGNUSONE Inc,8
Legacy Funding Corporation,8
Liberty Home Mortgage Corporation,8
"Curfin Holding Company, Inc",8
Bella Sloan Enterprises,8
"Pluese, Becker & Saltzman, LLC",8
"ERNST, ARTMANN AND ASSOCIATES, INC.",8
"LOGICOLL, LLC",8
"Rainier Collection Services, Inc.",8
"Westview Financial Services VA, LLC",8
"CHECK CASHIERS, INC.",8
DocuPrep Xpress,8
Mortgage Connect LP,8
Federal Trade Commission,8
BFS Capital Inc.,8
"Operating Partners Co., LLC",8
"Equity Settlement Services, Inc.",8
"Constantino Law Office, P.C.",8
Hyperion Recovery LLC,8
"RevCrest, Inc.",8
"Outsource Services, Inc. d/b/a National Acceptance Company",8
CUILA LLC,8
Millennium Credit Consultants Inc.,8
"Coast2Coast Mortgage, LLC",8
Ray Skillman Chevrolet Inc,8
Lafayette General Medical Center,8
"D.B.M.E., INC",8
Law Office of Steven A. Booska,8
"BH Financial Group, LLC",8
Southeast Investment Corp,8
Douglass & Associates Co. LPA,8
IOWA BANKERS MORTGAGE CORPORATION,8
Liberal Finance Service,8
Hampton & Hampton Collections LLC,8
"Money Transfer Acquisition, Inc.",8
EnTrust Funding,8
Steel Lending Group LLC,8
SMS Check Recovery LLC,7
"MDE Home Loans, LLC",7
Ameritan Group Services,7
"Clear Mortgage Capital, Inc.",7
"Ascend Consumer Finance, Inc.",7
Barton Creek Auto Credit  LLC,7
"Crabtree Law, PA",7
Olde City Financial Inc.,7
VeriScreen Inc.,7
Coast to Coast Commercial Collection,7
"Jersey Mortgage Company of New Jersey, Inc.",7
"Diaz Anselmo Lindberg, P.A.",7
"Hogan Capital II, LLC",7
Woodlands Financial Services Inc,7
Milestone Parrish LLC,7
"Accounts Receivables, Inc. (FL)",7
"Avrutis & Foeller, P.A.",7
"RCO Hawaii, LLLC",7
"Northern Arizona Credit, Inc.",7
Law Offices of Goldberg & Oriel,7
Berco Finance Corp,7
Integrated Mediation Solutions LLC,7
"CU Alliance, LLC",7
Ridgeway Advisory Group LLC,7
"Sky Group USA, LLC",7
"NEU Money, Inc.",7
"Stein, Wiener & Roth, LLP",7
Washington Collectors Tri Cities Inc,7
"ALE Solutions, Inc.",7
Colony Ridge Inc.,7
"Rapid Investments Holdings, Inc",7
"Great Western Financial Services, Inc.",7
"LLOYD'S PLAN, INC.",7
"Town Square Mortgage & Investments, LLC",7
"Asset Management Holdings, LLC",7
SENTE MORTGAGE,7
Northstar Education Finance Incorporated,7
"Lend You Cash, Inc",7
"Young America Holdings, LLC",7
"Clarfield, Okon, Salomone and Pincus, P.L.",7
"BRAUFMANN, LEIGHMANN & ASSOCIATES",7
"Student Debt USA, LLC",7
"GUARDIAN MORTGAGE COMPANY, INC.",7
Upstate Remedial Management Inc,7
PROFESSIONAL BUSINESS BUREAU INC,7
J. Scott Watson,7
Baxter Bailey & Associates,7
"Neighborhood Housing Services of Richmond, Inc",7
"Firsel Law Group, Ltd.",7
AE Tradings Inc,7
SBG Financial,7
FIRST ALLIANCE HOME MORTGAGE,7
"Durrett Motor Company, Inc.",7
"City First Mortgage Services, LLC.",7
THIRD FINANCIAL SERVICES CORP,7
ZestFinance,7
"Robert L. Tankel, P.A.",7
"Atlanta Check Cashers, Inc",7
"My Mortgage, Inc.",7
ASSOCIATED MORTGAGE BANKERS IN,7
"Pine Court Holdings, LLC",7
TDN Acquisition Corporation,7
"Prepaid Ventures, LTD",7
OAKTREE FUNDING CORPORATION,7
Auto Credit of Southern Ilinois,7
TCN Inc,7
Envios de Valores La Nacional Corp.,7
"Deal Depot, Inc.",7
SC Opportunity Fund LLC,7
"Advanced Recovery Systems, Inc. (PA)",7
Seben Hospitality Investments LLC,7
The Star Financial,7
Lendtable Inc.,7
"Larsen MacColl Partners II, L.P.",7
River City Mortgage LLC,7
American Lending LLC,7
Advanced Recovery Group LLC,7
Ace Motor Acceptance Corporation,7
"Icon Equities, LLC",7
"Rental Kharma, Inc",7
Breit Investment,7
CRESCENT MORTGAGE COMPANY,7
"Evergreen Acquistions, LLC",7
National Asset processing LLC,7
"TESORO FINANCIAL, LLC",7
"St John Rossin & Burr, PLLC",7
"American Credit Systems, Inc",7
PNB INTERNATIONAL INVESTMENTS CORPORATION,7
"United Docu Prep, Inc.",7
"MORTGAGE AMERICA, INC",7
Financial Warranty LLC,7
Allied Data Corporation,7
"International Collection Systems, Inc.",7
"Dwight Financial, Inc.",7
"National Asset Advisors, LLC",7
"Resurgence Capital, LLC",7
ACCESS LOAN COMPANY,7
East Coast Funding Group,7
"Stokes & Wolf, P.C.",7
"Money Investigations, Inc.",7
Integrity First Financial Group,7
"BAYSHORE MORTGAGE FUNDING, LLC",7
"AutoBank Financial, LLC",7
Ray Skillman Westside Imports Inc,7
Receivable Management Inc.,7
Smart Money Alliance,7
First Midwest Financial,7
"Houser & Allison, APC",7
"Lyon Collection Services, Inc",7
Shea Mortgage Inc.,7
LAW OFFICE OF HALL AND ASSOCIATES,7
"Healthcare Collection Specialists, Inc.",7
Red Bishop LLC,7
"Colorado Capital Investments, Inc.",7
HANCOCK MORTGAGE PARTNERS LLC,7
LYON SERVICES CORPORATION,7
"BitGo Holdings, Inc.",7
"Array US, Inc",7
"LICTY, INC.",7
LAKEVIEW LENDING LLC,7
Courtney & Camp,7
"Pioneer Law Firm, P.C.",7
CENTURY MORTGAGE COMPANY,7
"USA Cash Services Management, Inc.",7
"Consolidated Auto Sales, Inc.",7
"Dimand Law Offices, P.C.",7
Innovative Strategic Solutions,7
Key Mortgage Services,7
"HARRIS, KLEIN ASSOCIATIES, INC.",7
"FALONI & ASSOCIATES, LLC",7
NCMI Corporation,7
ASSOCIATED MORTGAGE CORP,7
"Phoenix Management Solutions, L.L.C.",7
"ONY GLO, INC.",7
"LoanSnap, Inc.",7
Alliant Cooperative Data Solutions,7
"Consumer Education Services, Inc.",7
"Doxo, Inc.",7
"Middlesex Health Resources, Inc",7
Advanced Financial Company,7
"ACADEMIC SOLUTIONS OF NEW YORK, LLC",7
Coast Acceptance Corporation,7
"First American Solutions, LLC",7
Credit Services of Michigan,7
Nationwide Doc Prep Inc,7
Integrity Financial Corp. DBA US Loan Servicing,7
"Creditors Specialty Northwest, Inc.",7
"United Compliance Services, LLC",7
BID SOLUTIONS LLC,7
"Elite Financial Services, Inc (MA)",7
"Northern Service Bureau, Escanaba Inc.",7
"AKT AMERICAN CAPITAL, INC. DBA AMERICAN CAPITAL CORP.",7
Sunlan Corporation,7
Golden Entropy Marketing Inc,7
Credit Repair Anywhere,7
"PC LEGAL SERVICES, LLC",7
"Creditors' Service Bureau of Niles, Inc",7
Olympus Lending LLC,7
"Mathes Management Enterprises, Inc.",7
"Puerto Rico Consumer Debt Management Co., Inc.",7
Receivable Recovery Partners LLC,7
"Patriot Finance, LLC",7
"JMC Leasing Specialties, LLC",7
"Revenue Systems, Inc.",7
"Central Credit Audit, Inc.",7
"FIRST PRIORITY MORTGAGE, INC.",7
Oak Tree Financial Inc.,7
Mages & Price LLC,7
Clear Start Today,7
Title365 Holding Co.,7
"Kenneth E. Davidson, Attorney",7
DIRECT LENDERS LLC,7
"Pinata Rent, Inc",7
"National Financial Group, Inc",7
"3G+1, Inc. dba California Auto Finance",7
JLU Asset Management Group LTD,7
TRACO INVESTMENT CORP,7
"Partnerships & Investments, LLC",7
North Shore LIJ Health System,7
"Metallicus, Inc.",7
"FC LENDING, LTD.",7
ASAP Credit Repair,7
"Rogers, Carter & Payne, LLC",7
AUTO CREDIT USA,7
First Commonwealth Mortgage Corp.,7
"Alpine Financial Solutions, Inc.",7
Forthright Funding Corporation,7
"JHL, LLC",7
DAS Inc,7
"Law Offices of Krista L. White & Associates, P.S.",7
"Mammoth Tech, Inc.",7
"NexGen Proceed, LLC",7
"Schiller & Knapp, LLP",7
Crown Mortgage Co.,7
DELMAR FINANCIAL COMPANY,7
"Cashbak, LLC",7
EdAid Limited,7
"RD Fuller Company, LLC",7
"Thaddeus Bechtle Attorney at Law, LPC",7
"GSI  Recovery, LLC",7
"Legacy Customer Management Group, LLC",7
BRAZOS LOAN SERVICING,7
CF Funding,6
"Atlantic Mortgage and Funding, Inc.",6
Revenue Cycle Management,6
"TSG Collections, LLC",6
Central Atlantic Sales Inc. T/A Priority Buy Here Pay Here,6
Lighthouse Finance Solutions LLC,6
Nae-Mo Corp dba Matthews & Michaels,6
Hans Capital Group dba H&L Automotive Financial Services,6
"Johnson, Blumberg & Associates, LLC",6
Madison McDuffie Mortgage Corporation,6
YES AUTO CREDIT,6
"Green Mountain Capital, LLC",6
"The Castle Law Group, LLC (Closed)",6
"Bayside Recovery Services, Inc.",6
Contemporary Recovery Solutions Inc.,6
Pacific Residential Mortgage,6
"Asset Acquisition Group, LLC",6
GERSHMAN INVESTMENT CORPORATION,6
"Accounts Receivable Management, Inc",6
"Red White and Blue Autos, Inc.",6
"George Gusses Co., L.P.A.",6
Law Office of Stephen P. Lamb,6
"Poser Investments, Inc.",6
Jet Direct Funding Corp,6
"Thomas Kerns McKnight, LLP",6
"Tomo Networks, Inc.",6
Sir Finance Corp,6
Arias Bosinger,6
PHOENIX EQUITY PARTNERS LLC,6
"OTR Fund I, LLC",6
"Solace Financial, LLC",6
Fast Track Servicing,6
PRIMERA FINANCIAL CORP.,6
R&M Marketing Associates LLC,6
National Home Buyer’s Alliance,6
"M & S FUNDING, INC.",6
Koster's Cash Loans,6
HKM and Associates,6
"The Finance Co, LLC",6
Boone & Associates Group LLC,6
"Shechtman Halperin Savage, LLP",6
Hightechlendinginc,6
"Cash Security, Inc.",6
"Glenn Associates, Inc.",6
GREENTREE MORTGAGE CO. L.P.,6
"RCN Capital, LLC",6
Richard A. Weidel Corporation,6
Peoples Credit Inc.,6
Rapid Mortgage Company,6
Iron Capital Group,6
American Debt Consolidation,6
"Continental Currency Services, Inc.",6
Regional Trustee Services Corporation,6
K A P S & CO (USA) LLC,6
Wilshire Escrow Company,6
"The Orange Coast Company, LLC",6
"MM Finance, LLC, Bellevue, NE Branch",6
"SF-ALP, LLC",6
Woodward Capital LLC,6
"Nelson, Cooper & Ortiz, LLC",6
"Nadler & Associates, P.C.",6
RRD Financial LLC,6
Account Information Management Corporation,6
"SMS Financial, LLC",6
National Loan Investors LP,6
CCBA Inc.,6
Student Debt Center LLC,6
Next Door Lending LLC,6
EPA USA INC,6
Sunshine State Credit,6
North Capital Recovery Services,6
CREDIT MANAGEMENT CORPORATION,6
"Quantum3 Group, LLC",6
"General Collections & Recoveries, Inc.",6
1st Fidelity Loan Servicing,6
Wexford & James LLC,6
"WOLFE FINANCIAL, INC.",6
"SHARP COLLECTIONS, INC",6
"Greenlink Financial, LLC",6
Ross Financial Recovery Group,6
Automotive Partners Funding,6
Eastern Management Group LLC,6
"Mesa Auto Finance, LLC",6
"Forward Funding Group, Inc.",6
"LAWGIX LAWYERS, LLC",6
"Breit & Boomsma, P.C.",6
Woods Oviatt Gilman LLP,6
"Western Credit & Collection Service, Inc.",6
"Universal Capital Services, Inc.",6
"Auto Credit Corporation of Jonesboro, iNC.",6
"Delev & Associates, LLC",6
BLUFI LENDING CORPORATION,6
GETM INCORPORATED,6
"Atlas Capital, Inc.",6
"Figliola & Romano, LLC",6
"The Accounts Retrievable System, Inc.",6
"Inter & Co Payments, Inc.",6
Meridian Buyer’s Group,6
"Orchard Mortgage, LLC",6
"Apex Funding Group, Inc.",6
"Professional Services of NY, Ltd.",6
Thomas & Williams LLC,6
"MAS Associates, LLC",6
"MAGGUILLI LAW FIRM, PLLC",6
Trusted Mortgage Capital Inc,6
"The Barton Law Group, LLC",6
Phoenix Asset Group LLC,6
"Northern Arizona Creditors Service, Inc.",6
"GEORGETOWN MORTGAGE, INC.",6
"DRIVEiT Holdings, Inc.",6
Hypotec Inc.,6
Cornerstone Mediation LLC,6
Rothstein Acquisitions LLC,6
Logan View LLC,6
AMERICAN FEDERAL MORTGAGE CORPORATION,6
"Friedman, Framme & Thrush, P.A.",6
"LUMINATE HOME LOANS, INC.",6
Lakeside Receivables LLC,6
Integras Capital Recovery LLC,6
Saddleback Acceptance Corporation,6
"Douglas L. Brooks, PC",6
Becker and Poliakoff,6
"Merrick, Costello & Walsh, LLC.",6
"TOWNE MORTGAGE, LLC",6
Jupiter PreOwned Sales LLC,6
N&S Partners,6
"Allied Capital Management, Inc.",6
"Professional Recovery of Longmont, Inc.",6
"Linear Title & Closing, Ltd",6
"American Credit Exchange, Inc",6
"Saints Recovery Group, Inc.",6
"Bushwood Capital Group, Inc.",6
AMERICAN FINANCIAL MORTGAGE COMPANY,6
"Horizon Debt Group, LLC",6
"Richard B. Maner, P. C.",6
"Global Control, Inc.",6
"Seed Consulting, LLC",6
Cliff Lending Inc. d/b/a Advance Loan Solutions,6
"Alessi & Koenig, LLC",6
Integrity Group Inc,6
"JP Jensen Collections, LLC",6
Consumer Adjustment Corp USA,6
Federal Student Loan Doc Prep LLC,6
"Capital Collections, LLC",6
"Roberts Law, LLC",6
Advanced Professional Group,6
Complete Professional Recovery LLC,6
Financial Solution Providers LLC,6
Portage Financial Services Company Inc.,6
"LL Capital Partners II, L.P.",6
Ray Skillman Ford Inc,6
"Lansing Professional Business Bureau,Inc",6
"MFG Financial, Inc.",6
Courtesy Loans of Oklahoma LLC.,6
"Consumer Credit Services, LLC",6
"SpeedyCash, Inc.",6
VIN Title LLC d/b/a Discount Title Loan,6
Express Enrollment LLC,6
Underwood James and Associates LLC,6
"Amerifinance, Inc.",6
Currencies Direct Inc.,6
Catalyst Mortgage Inc.,6
Student Aid Experts,6
"First National Auto Sales, Inc",6
"Educational Loan Servicing, LLC",6
"Alco Capital Group, LLC",6
Cass & Associates,6
Auto Finance Center,6
Bonded Collections of Rice Lake Inc,6
"Mineola Texas Star, LLC.",6
"RCS Capital Partners, Inc.",6
Orange Tree Holdings LLC,6
"Carbucks of Delaware, Inc",6
"Los Angeles Collection Service, Inc.",6
Premier Account Management,6
AMERICAN SECURITY MORTGAGE CORPORATION,6
"Consumer Credit Counseling Service of the Midwest, Inc.",6
"The Check Cashing Place, Inc.",6
MIRACLE FINANCE LTD,6
Integra Auto Capital,6
"GL Financial, Inc.",6
"Hospital Services, Inc.",6
Five Clans Lending LLC,6
MEMBER MORTGAGE SERVICES,6
Magnum Association Services,6
"HARTFORD FUNDING, LTD",6
ROCKY POINT CAPITAL LLC,6
"Dirick, Inc.",6
"CLAYTON AUTOS, INC",6
"NOTE SERVICING CENTER, INC.",6
"Taurus Law Group, P.C.",6
Money Tree Lending,6
"ADVANCED DEBT COLLECTION, INC.",6
EZ FUNDINGS Inc.,6
Secure One Financial Inc.,6
"Evans Law Associates, P.C.",6
CBC Mortgage Agency,6
American Acceptance Corp. of South Carolina,6
"Elly, LLC",6
"CreditGUARD of America, Inc.",6
"American Enterprises International, Inc.",6
"Vonda J. Dunn, P.C.",6
"Moyer Brown Holdings Enterprise, LLC",6
"1 Auto Finance, Inc.",6
"Mayan, LLC",6
Title Security Agency LLC,6
"Credit Regulating Services, Inc.",6
"North American Collectors, Inc.",6
"Gusdorf Law Firm, LLC",6
"Account Outsourcing Group, LLC",6
"Durango Credit and Collection Company, Inc.",6
Collection Solutions Inc.,6
Lightning Mortgage Holding Company Inc,6
Apex Processing,6
"PALOMAR ENTERPRISES, LLC",6
"Dolliemac, LLC dba Elite Document Management Solutions",6
Blue Brick Financial LLC,6
Tiffany & Tiffany PLLC,6
"Multi-Financial Services, Inc.",6
Prim and Mendheim,6
"Sonnek & Goldblatt, Ltd.",6
Credit Bureau of Northern California Collections Services Inc,5
"Signature Performance Tiburon, LLC",5
"Endeavor Capital, LLC",5
REGAL CREDIT CORPORATION,5
South West Recovery Inc (CA),5
Check N Title Loans,5
North Dakota Housing Finance Agency,5
"DynaGen Lending, LLC",5
Law Offices of Gary H. Kreppel P.C.,5
Kauntey Mediation Services LLC,5
"Phelan Hallinan Diamond & Jones, LLP",5
Revenued LLC,5
"Tri-Emerald Financial Group, Inc.",5
"GMS Holdings, Inc.",5
Discovery Auto Sales LLC,5
Beacon Funding Corporation,5
"Auto Masters, LLC",5
"Sum Investments, Inc.",5
Debt Management Holdings LLC,5
SUPERIOR DEBT RECOVERY LLC,5
"LENDING COMPANY, INC., THE",5
"Go Companies, LLC",5
"Pohler and Associates, LLC",5
Cambrian Group,5
The Home Loan Expert LLC,5
"Premier Mortgage, LLC",5
"Advantage Financial Services, LLC",5
"New Direction, Inc",5
"Cars Financial, Inc",5
Sol Acceptance,5
Quality Lenders Inc,5
"National Credit Care, LLC",5
"Lang, Richert & Patch",5
Harbor Front Acquisitions LLC (Closed),5
"OS National, LLC",5
Prime Credit Corporation,5
"Columbus Capital Lending, LLC, Miami, FL Branch",5
DallasAutos4Less,5
Prospect Recovery Solutions LLC,5
Premier Lending Corp,5
"Nationwide Loan Consultants and Advisors, LLC",5
"Utah Loan Servicing, LLC",5
"Fairfax Consolidated, LLC",5
"Sky Blue Financial Services, Inc.",5
PRESTAMOS RAPIDITOS,5
"ShoulderTap Technologies, Inc. d/b/a Fizz",5
National Credit Processing Inc.,5
"Wagner Financial Services, Inc.",5
Lou Harris Company,5
"KeyStone Financial ,LLC",5
Allies for Community Business,5
Capitol Loans,5
Swan Financial Corporation,5
"Primary Capital Mortgage, LLC",5
Accounts Recovery Agency Inc.,5
"Allied Fidelity Services, LLC",5
Eagle Collection Corp.,5
Meridian Financial Solutions Inc,5
"HUNTER FINANCIAL GROUP, LLC",5
Cohn & Dussi LLC,5
"Consumer Attorneys of America, P.A.",5
"REISENFELD & ASSOCIATES LPA, LLC",5
"Empire Home Loans, Inc.",5
"Charter Financial Services, Inc.",5
"Temple View Capital Funding, LP",5
"Keaveney Legal Group, LLC",5
The B & F Corporation d/b/a OK Loan Service,5
Alvamar Financial,5
Cimmaron Escrow Inc.,5
"VERITEX HOLDINGS, INC.",5
"South West Recovery, Inc.",5
Lexington Capital Holdings LTD,5
Sullivan & Terranova,5
"Cornerstone Legal Group, LLC",5
"Locate Source America, LLC",5
Credit Supreme LLC,5
MEDALLION MORTGAGE COMPANY,5
"Midwest Recovery Fund, LLC",5
Business Credit Management Associates,5
"Casesa Bowden Barlow, P.A.",5
"Jon D. Curtis, Attorney at Law",5
Wyoming Credit Association,5
Finance Store Inc.,5
"Coulter Dove & Harris, PC",5
TEAM USA MORTGAGE L.L.C.,5
Priority Financial Network,5
Consumer Counseling Centers LLC,5
READY MORTGAGE LENDERS LLC,5
Diamond Funding Corporation,5
Professional Receivable Solutions,5
"SINGLETARY & THRASH-JACKSON, P.A.",5
"Capstone Capital USA, LLC",5
Dynamic Dedicated Financial Partnerships,5
"CMM of Louisiana, LLC",5
Wisconsin Housing and Economic Development Authority,5
Williams Kastner & Gibbs PLLC,5
CUSO Home Lending,5
Nations Mortgage LLC,5
"RUPP AND ASSOCIATES, INC.",5
"Parrish and Lebar, LLP",5
"Wetherington Hamilton, P.A.",5
"Healthcare Receivable Professionals, LLC",5
GARDEN STATE HOME LOANS INCORPORATED,5
COAST 2 COAST FUNDING GROUP,5
"Tavelli Co., Inc. dba Tavco Credit Services",5
"GOOGAIN, INC.",5
"Accelerated Recovery Services, Inc",5
"Whipple Law, P.A.",5
Paragon Credit Services,5
"Search ROI, LLC",5
UNIVERSAL ACCOUNTS LLC,5
Northland Healthcare Alliance,5
Strategic Dealer Services,5
Ok Finance Group INC,5
The Dunning Law Firm APC,5
"Galt Financial Solutions, LLC",5
"Jason Michael Katz, P.C.",5
"First Financial of Columbia, Inc",5
Local Finance LLC,5
"Crystal Motorsports, LLC",5
Rose Agency Inc.,5
Market Place Mortgage Corp.,5
"Global Check Recovery, INC",5
"Smith Carroad Wan & Parikh, P.C.",5
Pinnacle Finance LLC,5
Core Capital Lending LLC,5
"Premier Auto Sales, Inc.",5
"EZ Loans, Inc.",5
"Landlord Rent Collections, LLC (Closed)",5
Northern Resolution Services,5
The Collection Agency LLC,5
"NDS, LLC.",5
SUMMIT MORTGAGE CORPORATION,5
Get Financed LLC,5
"Lendgo, Inc.",5
"ATLANTIC COAST MORTGAGE, LLC",5
"First Choice Lending Services, LLC",5
NERD SOLUTIONS INC,5
"Alisa Katz Campbell, P.C.",5
"FM Home Loans, LLC",5
"Hall & Ludlam, PLLC",5
Riehlman Shafer and Shaw LLC,5
"CREDIT BUREAU OF BISMARCK, INC.",5
"Underwood Law Firm, LLC",5
"Rapid Collection Systems, Inc.",5
"AutoStar Finance, Inc - D/B/A Atlanta AutoStar",5
WCDA WYOMING COMMUNITY DEVELOPMENT AUTHORITY,5
"Schrier & Tolin, LLC",5
"Fair Resolutions, Inc.",5
"LENCO FINANCE OF CARENCRO, INC",5
BULBUL INVESTMENTS LLC,5
City First Mortgage Corp,5
Veterans Relief Services LLC,5
"CALM, Inc.",5
Coconut Funding Corporation,5
"Rogers, Morris & Ziegler, LLP",5
24 Asset Management Corp,5
"FISHER FINANCIAL GROUP, INCORPORATED",5
Ascend One Corporation,5
Baker Recovery Services,5
ARTICLE ACCEPTANCE COMPANY,5
Instant Cash Advance Corp.,5
Brother Loan & Finance Co.,5
Richard Stone & Associates,5
"UPSTATE PREMIER MORTGAGE, INC",5
"Codilis & Stawarski, P.C.",5
Law Offices of Alan J. Waintraub PLLC,5
"American Liberty Mortgage, Inc.",5
Nala Payments LLC,5
LHM Financial,5
"391 Financial, Inc.",5
"Oregon Credit & Collections Bureau, Inc.",5
"Valer Enterprises, Inc",5
"American Lending Solutions, LLC",5
"MCS CLAIMS SERVICES, INC",5
Aaron Worldwide Collections Inc.,5
"Square One Financial, LLC",5
AMRON PROFESSIONAL SERVICES,5
Kingston Mediation Services,5
GMH Associates Inc.,5
International Financial Management,5
Panamerican Consulting,5
Evident Capital LLC,5
"Halliday, Watkins & Mann, P.C.",5
"CREDIT ASSOCIATES, INC. (OR)",5
Credit Reporting Services LLC,5
WALDEN ASSET MANAGEMENT LLC (Closed),5
Consumer Information Bureau,5
Red River Collections Inc.,5
"ADVANTAGE RECOVERY SERVICES, INC.",5
"Midpoint Law Group, P.C",5
AMERICAN EAGLE MORTGAGE COMPANY,5
Elite Debt Brokers,5
The Law Office of Nicole Hillman,5
PREFERRED MORTGAGE CORPORATION,5
"Van Horn Automotive Group, Inc.",5
Debt Recovery Specialists,5
"Premier Consumer Credit Counseling, Inc.",5
SSRM,5
Asset Complaint Solutions,5
Greyhound Capital Group LLC,5
"River City Finance Co., Inc.",5
"ABSOLUTE FINANCIAL SERVICES, INC",5
DEPENDABLE CREDIT CORP,5
Amigos Préstamos,5
The Law Offices of Erskine and Fleisher,5
Preston Clark & Quinn,5
"Thunderbird Finance Management, LC",5
"Norman & Associates, Inc.",5
"Preferred Capital Funding of Illinois, LLC",5
Unifirst Mortgage Corporation,5
Amity Associates LLC,5
Web Source Market LLC/DBA Collection Shield 360,5
"MORTGAGE UNLIMITED, LLC",5
Lending Tower LLC,5
HomePlus Corporation,5
"Cochren Bailey & Associates, LLC",5
Jemcap LLC,5
Russell P Goldman PC,5
"PayNearMe MT, Inc.",5
"EMORY ENTERPRISES, LLC",5
Coastal Settlement Recovery Inc.,5
Secure Lending Incorporated,5
Genessee Financial,5
Chaos Home Loans LLC,5
"DebtHelp, Inc",5
SOLERA LLC,5
Point Up Inc,5
Scott Kroner PLC,5
Polk Auto Finance Inc,5
Vouch Financial Inc.,5
"RN Financial, LLC",5
"Pomelo International, Inc",5
"PRIORITY HOME MORTGAGE, L.P.",5
Law Offices of Michael Lupolover,5
"Nexcheck, LLC",5
Home Point Mortgage Acceptance Corporation,5
Residential Home Mortgage Corporation,5
"Continental Credit, LLC",5
"Barrett Asset Recovery Services, LLC.",5
Investigation & Recovery Assoc. LLC,5
ATM OPS INC,5
Students First Limited Liability Co.,5
"WD Global Group, LLC",5
"Keystone Lending Alliance, LLC",4
"First Title & Escrow, Inc",4
Bubba Hill Auto Plaza Inc,4
Neighborhood Housing Services of NYC,4
Pilgrim Mortgage LLC,4
CONTINENTAL MORTGAGE BANKERS,4
"Pangea Universal Holdings, Inc.",4
Imperial Finance Corp,4
Volunteer Mortgage Inc,4
"Reali, Inc.",4
Debt Freedom Attorneys,4
Albuquerque Auto Outlet,4
"i3 Lending, Inc",4
"Office of Brockman & Rollins, LLC",4
HomeXpress Mortgage Corp.,4
"Cashco Financial Services, Inc",4
TCAR Inc,4
"Evans & Mullinix, PA",4
"USA Credit Solutions, Inc",4
"FAN Distributing, LLC",4
"GTL Investments, Inc.",4
"Smoky Management, LLC",4
"WAMM Sales, LLC d/b/a Auto Simple",4
The Claims Center LLC,4
Southwest Law Offices PC,4
FNZ WMS HOLDCO LLC,4
SI Mortgage Comapny Co.,4
"Friedman Law Associates, PC",4
"Hunt Leibert Jacobson, P.C.",4
"Genesis Recovery Services, Inc.",4
FIRST PRIORITY FINANCIAL INC,4
"Mountain West Legal Solutions, PLLC",4
Broder Credit & Collection Service,4
"Tier Capital, LLC",4
"Crimcheck Holdings, LLC",4
"Innovative Mortgage Services, Inc.",4
"Automotive Funding Group, Inc",4
"Finular Group, Inc.",4
Liberty Loan Co inc.,4
"Mexico Transfers, Inc.",4
"PRIORITY FUNDING, LLC",4
MORTGAGE COUNSELING CENTER,4
Automotive Financial Services,4
"A & A North American Financial, LLC",4
Wholesale Tradelines,4
"Small & Small, Attorneys PLLC",4
HOMETRUST MORTGAGE COMPANY,4
"JBS Finance, Inc.",4
Performance SLC,4
Lexington Mortgage Corporation,4
Bell Financial Services,4
"Kostka and Associates, LLC",4
Ashner Group Inc,4
Karwaala Inc,4
"Ballato Law Firm, P.C.",4
"Helping Hand Financial, Inc",4
FORTIFI FUNDING III LLC,4
"Ambassador Mortgage, LLC",4
"Zimmerman & Zimmerman, P.A.",4
Sterling  Hill Financial,4
"Cohen, Roberts & Associates, LLC",4
Alliance Acceptance Corp.,4
PARKS TITLE COMPANY,4
Mickel Law Firm. P.A.,4
Catch Financial Inc,4
"Midwestern Audit Services, Inc",4
"Ewing & Ewing Attorneys, P.C.",4
SETTLEMENT CORP,4
"Suncoast Financial Group, LLC",4
"Alliance Credit Services, Inc.",4
"AMERIPRISE BANK, FSB",4
"Paris and Paris, LLP",4
"Alaska Cascade Financial Services, Inc.",4
"Lipsky & Associates, Inc",4
"Trinity Enterprises Partners, LLC",4
"Kuber Financial, LLC",4
"Probate Advance Holdco, LLC",4
"CN Collections, Inc.",4
Residential Title & Escrow Co,4
"PacWest Credit, LTD",4
"Windy City Capital Management, LLC",4
"Bristol Point Financial, Inc.",4
LINCOLN MORTGAGE COMPANY,4
Milby Law Offices P.A.,4
Tarpon Financial Corporation,4
BANKERS MORTGAGE CORPORATION,4
Chesmar Homes,4
"American Debt Services, LLC",4
Golden Green Services LLC,4
"Phelan Hallinan & Jones, LLC",4
Medvetta Collection Services Inc.,4
"Homie Technology, Inc",4
Mechoopda Indian Tribe of Chico Rancheria,4
"Bakkt Opco Holdings, LLC",4
"Sawaya, Rose, McClure & Wilhite, P.C.",4
"Straley & Otto, P.A.",4
"Fendelman & Associates, LLC",4
"Synergy One Lending, Inc.",4
"FIRST CONSUMER, LLC",4
"Homeward, Inc.",4
Coast Collection Agency Inc,4
"Drees Company, Inc.",4
TFC Credit Corporation,4
"Prime Source Mortgage, Inc",4
"Downeast Capital, Inc.",4
"Holst & Boettcher, LLP",4
"David A. Bauer, P.C.",4
"CoreTitle, LLC",4
Legal Logix Inc.,4
FundLoans Capital,4
"Zo Financial, Inc.",4
"LMS Services, Inc.",4
"CBM Mortgage, Inc.",4
"E. Margriet Langenberg, P.C.",4
"CMCO Mortgage, LLC",4
"Credit Adjustment, Inc",4
"HOME LENDING GROUP, LLC, THE",4
Dankos Gordon & Tucker PC,4
"Innovative Debt Recovery, Inc.",4
VIP Mortgage Inc.,4
ENRAMEX INC,4
"Portfolio Investment Exchange, Inc.",4
ROBERT TIMMS AND ASSOCIATES INC.,4
"New Horizons Finance Company, Inc",4
"1st Capital Finance of South Carolina, Inc.",4
"Validify, LLC",4
"OPES ADVISORS, INC.",4
"Professional Systems of Mankato, Inc.",4
Nation One Mortgage Corporation,4
"Empire Financial Services, Inc.",4
Mills Escrow Company,4
"Mason, Schilling & Mason Co., LPA",4
ARBOR MORTGAGE,4
CAPITAL CENTER LLC,4
Tiptree Financial Inc.,4
People Trust,4
US Mortgage Resolution LLC,4
INSPERITY INC,4
Cars America Inc.,4
"Pankey & Horlock, LLC",4
"Grand Canyon Title, Agency, Inc.",4
Pangaea International Receivable Services Inc.,4
"AZ Home Loans, LLC",4
CHN Housing Partners,4
Law Firm of Karl Frankovitch,4
"COMPASS MORTGAGE, INC.",4
"Neighborhood Housing Services of Toledo, Inc.",4
"Montage Mortgage, LLC",4
TCF & ASSOCIATES,4
"BlueYield, Inc.",4
"Avalanche Title and Escrow, LLC",4
"LCJ Consultants, LLC.",4
Alacrity Collections Corporation,4
"AFM Financial Services, LLC",4
"Evesham Mortgage, LLC",4
Master Finance Corporation,4
Check Recovery Group,4
"INTERIM CAPITAL GROUP, INC.",4
"FirstLine Financial, Inc.",4
Schneiderman & Sherman P.C.,4
"West Law Group, PLLC",4
VETERIS CAPITAL LLC,4
"Lowther Johnson Attorneys at Law, LLC",4
"Cawthorn, Deskevich & Gavin, P.c.",4
"Howell & Vail, LLP",4
GET A RATE LLC,4
"Grace Period, Inc.",4
Developers Mortgage Co.,4
"Adobe Settlement Group, LLC",4
Freedom Financial Capital LLC,4
Calvin Dean Homolka II,4
"Vanz, LLC",4
"Professional Mitigation Services, Inc",4
"Brian A. Blitz, P.A.",4
RGV Loans LLC,4
"America’s Financial Choice, Inc.",4
"Columbia Credits, Inc",4
BARRONS MORTGAGE GROUP LTD,4
"ANSELL GRIMM & AARON, P.C.",4
"LoanNow, LLC  (Closed)",4
LEVEL 4 FUNDING LLC,4
"The Lemoine Group, Inc",4
"Pinnacle Lending Group, Inc.",4
"C&I Financial, Inc.",4
"HMSV Financial Services, Inc.",4
Intelligent Mortgage and Consulting Services LLC,4
"Harbor Legal Group, LLC",4
Financial Solutions of America Inc.,4
"Miller Investment Group, Inc DBA AutoNow",4
"Total Financial Services, Inc",4
Credential Acceptance Corporation,4
"Boek, Inc.",4
MILLENIUM HOME MORTGAGE LLC,4
"The Borland Law Firm, LLC (Closed)",4
"Credit Bureau of Howell County, LLC",4
"E Z CASH OF DELAWARE, INC.",4
"Lipsey, Morrison, Waller & Lipsey, P.C.",4
"3D Financial, LP",4
"Old Dominion Mortgage Co., Inc",4
Dependable Debt Recovery,4
Law Office of Monica Guilarte LLC,4
R.C. Temme Corporation,4
CITYWIDE HOME LOANS,4
Customer Service Mortgage Corporation,4
"Cronheim & Larsson, LLC",4
Tiempo Finance Company Inc,4
"Key Star Capital, LLC",4
"HFG Holdings, Inc.",4
Jackson Automotive Resources,4
"AFJ Systems, Inc.",4
Neighhood Housing Services of Chicago Inc,4
Mungo Financial Group,4
Jeremy Doppelt Realty Management LLC Defined Benefit Plan,4
"Susan J. Szwed, P.A.",4
Checkbook Inc,4
Routhmeir Sterling Inc.,4
Orbita Asset Purchasing,4
"Alternative Revenue Systems, Inc",4
"American Mortgage Services,  Inc",4
"The Rickel Law Firm, P.C.",4
ESM Enterprises,4
"West Bay Leasing Services, LLC",4
"Alperstein and Associates, LLC",4
"MLH Financial Services, Inc.",4
"1st Money Center, Inc., Hurst, TX Branch",4
Jet Lending Inc.,4
"Wasserstein, P.A.",4
"OPT-OUT SERVICES, LLC",4
HOMETOWN EQUITY MORTGAGE,4
"Carchoice of Memphis, Inc.",4
RESOURCE PRO,4
"Sapphire Marketing Group, Inc.",4
"Ronald B. Rich & Associates, PLC",4
"Market Mortgage Company, LTD",4
"Levy Diamond Bello & Associates, LLC",4
FS Card Inc.,4
Car Credit Inc,4
"Bright Side Loans, LLC",4
"United First, LLC",4
"Direct Mortgage, Corp.",4
SOUTHERN CASCADES FINANCE CORPORATION,4
"National Settlement Services, Inc",4
Credit Connection LLC,4
"ALL FAMILY FINANCE, LLC",4
First Student Services,4
Lon Inc.,4
Diamond Advances LLC,4
"Medical Debt Resolution, Inc. dba RIP Medical Debt",4
"Second Chance Collections, LLC",4
Law Offices of Jeffrey Nadel,4
Activus Corporation,4
"Korn Law Firm, P.A.",4
"Friedman & Associates, LLC",4
"Prober & Raphael, A Law Corporation",4
WESTERN MASS CREDIT CORP.,4
"Panteris & Panteris, LLP",4
TIDEWATER MORTGAGE SERVICES,4
Mortgage Network Solutions LLC,4
Amerifund Home Mortgage LLC,4
Fidelity Account Services LLC,4
"Devon Financial Services, Inc.",4
"Adsen & Associates, LLC",4
"Network Services, Inc",4
Innovative Debt Solutions,4
"Success Mortgage, LLC",4
"Merriman Investments, LLC",4
"AutoCred, Inc.",4
"Link Revenue Resources, LLC",4
"Weinstock, Friedman, & Friedman, P.A.",4
"THE J.D. STUART LAW GROUP, LLC",4
MRS Collections LLC,4
"Goldman Asset Services, INC",4
"NorAm Capital Holdings, Inc.",4
"Tpls, Inc dba Auto Master",4
"CRC Holding, LLC",4
RDK Collections Inc.,4
"Envision Payment Solutions, Inc.",4
Logan Finance Corporation,4
"C & E Financial Group, Inc.",4
"TreeMac Funding Group, LLC",4
The Collection Bureau Inc.,4
Activity Collection Service,4
Open Road Finance Corporation,4
"SHD Legal Group, P.A.",4
Debt Restoration Services,4
GARRETT FIRM,4
"Cypress Financial Recoveries, L.L.C., OCALA, FL Branch",4
"MedRecovery Solutions, LLC",4
"Marvel & Maloney, P.C.",4
"Escrow and Title Services, Inc.",4
"Elderlife Financial Services, LLC",4
Integrity First Lending LLC,4
ONEGO Inc.,4
"Automated Recovery Systems of New Mexico, Inc",4
"Leading Edge Solutions, LLC",4
"Association Financial Services, LLC",4
Peak Legal Advocates,4
Simon PLC Attorneys & Counselors,4
Banc One Mortgage Corporation,4
"Global Financial Mortgage, LLC.",4
"Taylor Arbitration,LLC",4
Premier Auto Finance of South Florida,4
"Rescue 1 Financial, LLC",4
"Groves Capital, Inc.",4
City Select Auto Sales,4
The Collection Analyst Incorporated,4
"Duke Capital, LLC",4
"Johnstown Credit Bureau, Inc.",4
New Start Financial,4
Noyes Law Firm P.C.,4
"Mezu, Inc",4
Capital Home Advocacy Center,4
"West Bay Recovery, Inc.",4
"Central Atlantic Legal Group, PLLC, t/a Booth, Strange & Daniel",4
DAVIDSON FINK LLP,4
"Kivell, Rayment and Francis, P.C.",4
Southern Credit LLC,4
"Nationwide Judgement Recovery, Inc.",4
"AAA Credit Bureau, Inc.",4
"The Law Firm of Ryan E. Calef and Associates, LLC",4
Registered Mediation Associates LLC,4
Obligo Inc.,4
Advantage Credit Bureau Inc.,4
"Rothman Evans, P.C.",4
"Capstone Funding Group, Inc.",4
ACCEPTANCE CAPITAL MORTGAGE,4
"Residential Mortgage Solutions, Inc.",4
Brian Kvarfordt,4
"Thomas F. Farrell, P.C.",4
"Capital Auto Credit, LLC",4
Hamilton National Mortgage Company,4
"Great Lakes Home Mortgage, Inc.",4
Family Credit Management,4
General Acceptance LLC,4
First Atlantic Auto Credit LLC,4
"NorthShore Financial, L.L.C.",4
LT17 Services LLC,4
Independent Finance Company LLC,4
"Payday Motors, Inc.",4
"Modern Mortgage Financial, LLC",4
"Atkins & Ogle Law Offices, LC",4
"C&H INVESTMENTS, INC.",4
Preferred Finanical Services Corporation,4
Rivertown Credit LLC,4
ARAKI-REGAN & ASSOCIATES LLC,4
"Patch Homes, Inc. dba Noah",4
Anytime Cash Solutions LLC,4
ALLOCATED BUSINESS MANAGEMENT LLC,4
Greyhill Financial,4
Sterling Home Loans Inc,4
Home Headquarters Inc,4
"CMCS, Inc. DBA Central Mercantile Collection Services",4
"Medical Debt Recovery, Inc.",4
BOC Capital Corp.,4
"Payday Loan, LLC (CA)",4
"FinanceCo of Kansas, Inc",4
"Spina & Lavelle, P.C.",4
Kiwi Financial Inc.,4
"Red River Collection Company, Inc.",4
Medical Services Inc,4
"SunnyHill Financial, Inc.",4
"Sago Financial, Inc.",4
Allied Union Group Inc,4
"Lost Lake Finance, LLC",4
"Graystone Funding Company, LLC",4
"Complete Care, Inc.",4
"Certified Credit Associates, Inc.",4
"Standard Financial of Louisiana, LLC",4
"Money Now- Hattiesburg, Inc.",4
Allied Enrollment Centers LLC,4
"D'Aquila, Contreras and Vega, A Professional Law Corporation",4
Liberty Debt Relief LLC,4
GEM Financial,4
"Great Marten Holdings, Inc.",4
"PREMIER HOME MORTGAGE, INC.",4
"The Winn Brown Law Firm, LLC",4
"Strada Education Network, Inc.",4
"Frontline Financial, LLC",4
"AMERIPRO FUNDING, INC.",4
A-1 Payday Loans and Title Loan Referral Inc.,3
MOTORS FINANCIAL ACCEPTANCE CORPORATION,3
"Central Capital Arbitration Firm, LLC",3
Cardinal Branch,3
"National Advisory Group, Inc",3
National Investigative Services,3
Niederman Stanzel & Lindsey,3
Neighborhood Title Loans I,3
"Bendett & McHugh, P.C.",3
"Hebrew Free Loan Society, Inc.",3
"America Transfers, Inc.",3
"Bierer Law Group, P.A.",3
"Martin & Seibert, L.C.",3
GVC MORTGAGE,3
MILLS LTD. dba Credit Bureau of Klamath County,3
PELICAN CREDIT CO,3
Credit Council Corp,3
UNIVERSAL MTG & FINANCE,3
"David A. Gallo & Associates, LLP",3
CFS of Aurora IL LLC,3
Churchill Debt Settlement,3
"Bakalar & Associates, P. A.",3
EVERCOMMERCE SOLUTIONS INC.,3
"Management Core Solutions, Inc.",3
Fresh Start Credit Solutions,3
"Pacific Credit Services, Inc.",3
"Real Title Agency, LLC",3
Sierra Collections and Consulting LLC,3
"Equihome, LLC",3
"Wolcott Rivers Gates, PC",3
LAGO Funding Corp.,3
Nationwide Servicing Center Inc,3
"DFI Funding, Inc.",3
Jacobs Arbitration And Associates Inc.,3
B&B Hold Corp.,3
"NorthStar Settlement Services, LLC",3
APO LLC,3
"Vinson Mortgage Services, Inc.",3
"Thompson O'Brien Kemp & Nasuti, P.C.",3
Pacific Lending LLC,3
"Olympus Law Firm, PLLC",3
Zeidman’s Jewelry & Loan of Michigan,3
"EBA,LLC",3
Scoutlogic Inc.,3
"StanleyAFE, LLC",3
M Squared Financial LLC,3
Donna Armenta Law,3
TheTenn Inc.,3
SOUTH BAY ACCEPTANCE CORPORATION,3
South Coast Doc Prep,3
Rothberg Logan & Warsco LLP,3
SVI Group Inc.,3
Credit Quick,3
DLG LLC,3
Unified Retrieval Solutions llc,3
"Clunk Hoose Co., LPA",3
Greco Financial Services Corp.,3
"Premia Mortgage, LLC",3
"P.D.A.B., Inc",3
HomeServices of Iowa,3
Capstone Private Mortgage Holdings Limited,3
People's Finance Co,3
"ML Credit Holdings, LLC",3
Twin City Motors Inc,3
SIGNATURE MORTGAGE CORPORATION,3
Red Rock Financial of Cedar City,3
William Lyon Mortgage LLC,3
"Martell & Ozim, PA",3
"Equity National Title and Closing Services, Inc.",3
"AMERICA'S LOAN COMPANY, LLC",3
Madison Atrina LLC,3
Atlantic Mortgage Direct LLC,3
"SOFTGATE SYSTEMS, INC.",3
TRG Auto Finance LLC,3
Olympic Credit Service Inc.,3
"All Reverse Mortgage, Inc.",3
Ready Finance LLC,3
FINANTA FEDERAL CREDIT UNION,3
Cosmo Credit Repair,3
Sylvania Acceptance Corporation,3
Benjamin Chaise Recovery Services LLC.,3
Security Capital Funding Corp.,3
United Home Loan Services Inc.,3
AUDUBON LIBERTY & ASSOCIATES,3
"MMMM Holdings, LLC",3
"TriStar Finance, Inc.",3
American Professional Collections,3
"Law Offices of Richard J. Manning, Jr.",3
A & J COLLECTION,3
360 Credit Consulting,3
PRA LAW FIRM,3
CarPutty Inc.,3
"Cullimore & Coleman, PLC",3
FRANK & ISRAEL LTD.,3
K & B Capital Corp,3
"Frank Innovations, Inc",3
MEMA CORP,3
Covington Capital Corporation,3
Posh RE Mortgage corporation,3
Capitol Credit Company,3
RK Chevrolet Subaru,3
"Tayne Law Group, P. C.",3
"Noam J. Cohen, PA",3
Law Office Of Steven D. Silverstein,3
BAKER GOVERN & BAKER INC,3
Elite Student Solutions,3
BELING & ASSOCIATES,3
"TSALTA FINANCIAL COMPANY, LLC",3
"Midwest Diversified Recovery Services, LLC",3
"DMEC Capital Services LLC, DBA Settle Our Debt",3
"BLACK HILLS CHILDREN'S RANCH, INC.",3
"Community Loan Fund of New Jersey, Inc",3
"Lou Spivack, P.C.",3
A1 Holding Group LLC,3
"Dickinson Financial, LLC",3
"Gillman Interests, Inc.",3
Mount Olympus Mortgage Company,3
"Huffman, Hunt & Klym, LLC",3
"Bayfield Financial, LLC",3
"Hillcrest Capital, LLC",3
"Financial Services of Mississippi, Inc.",3
"HONOLULU HOMELOANS, INC.",3
"TLP Mortgage Advisors, LLC",3
Niagara Credit Recovery,3
"Summit Account & Computer Service, Inc.",3
1ST 2ND MORTGAGE CO. OF NJ INC,3
"LUCKY MONEY, INC.",3
"Case Law Firm, S.C.",3
House Of Finance Corp.,3
ROLS INC,3
"Law Firm of Katz and Associates, PLLC",3
"SKY FINANCIAL SERVICES, INC.",3
Sandalwood Solutions,3
"Blake Enterprises, LLC",3
"VICTORY MORTGAGE, LLC",3
DMI America Inc,3
Sonali Exchange Co. Inc,3
River Financial Inc.,3
"Springfield Recovery, Inc.",3
CARDPLATFORMS LLC,3
"SANFORD & ADAMS, Attorneys at Law PLLC",3
Cross Country Financial Corporation,3
AMERICAN ARMED FORCES MUTUAL AID ASSOCIATION,3
Cress Law Group PC,3
Prodebtco LLC,3
"Resolute Credit, LLC",3
First Class Autos Inc,3
American Student Loan Advocates,3
Malacko Law Office,3
"Grandeagle Financial, LLC",3
JFK FINANCIAL INC.,3
"The Law Offices of Bradley Kim Thomas ii, LLC",3
ABC Loan of Martinez/ Georgia Finco Holding Corp,3
"HOUSTONIAN MORTGAGE GROUP, INC.",3
Financial Recovery Group,3
American Tax Holding LLC,3
CalLoan Corp,3
"Consumer Credit Counseling Foundation, Inc.",3
Nevada Mortgage,3
"Breit Law Office, P.C.",3
Novation Inheritance LLC,3
Central Kentucky Collections,3
Goodwill Finance LLC,3
Red Tree Mortgage LLC,3
"Creditors Financial Services, LLC",3
"PRO MORTGAGE ASSOCIATES, INC",3
"Collexx, Inc.",3
"SMARTPAY, LLC",3
"THE VALLE LAW FIRM, P.A.",3
Maitland Capital Funding,3
F5 Mortgage LLC,3
Real Estate Solutions,3
"Credit Bureau of Traverse City, Inc.(Closed)",3
Action Collectors Inc.,3
Premier Capital Investment Group,3
Audubon Holdings Group,3
Halstatt Search Partners,3
"Interstate Credit Solutions, LLC",3
LoanStar Home Lending,3
Maple Finance Company,3
"Perry Law Office, P.C.",3
CITY CREEK MORTGAGE CORP.,3
Keys Auto Finance Inc,3
"PASSAGE HEALTH INTERNATIONAL HOLDINGS, INC.",3
Turbo Debt LLC,3
"S.O.S. Loans, Inc.",3
"All American Title Co., Inc",3
"Pivot Rock Solutions, LLC",3
EF CORPORATE HOLDINGS LLC,3
"Reliant Home Funding, Inc",3
Mortgage Banking Associates Inc,3
SilverLake Financial LLC,3
ALMA Financial Assistance Corp.,3
LAW OFFICES OF MICHAEL K. SIPES,3
One Way Loans LLC dba PowerLend,3
"F & S Financial Marketing, Inc.",3
Cal-Tenn Financial LLC,3
"Jensen & Sullivan, LLC",3
Neil Huffman Automobiles Inc.,3
"KMT Group, LLC",3
Lynx Whole Loan Acquisition LLC,3
LRS Mediations Group,3
"KELLER,GRIMALDI AND ASSOCIATES",3
"Welcome Finance Company, Inc",3
KWIK MORTGAGE CORPORATION,3
"Allison L. Friedman, P.A.",3
The Rose Law Firm PLLC,3
Townstone Financial Inc,3
"Sarasota CCM, Inc.",3
"NJ Automotive Accounts Management Co, Inc.",3
PLACID NK CORPORATION,3
"Blue Front Financial, LLC d/b/a Ladder Loans",3
"CBCS, Inc.",3
Personalized Collection Services,3
"March Motors, Inc.",3
Laurens Financial Services Inc,3
Offices of Stein and Meyer,3
Watertown Credit Bureau Inc,3
R3 Processing,3
Rno Partners Limited,3
Boston Portfolio Advisors,3
"Heritage Finance Company, Inc.",3
Salary Finance Inc,3
"Elite Portfolio Management, LLC",3
Bank of Baroda - New York Branch,3
Stream Innovations Inc.,3
"Christensen Financial, Inc.",3
"Home Approvals Direct, Inc.",3
We Finance Inc.,3
Infinity Holding Corporation,3
ALG Trustee LLC,3
"Quantum Financial, Inc.",3
No Limits Access,3
Lightning Fast Finance,3
Heights Finance LLC,3
"G&L Wise Financial, Inc.",3
KSP Global Inc.,3
JOSEPH R. HARRISON CO. LPA,3
Jenka Group Inc,3
"SUBURBAN MORTGAGE, INC.",3
Bureau of Medical Economics of Santa Clara County,3
US WIDE FINANCIAL,3
"Andrews Law Firm, PLLC",3
TOC Financial DBA Mi Gente,3
"Crawford & von Keller, LLC",3
"Mortgage Team 1, Inc.",3
Lighthouse Acceptance Corporation,3
"Sterling Atlantic Law Group, PC",3
Credit Management Systems,3
"Mezzetti Financial Services, Inc.",3
MORTGAGE CORPORATION OF THE SOUTH,3
"NY Community Financial, LLC",3
CHARTER CAPITAL CORPORATION,3
"FCN Catalogue & Equipment, Inc.",3
"AGORA NOTUS, LLC",3
First Pacific Funding Inc.,3
"PMMC and Associates, LLC",3
American Finance House Lariba,3
MCI Mortgage Inc,3
"Pickett Law, LLC",3
Capital Core Advisors LLC,3
"COMMONWEALTH MORTGAGE, LLC",3
"Auto Pro Title Pawn, Inc.",3
"Hellmuth & Johnson, PLLC",3
West One Capital Group Inc.,3
FIRST US CAPITAL LLC,3
Summit Mortgage Corporation,3
Law Offices of Vincent J. Buzek,3
"Collection Specialists, Inc.",3
Amati & Associates LLC,3
"Kopp Collection Service, Inc.",3
"SML Capital, Inc.",3
"Ross, Stuart & Dawson Inc",3
"PEMBROKE FINANCE, INC.",3
ALLIED SECURITY LLC,3
"Crawfordsville CCB, Inc.",3
Liberty SBF,3
"Dynamic Strategies, Inc",3
"MortgageOne, Inc.",3
"Michigan Legal Specialists, P.C.",3
Exchange Finance Company,3
"Riexinger & Associates, LLC",3
Sterling Asset Resolution LLC,3
Open Assets LLC,3
Credit Recovery Consultants,3
Cash In Minutes,3
GUARANTY HOME MORTGAGE CORPORATION,3
"Approved Mortgage Source, LLC",3
DM Motors,3
"Murphy Law Office, LLC",3
"Federated Adjustment Company, Inc.",3
"Grand American Resources, Inc",3
ClearLine Loans LLC,3
"First American Mitigators, PLLC.",3
Resolve Solution Services Corporation,3
8 Investments Corporation dba MediComm,3
"Lyons Law Office, LLC",3
BEXIL AMERICAN MORTGAGE INC.,3
"Freisem, Macon Swann & Malone LLP",3
Republic State Mortgage Co.,3
1ST PREFERENCE MORTGAGE CORP,3
"LYONS MORTGAGE SERVICES, INC.",3
CENTURION IV LLC,3
"TRICO FINANCIAL SERVICES, LLC",3
Investment Evolution Corporation,3
Bailey Automotive Finance Inc.,3
"Fairway Holdings, LLC",3
Pier Special Opportunities Fund LP,3
"MORTGAGE EXPRESS, LLC",3
"B and F Capital, DBA    H and H Legal Support Services,    DBA Paid in Cash",3
Credit Bureau of Havre,3
"C & S Associates, Inc. dba NCS Credit",3
"Pivot Financial Partners, Inc.",3
"Commercial Credit, Inc.",3
Lakeland West Capital LLC,3
Consumer Receivables Management LLC,3
"Professional Datasolutions, Inc.",3
Beach Cars of West Palm Inc.,3
Stream Auto Outlet,3
Consumer Collection Advocates,3
David Fogel P.C.,3
MDG USA Inc.,3
"Segan, Mason & Mason, P.C.",3
NOBLE HOME LOANS INC,3
"American Trst Company, Inc.",3
Mortgage Origination Holdings LLC,3
"LoanLeaders of America, Inc.",3
Federated Mortgage Corp.,3
"AccessOne  Holdings, Inc.",3
"Vander Financial, LLC",3
BCA Financial Services (New Jersey),3
Quik Fund Inc.,3
RSR & ASSOCIATES INC.,3
Personal Loan Service,3
Smart Auto Leasing,3
"Advantage Financial Services of Covington, LLC",3
First Loan Choice,3
"Professional Recovery Associates, Inc.",3
FRIENDLY FINANCE DISCOUNT CORPORATION,3
Seaside Trustee Inc.,3
"Mirabella Investments Group, LLC",3
Win-Win LLC,3
Edmonds & Logue PC,3
"The Law Offices of Richard W. Krieg, LLC",3
"Dunn Law, P.A.",3
MyScore LLC,3
"Transfermate, Inc.",3
Law Offices of Alan Mege,3
"RMR FINANCIAL, INC",3
"Wator & Associates, P.C",3
"LAKELAND BANCORP, INC.",3
Revol Collections Ltd,3
"Balekian Hayes, PLLC",3
"Alliance Consumer Solutions, Inc",3
Greenberg & Sada PC,3
"Chattanooga Neighborhood Enterprise, Inc.",3
"Mikki S. Yitzchaki, P.C.",3
Watercress Financial Group LLC,3
"Maui Collection Service, Inc.",3
Graduate Resource Network,3
"Total Loan Company, LLC",3
Sammamish Mortgage Company,3
"Garden State Check Cashing Service, Inc.",3
David Deep Law Offices,3
"Good Funding, LLC",3
"Cam Credits, Inc.",3
"Vellum Mortgage, Inc.",3
Meredian Inc,3
"Advanced Loan Systems, LLC.",3
Whitehouse Law Firm LPA,3
Holiday Finance Corporation,3
Robert Homfeld Credit Trust,3
"AGS Financial, Inc",3
"Cornerstone Residential Lending Solutions, Inc",3
Highline Automotive Inc.,3
"Wise Finance, LLC",3
"FAST AND FAIR COLLECTION SOLUTIONS, LLC",3
Law Office of Carl Brugnoli,3
"PayZen, Inc.",3
Credit Solutions LLC,3
"FAIRWAY FUNDING GROUP, INC",3
SIMPLE CAR TITLE LOANS INC,3
Moritz Partners L.P.,3
"Allegiant Receivables Solutions, Inc",3
COMMUNITY MORTGAGE CORPORATION,3
Windermere Mortgage Services Series LLC,3
INDIANAPOLIS NEIGHBORHOOD HOUSING PARTNERSHIP,3
Sebrite Financial Corporation,3
Digital Currency Group Inc,3
Student Aid Foundation,3
FINANCIAL MANAGEMENT  SOLUTIONS (NY),3
"C & S Auto Enterprises, Inc",3
"WILKINSON LAW FIRM, P.C.",3
"F&M Mortgage Group, LLC",3
"Sign on the Line, Inc.",3
"CIRN, INC.",3
American Capital Recovery LLC,3
Approved Mortgage Corporation,3
MBA Mortgage Services Inc.,3
Opensky Legal Services,3
"Vendor Resource Management, Inc.",3
Law Offices of Gary A Bemis APC,3
CAP Management Company,3
Arative Technologies LLC  (Bancoli),3
Colonial Mortgage Service Co. Of America,3
"Credit Collections Services, Inc.",3
"Economic Recovery Consultants, Inc",3
Farm Bureau Finance Company,3
"Burns, Burns, Walsh & Walsh, PA",3
"Hexagon Collection Services, LLC",3
"Delphi Law Group, LLP",3
M2 Law Group PC,3
"Sindeo, Inc.",3
"Instant Cash Flow, Inc.",3
"Mid-Atlantic Portfolios, LLC",3
SE Capital Corp dba Credito Familiar,3
"DPL Associates, Ltd.",3
"PRO Consulting Services, Inc.",3
"Fenix Holdings, LLC",3
"SOUND MORTGAGE, INC.",3
"Law Office of Mark L. Nichter, PC",3
HOA Collections LLC,3
ALPHA MORTGAGE CORPORATION,3
Integra Holdings Inc.,3
Central Valley Receivables,3
CASTLE ROCK,3
"Reverse Mortgages.com, Inc.",3
Extreme Loans LLC,3
"Chambless, Math, Carr, P.C.",3
COLLTECH INC,3
DRIVE NOW AUTO CREDIT COMPANY INC,3
"Atlantica, LLC",3
"Ikon Financial Group, LLC",3
"Your Credit Loans, Inc.",3
The Wirbicki Law Group LLC,3
"ARL Credit Services, Inc.",3
Debt Solutions Inc,3
JPL Recovery LLC,3
Emergi-Cash,3
"Williamson and Brown, LLC",3
Professional Mortgage Associates,3
Darnieder & Sosnay,3
"Bay Shore Finance, Inc.",3
"Praxell, Inc.",3
"Egon Singerman, Attorney at Law",3
Cross America Financial LLC,3
Student Apex,3
Locate Services LLC,3
"Option Funding, Inc.",3
Southern Star Automotive Inc.,3
"MINISTRY BRANDS, LLC",3
"DISCOUNT BANCORP, INC.",3
"Dant-Pacific, Ltd",3
"Anchor Financial, Inc.",3
JLO Ventures LLC dba Car By U,3
"Virtual Assets, LLC",3
Credit Bureau of Twin Falls Inc,3
RESOCORE ASSET MANAGEMENT,3
Springboard CDFI,3
"Sperlonga Data & Analytics Systems, LLC",3
"Trebar Financial Services, Inc.",3
Priority Financial Services,3
Drexel Mortgage Corporation,3
The Cooper Mediation Firm LLC,3
"SouthLaw, P.C.",3
"Professional Solutions Collection Agency, LLC",3
Associates International Holdings Corporation,3
IT'S TIME - CREDIT REPAIR LLC,3
"Accelerate Mortgage, LLC",3
L. Blake Morris,3
"Arthur B. Adler & Associates, Ltd",3
JL Management LLC dba Advance Finance & Tax Service,3
Stonebridge Lending Inc.,3
Accessity,3
Ponca Finance Co. Inc,3
"Priority 1 Lending, LLC",3
Safe Harbor Funding LLC,2
MORTGAGE FINANCIAL SERVICES,2
Layfayette Funding,2
"Heritage Pacific Financial, LLC",2
"Loandrone, Inc.",2
Diversified Company,2
AML Funding LLC,2
"BON TERRE CREDIT, LLC",2
Precision Capital Mediation,2
"SMI Lending, Inc.",2
Thunder Auto Finance LLC,2
Garrison Law Office L.L.C.,2
Quantum Leap Mortgage Corporation,2
BANCO PICHINCHA MIAMI AGENCY,2
"Sprunger Law Office, LLC",2
The Cook Law Office PLLC,2
"SM Law, PC",2
Lovitts Auto Sales Inc,2
Alamo Premier Mortgage Group Inc,2
WESTERN EXPRESS LENDING,2
"Best in Funding, Inc.",2
"Island Title Services, Inc.",2
"AAA COLLECTORS, INC.",2
"Ladera Ranch Home Loans, Inc.",2
CRCO,2
DocuService,2
"Student Loans Consolidated, Inc",2
"Texas National Holding, LLC",2
"McManamy, McLeod, Heller, LLC",2
"American Fidelity Mortgage Services, Inc.",2
SIBCY CLINE MORTGAGE SERVICE,2
"Branson Quick Cash, Inc.",2
CapitalHut Finance,2
"United Services Veterans Mortgage, LLC",2
"Alexander, Winton & Associates, Inc.",2
"Southwest Finance, L.L.C.",2
Academy Mortgage Corporation (NY),2
EZ Financing Inc,2
Loancutters Inc.,2
National Auto Group LLC,2
"America's Mortgage Center, LTD.",2
Security Credit Corporation,2
TRN Financial LLC,2
Daramad LLC,2
Barton Benson Jones PLLC,2
Doctor Billa LLC,2
Rutherford Credit,2
JMBM Investments And LRAR Investments,2
"Kratochvil Law, P.C.",2
Boich Law Offices,2
ACG FUNDING INC,2
American Billing & Collection,2
"Reax Capital, LLC",2
Cunningham Law Inc.,2
Equinox Counseling Services,2
CARILION CLINIC,2
Associated Management Company Inc,2
"Haines & Krieger, LLC",2
Red Rock Mortgage & Lending LLC,2
"4finance US Holding Company, Inc.",2
"John F. Hayter, Attorney At Law, P.A.",2
Alternative Resource Services Inc,2
"MAKENNA KALI & ASSOCIATES, INCORPORATED",2
"MILES FUNDING, L.L.C.",2
"Car Credit Solutions, Inc.",2
"Luno US, Inc.",2
"PRIME MORTGAGE LENDING, INC",2
Canyon Mortgage Corp.,2
"HANNA, LLP | HANNA LAW, PLLC",2
Legacy Credits,2
EQUITABLE MORTGAGE CORPORATION,2
"Asset Law Group, P.C.",2
"Maryland Mutual Mortgage, LLC",2
"Peterson Young P.C., d/b/a  Miller Cohen Peterson Young P.C.",2
Accountable Finance Inc,2
Shop Your Own Corp,2
"Schriever Legal, PLLC",2
"Haase and Long, Inc.",2
FINANCIAL INSIGHT,2
"Empire Acceptance Company, Inc.",2
"CR-MPM, LLC dba Don Carro",2
Great Northern Mortgage Corp.,2
"Greeneville Collection Service, Inc.",2
"Vis Law, LLC",2
"Clifton Mortgage Services, LLC",2
"Grassland Financial Services, LLC",2
AARON DELGADO AND ASSOCIATES INC,2
"Rosen Harwood, P.A.",2
"AM Systems, LLC",2
Sure Recovery Service LLC,2
"All Kind Check Cashing, Inc.",2
"West Michigan Mortgage, LLC",2
"Advocates Professional Services, Inc.",2
Arcstone Financial Inc.,2
"Money Transfer Systems, Inc.",2
"Georgia Receivables, Inc.",2
"Automania, Inc",2
1st Midwest Mortgage Corp,2
"Critical Ideas, Inc.",2
"MAC5 Mortgage, Inc.",2
Landmark Mortgage LLC,2
Student Debt Consolidating,2
"Wyolaw, LLC",2
"Money Matters Professional Collections, LLC",2
CORPORATE INVESTORS MORTGAGE,2
Manufacturers Acceptance Corp.,2
College Guidance Resources  LLC,2
Foundation Realty Group,2
"Fitzgerald & Campbell, A Professional Law Corporation",2
Aries Loans Inc,2
Elite 1 Financial Services,2
Wilson Breit,2
"Efron & Efron, Professional Corporation",2
"J&H Systems, LLC",2
"Capture Financial, LLC",2
Julem Capital Corp,2
Changed Inc.,2
"PPCC, Inc. dba Allied Collection Resources, Inc.",2
"Ekimoto & Morris, a Hawaii Limited Liability Law Company",2
Class Financial,2
"Mr. Mortgage, LLC",2
"Smith, Slusky, Pohren & Rogers, LLP",2
"American Financial Mortgage Services, Inc.",2
The Money Company,2
"Mapother & Mapother, PSC",2
Cember & Cember P.C.,2
"Best Account Receivables Management Solutions, LLC",2
Avenify Corporation,2
"snapfi, inc.",2
"The CKB Firm, P.C.",2
"Brilliance Credit, LLC",2
"Paragon Home Loans, Inc",2
"The Westmoore Group, LLC",2
"Investment Management Company, LLC",2
Paradigm Capital Group,2
"Boomerang Capital Partners, LLC",2
Securitas Financial Inc,2
"Apex Recovery Services, LLC",2
LATIN AMERICAN FINANCIAL,2
16 Hands LLC. dba Fiducius,2
"Glick Management, LLC",2
"M3 Financial Services, Inc.",2
Golden Financial Services,2
Trinity Reverse Mortgage,2
"Dominus Law and Recovery, LLC.",2
Regional Mediation Associates LLC,2
"Automotive Financial of America, Inc.",2
OMNI MORTGAGE CORP.,2
"Sky Bridge Financial, LLC",2
ROBERTSON ANSCHUTZ VETTERS,2
Mid Valley Financial,2
"Parkstone Mortgage, LLC",2
"Atlas Mortgage Partners, LLC",2
"Retailers' Credit Association of Grass Valley, Inc.",2
"ResidentCheck, Inc.",2
"J&D Recovery, Inc.",2
National Background Solution,2
FINANCIAL FREEDOM MORTGAGE INC,2
Management Location Services Inc.,2
"Onset Financial, Inc.",2
"DAVID W. EDWARDS, P.C.",2
Auto Loan Inc.,2
Solera,2
"Inheritance Funding Company, Inc.",2
Patriot Lending Services Inc,2
"Mortgage Lender Services, Inc.",2
Comenity Capital Bank,2
"VANDERHEYDEN LAW OFFICE, P.A.",2
AD Capital LLC,2
Loan Garden LLC,2
TAG Financial Services Inc.,2
"BATON ROUGE FINANCIAL SERVICES, L.L.C.",2
"Blackwell, Burns & Pratt",2
Directors Financial Group,2
"South Fork Funding, inc.",2
"Strategic Funding, Inc.",2
ARP & Associates LLC,2
Shore View Financial Partners Inc.,2
Superior Settlement Services LLC,2
Derricka Harwell Enterprises,2
"Imagine Home Lending, LLC",2
CASH IN A FLASH INC,2
Normandy Corporation,2
Double D Finance dba Idaho Finance,2
N A NATIONWIDE MORTGAGE,2
"William J Allen, P.A.",2
"Accredited Land Transfer Col, Inc.",2
"Direct, Inc",2
"Retail Recovery Service N. J., Inc.",2
"Hawk, Haynie, Kammeyer & Smith, LLP",2
Barker Financial LLC,2
"Whitewater Recovery Solutions, LLC",2
"The Law Office of Alan Pritchard, PLLC",2
Certify Student Services,2
"ONE WAY RECOVERY SOLUTIONS, LLC",2
"CLuisMortgages, LLC",2
"JP Development, Inc.",2
"ACC Management, Inc.",2
"American Heritage Capital, LP",2
Equity Now Inc.,2
GULF ATLANTIC FUNDING GROUP INC.,2
"William A. Hecht, P.C.",2
"Harrison Financial, LLC",2
"Cash Advance Centers of KY, Inc.",2
Ahn Management LLC,2
Advantage Finance LLC,2
Atlas Acquisitions LLC,2
"Asset Pursuit, LLC",2
"MarineMax East, Inc.",2
Fairfax Lending Inc.,2
Cambridge Credit Counseling Corp.,2
CREDIT CARD MANAGEMENT SERVICES INC,2
"MCGLONE MORTGAGE COMPANY, INC.",2
"ABA Recovery Service, Inc.",2
"Tapper and Fratto, LLC",2
"A.L. Babbs and Associates, LLC",2
Mother Lode Holding Company,2
"Equity Wave Lending, Inc.",2
"Personal Asset Recovery, LLC",2
ALLIED NATIONAL INC,2
"The Zellman Group, LLC",2
"Council Law Group, PLLC",2
"SHAPIRO LAW OFFICE, PC",2
Usset Weingarden & Liebo PLLP,2
Leon Financial Services,2
REARDEN S INCORPORATED,2
Glassen Rhead Mclean Campbell & Schumaker P.L.C.,2
NORTHEAST HOME LOAN,2
Comenity Bank,2
"Goldman, Imani & Goldberg, Inc",2
"Flagstone Financial Services, Inc.",2
"Lafayette, Ayers & Whitlock, PLC",2
I.P.M. Group LLC,2
Medisys Ventures,2
"Zieg Law Group, LLC",2
"North Georgia Loans, Inc.",2
"Fountainhead Commercial Capital, LLC",2
Able Mortgage,2
"F10 Financial Group, LLC",2
BOVA Financial Group LLC,2
"United Mortgage,  LLC",2
Spec Hoffman Auto Sales Inc.,2
Qualified Home Solutions LLC,2
"ZIP CAPITAL GROUP, LLC",2
Northern Lakes Mortgage LLC,2
Shield Home Loans Inc.,2
"REVERSE MORTGAGE USA, INC.",2
Rithm Capital Corp.,2
Progressive Debt Relief LLC,2
Bayview Investment Group LLC,2
Isla Repossesions & Collection Inc,2
TRINITY CREDIT SERVICES,2
"MotoRefi, Inc.",2
10 Cent Title Pawn Inc,2
"Key, Greer, Harrison & Casey",2
"Heis & Wenstrup Co., L.P.A",2
Delay Group DBA The Debt Management Group,2
Thrifty Motors Inc.,2
HR MORTGAGE CORPORATION,2
EXECUTIVE FINANCIAL GROUP,2
Kevin A. Stevens,2
Divergent Consumer Services,2
"Affirmative Law, PC",2
Unisource Joint Ventures LLC,2
"Arundina, LLC",2
"Monroe Credit, LLC",2
Parker & Associates,2
The Law Office of Ginger Crosby Zuravel,2
Value Auto Mart Inc.,2
Elite Mortgage Funding inc,2
"Full Service Mortgage Group, LLC",2
"Ross Morgan & Associates, LLC",2
ML Mortgage Corp.,2
Scott’s Jewelry & Pawn Inc.,2
Consumers Alliance Processing Corporation,2
Curo Inc.,2
ALPHA COLLECTION SERVICES,2
snw investments,2
"TK Credit Recovery, Inc",2
"First Wholesale Lending, Inc",2
"Fortune Title Agency, Inc.",2
Legal Alliance Network,2
"The Mortgage Specialists, Inc.",2
"Account Control Services, Inc",2
Advanced Credit Management,2
Broadway Advance LLC,2
Missouri Loan Center LLC,2
"Eagle Rentals, Inc",2
Taekus Inc,2
Ideal Direct Solutions,2
"BAV Solutions, LLC",2
National Title Co.,2
"PIC Capital, Inc. dba Direct Home Lending",2
"Mid-American Financial Group, Inc",2
"Rate Plus, Inc.",2
"FMK Credit Education Center, INC",2
"HJ Ventures, LLC",2
"MBM Collections, LLC",2
"RMCN Credit Services, Inc.",2
Credit Mount,2
"Leib Solutions, LLC",2
Biorn Corporation,2
MTACC Inc.,2
REGENCY MORTGAGE CORP.,2
"COASTAL LAW FIRM, APLC",2
"Accel Loans, LLC",2
Advance Loan Service,2
Allarin Professional Group LLC,2
"Ace Customer Services, LLC",2
TOWER MORTGAGE CORPORATION,2
"Financial Aid Network, LLC",2
Henschel & Beinhaker P.A.,2
Philip Sellers P.C.,2
"World Credit Recovery, LLC",2
Surepay Lending Group LLC,2
Law Offices of Bradley G Nykamp PC,2
Appalachian Lending Corporation,2
"Harbour Portfolio Advisors, LLC",2
"The Student Loan Project, Inc.",2
"Wedgewood, LLC",2
"Members Mortgage Services, L.L.C.",2
US Gold Cards Inc,2
"Andesite Finance Company, LLC",2
First Choice Credit Management,2
"Receivables Management Associates, Inc.",2
"Horizon Digital Finance Holdings, Inc",2
Florida Pro Mortgage LLC,2
Amerivest Mortgages,2
"Student Loan Control, LLC",2
PLDR,2
Insight Financial Services LLC,2
Simple Solutions Credit & Debt Consulting Inc.,2
"Enhanced Recovery Services 2, Inc.",2
"Optimum First, Inc.",2
"Grisham Cummins, LLC",2
"Drake, Meyers, & Associates",2
Amicus Lending,2
"Reference Services, Inc.",2
"LeasePoint Funding Group, LLC",2
First Choice MH LLC,2
Greene Finance Corporation,2
"URS Solutions, LLC",2
Asset Mediation Partners LLC,2
"Premier Lending, Inc.",2
MWS Financial Services LLC,2
DirectArms,2
Neat Capital Inc.,2
Vion Holdco I LLC,2
SUNSTREET MORTGAGE LLC,2
Allied Consumer Assistance,2
"PinReid, LLC",2
"I. C. Unlimited, Inc.",2
Prisma Capital LLC,2
Meridian Title  Corporation,2
Fast Money Loan,2
"JAMS-01, Inc",2
American Mortgage Partners Inc.,2
Post Oak Title,2
Leading Mortgage Solutions,2
First World Mortgage Corporation,2
Point Boosters,2
TTM GLOBAL ENTERPRISES LLC,2
"Dowler Law Firm, PLLC",2
ALASKA HOUSING FINANCE CORPORATION,2
"COMPASS FINANCIAL HOLDING GROUP, LLC",2
Bullseye Collection Agency,2
"MORTGAGE LINK, INC., THE",2
Educational Opportunity,2
Ershowsky Verstandig PLLC,2
"Pacific Coast Legal Services, Inc.",2
Oplis Financial LLC,2
Future Financial Inc.,2
Revenue Recovery Systems,2
HK Recovery Group Inc.,2
Better Debt Solutions LLC,2
FERRANTE ASSOCIATE,2
"Andover Auto Sales, Inc. D.B.A. Broadway Auto Mall",2
"ISCC, LLC",2
East Coast Capital Corp,2
INTEGRITY CREDIT CORPORATION,2
MST Consulting LLC,2
Escrow of the West,2
Tri-Cities Finance Company,2
"Liberty Finance Co., Inc.",2
The Borrowing Club,2
"SOUTH EXCHANGE, INC",2
"Daiyaan, Inc",2
"Munar Mortgage, LLC DBA Co/LAB Lending",2
"All Home Lending, Inc.",2
Stewart Title of Sacramento\Placer,2
"Debt Recovery Pro ,LLC",2
Nexgen Services Inc,2
"Law Offices of Paul L. Marks, P.L.L.C",2
Commercial and Medical Credit Services,2
NewFed Mortgage Corp,2
"US Claims Litigation Funding, LLC",2
"Lending Hand Mortgage, LLC",2
"Hometown Mortgage Services, Inc.",2
"Citywide Mortgage Associates, Inc.",2
"Credit Reporting Services, Inc.",2
KIRKSTON MORTGAGE LENDING LLC,2
"Padfield & Stout, LLP",2
"Foundation Title & Settlement Services, LLC",2
"CollectPark, LLC",2
Scott-Roberts and Associates LLC,2
Student Advisor Center LLC,2
"Xapo, Inc.",2
"Claims Recovery Systems, Inc.",2
"Tango Delta Financial, Inc.",2
"Wilco Finance, Inc",2
"Augusta Financial, Inc.",2
"Kovach Law Firm, PLLC",2
"We Find Everyone, Inc.",2
Public Auto Sales Inc.,2
"Magnus Title Agency, LLC",2
Franklin Cohen and Allbright Arbitrations LLC,2
DK Auto LLC,2
"EML Payments USA, LLC",2
Baird Home Corporation,2
"Latham, Wagner, Steele & Lehman, P.C.",2
ECN Platinum LLC,2
"Lucie, Scalf, Sutton & Bougher, Attorney At Law",2
Harris Law Group,2
"Cars-N-Credit Finance, Inc.",2
"Selection Management Systems, Inc.",2
"Results! Dental Collection Services, LLC",2
KOP Collection Services LLC,2
"Shenandoah Legal Group, P.C.",2
"Doberman Credit & Collection Consultants, LLC",2
"Grace Recovery Services, Inc.",2
"John B. Ingleson, Attorney at Law",2
Cash-Installment LLC,2
FundFlare LLC,2
Cycleone Financial Group,2
WESTERN OHIO MORTGAGE,2
"Southern Freedom Financial Services, LLC",2
"Gershfeld Law Group, P.C.",2
www.TrustScience.com USA Inc.,2
Beacon Recovery Group LLC,2
"Digital Media Solutions, LLC",2
Activo Corp,2
"Cypress Creek Financial, LLC",2
Vantage Point Group,2
"Titan Title & Closing, LLC",2
"Best Loan Service, LLC.",2
"Advansse, Inc",2
VanKeef Financial LLC,2
"National Screening Bureau, LLC",2
Wilson Law. LLC,2
"North Arkansas Abstract & Title Co., Inc.",2
"MERFICAP, LLC",2
"Truemper, Titiner & brouch Ltd",2
ONLINE MORTGAGE GROUP,2
Suffolk Consulting Group Inc,2
"Horizon West Financial, Inc",2
Mortgage Vintage Inc.,2
Fairway Consumer Discount Company,2
"Anchor Mortgage, LLC",2
Student Debt Consolidation LLC,2
Speed Investments LLC,2
"Gabriel FInancial Group, Inc.",2
American Northwest Recovery Solutions Inc,2
"Felt & Lukes, LLC",2
Waveland LLC dba FJM,2
Backgrounds Online,2
GREATAMERICA FINANCIAL SERVICES CORP.,2
Lakeland Recovery Solutions,2
Blue Bay Capital,2
CREDIGY SOLUTIONS INC.,2
CNP Solutions,2
"EQUITY HOME LENDERS, INC",2
"Smart Money Capital, LLC",2
California Enterprise Agencies,2
"West Penn Financial Service Center, Inc.",2
"Argolica, LLC",2
Elmview Management Services,2
"Haws, Inc. d/b/a Loan House",2
"Steven R. Hrdlicka, Attorney at Law",2
"Scott and Goldman, Inc.",2
RumbleOn Finance LLC,2
"Advent Financial Systems, LLC",2
CBC Holdings LLC,2
Debt Busters,2
ZOOM HOME LENDING LLC,2
1st Nationwide Mortgage of Texas Corp.,2
Longhorn Asset Management LLC,2
Maynard Nexsen PC,2
"Advance Paychecks,  LLC",2
Fix Media,2
"NORTHPOINT MORTGAGE, INC.",2
"SimpliFast Lending, LLC",2
Best Ride Inc,2
99th Floor LLC,2
PRICE FINANCIAL SERVICES,2
"Platinum Finance Company, LLC",2
"Michaels, Louis & Associates, Inc.",2
"Union Credit, Inc.",2
"Superior Home Loans, Inc.",2
Donna A Daniels Law Offices PC,2
STATE LAW GROUP,2
Solvent Plus LLC,2
"Keypoint Mortgage, LLC",2
David N. Hull Attorney at Law P.C.,2
"Armand Law Group, PLLC.",2
Capital 1 Consultants,2
"Mortgage One Solutions, Inc.",2
"Costello Sury & Rooney, P.C.",2
Apex Advising LLC DBA Apex Credit Fix,2
TITLE FINANCIAL CORPORATION,2
Community Home Lending,2
Seth L. Goldner PC,2
"Lawyers Title of Cincinnati, Inc.",2
TitanPrep Inc,2
"Mundt Law Group, LLC",2
Dedicated Credit Repair,2
Hamiltonian Inc.,2
"SELFi, Inc.",2
"MORTGAGE FINANCIAL SERVICES, INC",2
"Rock Solid Funding, LLC",2
"Devon Clark Currency Exchange, Inc",2
"Kolter Financial Services, LLC",2
"United Lending Team, LLC",2
Certified Direct Solutions,2
Mid Atlantic Auto Finance,2
"PingYo, Inc.",2
Sands Recovery Group,2
"Student Loan Freedom, LLC",2
VISION ONE MORTGAGE,2
"Cayetano Development, LLC",2
"HomeKey Lending, LLC",2
"Homeland Financial Network, Inc.",2
"Silvermine Ventures, LLC",2
Purpose Funding Inc.,2
Vericheck,2
"Harrington, anderson & deblasio",2
"Cleara, LLC",2
Ward Kilduff Mortgage,2
ACS Financial LLC,2
"Equity Express Mortgage, LLC",2
Premier Lending and Real Estate,2
Intercounty Mortgage Network Corp.,2
Law Office of Michael R Naughton,2
"Benchmark Capital Management, LLC",2
DCB Financial LLC,2
"Caramel Dealer Services, LLC",2
Maury's Motors Inc DBA Midpoint Auto Group,2
"Doonan, Graves & Longoria",2
Welcome Home Finance,2
Settle It Inc.,2
Homelife International Mortgage Co. Inc.,2
Medical Debt Management,2
EDULOAN DOCS,2
Helvetica Servicing Inc.,2
"BYTE FEDERAL, INC.",2
College Lending Solutions of Salem,2
"Island Portfolios Services, LLC",2
Northbrook and Associates,2
"Financiera Campeon, LLC dba Champion Equipment Finance",2
"AMKO Lending, LLC",2
ERI Financial Services,2
"First Peachtree Finance, Inc.",2
EliteCashWire.com Inc,2
Kiva Microfunds,2
"FIRST OHIO HOME FINANCE, INC",2
Class AMC Intermediate,2
American Credit,2
"Tritium Card Services, Inc., Naples, FL Branch",2
"WCS FUNDING GROUP, INC.",2
"R.M. Jackson & Associates, P.C.",2
"Credit Bureau of Marianna, Inc",2
Two Dots Inc.,2
"America's Mortgage Lender, L.L.C.",2
"Wilner & Associates, Inc.",2
"First Mile Group, Inc.",2
"The Day Law Firm, LLC.",2
"Pettitt & Kimball, PLLC",2
"Associates Title, Inc.",2
Fowler Bell PLLC,2
Vivix Credit Solutions,2
Associates Financial Solutions Inc,2
Coconut Point Finance,2
1st Florida Lending CORP,2
Nationwide Recovery Group LLC,2
Navigant Cymetrix Healthcare,2
Southern Fidelity Mortgage Group of Huntsville,2
Covington Pike Acceptance Company,2
STARBOARD FINANCIAL MANAGEMENT,2
SCENIC OAKS FUNDING,2
"Keystone Funding, Inc.",2
Santo Domingo Motors Inc.,2
"Zero Parallel, LLC",2
ABC Finance Co.,2
Premlo Inc.,2
"POLI MORTGAGE GROUP, INC.",2
"Business Starters, Inc",2
Cordoba & Associates,2
GLFinancial Services LLC,2
Miranda Holdings LLC DBA Total Credit Relief,2
Texas Mortgage Lending LLC,2
Credit Advisors Foundation,2
"Summit Mortgage Bankers, Inc",2
"PrimeLine Capital, Inc.",2
"Pitbladdo Botteron and Jarvis, LLC",2
"Kyle Law Group, P.C.",2
"River Ridge Financial Solutions, LLC",2
"Hertzmark, Crean & Lahey, LLP.",2
CNJ Enterprises LLC DBA Legal-Bay LLC,2
Northrim Capital Investments Co.,2
"International Debt Buying Consultants, LLC",2
"RH Portfolio I, LLC",2
"Law Office of Cynthia Hitt Kent, LLC",2
"Town & Country Mortgage Services, INC.",2
"AlpacaDB, Inc.",2
"AUTOMATED RECOVERY SYSTEMS, INC",2
Evans & Green LLP,2
"Rutledge Law Firm, P.C",2
"Aswad & Ingraham, LLP",2
"Assets Recovered, LLC",2
"Law Office of David A. Bader, LLC",2
"RUSH COLLECTIONS AGENCY, CORP.",2
"Gordon, Feldbaum & Cantora",2
Chrebet Associates  LLC,2
RADIUS FINANCIAL GROUP INC.,2
"Sagal, Filbert, Quasney & Betten, P. A.",2
CHOICE LENDING CORP,2
"INTEGRA SERVICING, LLC",2
APEX HOME LOANS,2
"America's Moneyline, Inc.",2
"MM RV JV 1, LLC",2
Xpert Home Lending Inc.,2
Luna Financial LLC,2
Headwaters Financial Corp.,2
ANDERSON FINANCIAL GROUP,2
"SIRY INC., DBA SIRY AUTO GROUP",2
Real Property Title Group LLC,2
"Eads Murray & Pugh, P.C.",2
Belem Servicing LLC,2
Sky Venture Holdings LLC,2
"THE JUDGE LAW FIRM, A LAW CORPORATION",2
"DEBTWEBEX, LLC",2
Action Rent To Own,2
Pennie Mgmt LLC,2
Prosperity Connection,2
"LAW OFFICES OF RANDALL L. PRATT, P.C.",2
Ray Skillman Northeast Imports Inc,2
THE GUERRINI LAW FIRM,2
"Castle Rock Mortgage, LLC",2
Insta Financial,2
"Digital Access, LLC",2
NORTH AMERICAN FINANCIAL CORP,2
Lakeview Mortgage Inc.,2
"Financial Triangle, Inc.",2
Levon Gukasyan DBA Garman Financial,2
"Advantage Recovery Group, Inc",2
Ripple Labs Inc.,2
Collection Specialists,2
TGA,2
"Dennis P Lee P.C., L.L.O.",2
National Loan Review Consultants Corporation,2
Fortress University Inc.,2
Middlegate Funding LLC,2
National Integrity LLC,2
"Service Investment Company, Inc.",2
"Godwin-Jones & Price, P.C.",2
"Cumberland Financial Services, INC.",2
"Seashine Financial, LLC",2
"Georgia Assessment Recovery, LLC",2
Great Lakes Entities,2
Orion Title & Escrow LLC,2
"Insight Financial, LLC",2
Harrison Financial Group,2
Credit Diva of Dallas Inc.,2
First Coast Auto Finance,2
TriMark Financial Solutions DBA Distressed Mortgage Solutions,2
"LifeTree Lending, LLC.",2
Doral Capital Corporation,2
PROFESSIONAL SOLUTIONS GROUP,2
US Mortgage Lenders LLC,2
"ATKB PORTFOLIO MANAGEMENT, LLC",2
"Alpine Mortgage Services, LLC",2
HUNT Real Estate Corporation,2
"Powerhouse Solutions, Inc.",2
"The Wilhelm Law Group, LLC",2
"Armin, O'Conner & Boch, LLC",2
Hughes Acceptance Corporation,2
"American Financial Lending, Inc.",2
"Rocky Mountain Service Bureau, Inc",2
WHOLESALE CAPITAL CORPORATION,2
Cascade Collections LLC,2
Weissman Attorney at Law,2
PROSPER FIRST FUNDING CORPORATION,2
Mike Rome Holdings LLC,2
Northwest Title Company,2
Affordable Financial Solutions,2
"CMD Investment Group, Inc.",2
Guaranty Solutions LLC,2
"Brian P. Mickles, PLLC",2
"Frank, Frank, Goldstein & Nager, P.C.",2
Unlock Wealth $,2
"Urban Settlement Services, LLC",2
"Law Offices of Thomas B. Peterman, P.A.",2
"AMERICONSULTANTS, LLC",2
"Greenberg Law Firm, Professional Corporation",2
"Anchor Loans, Inc.",2
Global DS Group LLC,2
"Community Credit of Leeds, Inc.",2
"Jones & Walden, LLC",2
Campos Financial Corp.,2
"JAMES A. MOUNGER, PLC",2
RESIDENTIAL MORTGAGE CORP,2
"Nationwide TFS, LLC",2
Williams Starbuck,2
"MovoCash, Inc.",2
Marel Consultants Inc,2
"American First Financial Services, Inc.",2
RenoFi Inc.,2
Hawaii Mortgage Experts,2
"Auto World Financial, Inc.",2
Hannah Financial LLC,2
"Unbank Company, LLP",2
CLS Mortgage Inc.,2
"Oz Gram Investment, Inc.",2
"Alternative Finance Company, LLC",2
Gulf Coast Auto Credit Corporation,2
SECURITY HOME MORTGAGE,2
"AMERICAN HOME MORTGAGE, INC.",2
PRODIGY MORTGAGE CORP,2
FIRST RATE MORTGAGE CORP,2
"American 1st Rate Mortgage, LLC",2
Capital Mortgage,2
Retl Mnanagement LLC,2
"Strive Lending, Inc.",2
"Brightside Benefit, Inc.",2
"Riverstone Law, LLC",2
Cornerstone Home Mortgage,2
Nelson Automotive Finance,2
Law Offices of Brian P. Kowal PA,2
Felhaber Larson,2
"LD Settlement Services, LLC",2
AGN Auto Gallery Inc,2
"LegumFitzpatrick, PLC",2
"Kwest Mortgage Group,  LLC",2
Empire Mortgage (NV),2
Tal Lewis Incorporated,2
Credit Suite Inc.,2
"Albert E. Acuna, P.A.",2
SUN AMERICAN MORTGAGE,2
"American Receivables Agency, LLC",2
"BANKERS MORTGAGE LENDING, INC.",2
ADA Brown LLC dba Star of Texas Financial Solutions,2
208 Capital Holdings LLC,2
Strand Finance Inc.,2
RWLS Mortgage LLC,2
"JRCM, LLC",2
F&B Acquisition Group LLC,2
HomeQuest Mortgage Corporation,2
AHL Funding,2
NORTHSTAR FUNDING INC,2
1st Maryland Mortgage Corporation,2
AMERICAN FAMILY FUNDING GROUP Inc.,2
RETAIL MERCHANTS ASSOCIATION OF LUBBOCK,2
Kaiter Enterprises Inc.,2
"OP Group Holdings, LLC",2
"National Account Systems of Madison, Inc",2
"NORTH HIGHLAND HOLDING COMPANY LLC, THE",2
Kompato AI Inc,2
DMA Financial Corp.,2
"Accelerate Financial, LLC",2
States Resources Corp.,2
Roseth Mortgage LLC,2
"Metrolina Credit Co. of Burlington, INC.",2
STREETER BROTHERS MORTGAGE CORPORATION,2
"Right Key Mortgage, LLC",2
"T & I Enterprises, LLC",2
Frontier Financial Inc.,2
"Darby Law Firm, LLC",2
"Equinox Home Financing, Inc.",2
Electric Solidus LLC,2
"ACCORD CREDITOR SERVICES, LLC",2
"Real Property Business Services, Inc.",2
American Preferred Lending,2
Salmon Law Firm PLLC,2
HAC Holding Inc.,2
"CAC Services, Inc.",2
McGlinchey Stafford PLLC,2
"United Mortgage Services, LLC",2
Andy Bowers & Associates LLC,2
"Betz-Mitchell Associates, Inc.",2
Commerce Credit Corp.,2
"First Commerce, LLC",2
"Williams -Williams Commercial Collections, Inc",2
"David B. Schumacher, P.C.",2
"Homefront Mortgages, Inc",2
Cash Money LLC,2
First Sun Financial Inc,2
Credit My Rent Inc,2
"Brookings Credit Bureau and Collection Agency, Inc.",2
O’Reilly Rancilio P.C.,2
LAKE MORTGAGE COMPANY INC.,2
Huron Law Group PLLC,2
"Financial Management & Associates, Inc.",2
Northeast Resolutions Inc,1
"Krawczyk, Duginski & Rohr, S.C.",1
A Credits Works,1
"Westpark Equity Group, Inc.",1
"Alpine Capital Investments, LLC",1
Eagle Auto Credit Inc,1
Buckingham Mortgage LLC,1
CSI Mortgage Corporation,1
"T.J. FINANCIAL, INC.",1
WINCHESTER SELLERS FOSTER & STEELE PC,1
Potomac Trust Mortgage Company LLC,1
Stratedge Inc,1
Habitat for Humanity of Boulder Valley,1
Approve Lending Holdings LLC,1
Gregory Hagan,1
"LEE S. DENNISON, P.C.",1
"Tuten Title and Escrow, LLC",1
KCM & AHS LLC,1
The Law Offices of Matthew R. Wildermuth,1
"American Home Funding, Inc.",1
"EMPIRE HOME MORTGAGE, INC.",1
"Flyhomes Mortgage, LLC",1
"First County Mortgage, LLC",1
"Odunlami Law Firm, LLC",1
American Mortgage Inc.,1
"Gregg M. Horowitz, P.A",1
"Real Pay, Inc",1
Fulfillment Financial Solutions,1
Ultimate Analysis Billing,1
"Benefit Recovery Group, LLC",1
"Reset Financial Technologies, Inc.",1
"CREDIT BUSINESS SERVICES, INC.",1
"Robert P. Tomasso Mortgage Company, Inc",1
Southeastern Mortgage Corporation,1
"Vertical Capital Asset Management, LLC",1
"Executive Lending Group, LLC",1
"SMB Enterprises, LLC",1
"Mesce Associates, Inc.",1
"Dominion Residential Mortgage, LLC, Fairfax, VA Branch",1
"The Academy Law Group, P.A.",1
"Borns & Steele, P.C.",1
"TARRANT GROUP, LLC",1
"ANI International, Inc",1
Digital Currency Services Inc.,1
"iCollect.com, Corp.",1
"Princeton Financial, LLC",1
Blackburne & Sons Realty Capital Corporation,1
"The RaymondPaul Group, LLC",1
Madison Avenue Associates,1
"Uniquity Financial, LLC",1
"Instant Loans, Inc",1
"Key Debt Recovery, Inc.",1
Neuhauser Law PLLC,1
KITTREDGE MORTGAGE CORPORATION,1
Molinar LLC dba El Patron Title Loans,1
Boxwood Mortgage LLC,1
Thrivest,1
"Nolensville Road Auto Mart, Inc.",1
Anthony J. Musto,1
"Byers Law, LLC",1
Inland Debt Management,1
CURevl LLC,1
Fontenot Parker and Associates,1
Moran Financial Group LLC,1
"Mortgage Professionals of Sun Valley, Incorporated",1
"Flathmann and Stern, LLC",1
"Pro Equity Partners, Inc.",1
"America's Secure Home Loans, Inc.",1
"Land Closing Services, Inc.",1
"MedPlan Credit, LLC",1
Gary A. Smiley Assoc.,1
Credilife ...A Financial Wellness Company,1
"Metropolitan Title, LLC",1
S Foreman & Associates Inc,1
Money Tree Cash House llc,1
Brentwood Pacific Financial,1
"Granite Law Group, PLLC",1
CNY Management Group Inc,1
"CONVERGING CAPITAL, LLC",1
"Paragon Mortgage Services, Inc.",1
"Horizon Lending services, LLC",1
"Grupo Estrella, LLC",1
"Thrash and Thrash, PLLC",1
AMERITRUST MORTGAGE CORPORATION,1
Groundwork Holdings LLC,1
Tucker Financing Inc.,1
"LANDMARK ACCOUNTS, INC",1
"National Litigation Law Group, LLP",1
PB Financial Group Corp,1
TOO STRONG Mortgage LLC,1
OVERSTOCK.COM INC,1
Signature Finance Company,1
WALTON FUNDING LLC,1
M H Loans Corporation,1
"The Schutzer Group, PLLC",1
"Lawrence A. Patish, P.C.",1
Aidenbaum Schloff and Bloom PLLC,1
Hudson United Mortgage LLC,1
Repair Like A Pro LLC,1
C. Edwin Walker Attorney at Law,1
"Cornerstone Mortgage Group, LLC",1
Carfast Financial Holdings,1
CWI INC,1
Credit Expert LLC,1
"DeBellis Financial Services, Inc.",1
"Andrea Visgilio-McGrath, LLC",1
Grads Financial,1
"Hart West Financial, Inc",1
Capehart & Scatchard PA,1
Delphi Group Inc.,1
"CAPITOL TITLE INSURANCE AGENCY, INC.",1
Scranton Recovery Group LLC,1
Law Office of R. Gary Shapley,1
OttoMoto,1
"INGRAHAM & ASSOCIATES, P.A.",1
"Property Collection Lawyers, LLC",1
Global Home Finance Inc.,1
"Reliable Home Lenders, LLC",1
Zenith Financial,1
Counselors Title LLC,1
"CAPITAL SOLUTIONS MANAGEMENT, INC.",1
Snellings Law LLC,1
"Direct Home Loans, LLC",1
"Azcar Capital, Inc.",1
"Lender Services, Inc",1
"Swartz & Brough, Inc",1
American Title Corp,1
"O'Kelley & Sorohan, Attorneys at Law, LLC",1
"HomeLight, Inc.",1
Encompass Mortgage Services Inc.,1
"Crystal R. Cole, Attorney at Law",1
DRAGAS MORTGAGE COMPANY,1
"Cope Enterprises, LLC",1
"Freedom Rides, Inc.",1
"First Home Equity Loans, LLC",1
Chester County Auto Finance Inc,1
"WEST ASSET MANAGEMENT, INC.",1
ALG,1
COOPERATIVA DE AHORRO Y CREDITO BARRANQUITAS,1
"American Settlement Funding, LLC",1
"Fulkerson Wing, P.C.",1
Car World Group,1
"Atlantis National Services, Inc.",1
"Intelty, Inc",1
"Kirkwood Law, LLC",1
Gregory and Jacobs Corporation,1
"Peter T. Roach and Associates, P.C.",1
FIDELITY FUNDING MORTGAGE CORPORATION,1
Sandman Law Group LLC,1
Mortgage Choice LLC dba: Motto Mortgage Choice,1
RESIDENTIAL WHOLESALE MORTGAGE,1
"Origen Capital Investments II, LLC",1
"Pando Mortgage, LLC",1
"Bit Express, LLC",1
Metes & Bounds Title Company,1
"CREDIT BUREAU OF LANCASTER & PALMDALE, A CORPORATION",1
Accountant Exchange Group,1
"Owl Automotive Group, Inc.",1
Interest Smart Home Loans,1
Brady Distributing Company,1
New Silver Lending LLC,1
"Duane C. Romanello, P.A., Inc.",1
Saba Commercial Services Corp dba Saba & Associates,1
"Commercial Mortgage Consultants, Inc.",1
Secured Marketing Concepts Corporation,1
"Morgan & Curtis Associates, Inc.",1
Guardian Angel Mortgage,1
Schaefer Legal LLC,1
"Educational Funding Resources, Inc.",1
"Viceroy, Inc.",1
"Flyhomes, Inc.",1
ADVANCED COLLECTION SOLUTIONS LLC,1
"Sanders, Ranck & Skilling, P.C.",1
Stone Haven Capital,1
TitleMax LLC,1
"Law Office of Gregory Javardian, LLC",1
"Maddocks Collection Services, LLC",1
"1st United Funding, LLC",1
"Thrifty Loans, LLC",1
JUMBO LOAN EXPERTS LLC,1
Scoreably,1
PROVINCE MORTGAGE ASSOCIATES,1
JBrucker Advisors,1
Michelle A. Arace dbaThe Law Firm of Michelle A. Arace,1
"Home Lending Pal, Inc.",1
"CardarelliBridgewaterandAssociates,INC.",1
"The Law Office of Peter S. Lake, P. C.",1
Finest Title Company,1
"Senior Management Group, Inc.",1
"Own Up Holdings, Inc.",1
"Sawko & Burroughs, P.C.",1
Check Cashing & Loans,1
Watson Mortgage Corp.,1
"Freedom First Financial Services, Inc.",1
"Results Mortgage, LLC",1
"Negotiation Credit Services, LLC",1
"Cross State Motors, LLC",1
Student Relief LLC,1
"Greenkey Financial, Inc.",1
Fidelity First Real Estate and Mortgage Inc,1
WFI Funding Inc,1
The Gentry Law Office LLC,1
"KCC Services, LLC",1
Bueno Title and Escrow,1
"Nationwide T & L Holdings, LLC",1
"Inlanta Mortgage, Inc.",1
"PRACTICAL VENTURES, LLC.",1
Loan Fox Inc,1
Prospering Home Loans LLC,1
Rapture Technology,1
"PNK INVESTMENTS, LLC",1
"Medical Delinquency Management, Inc",1
PACIFIC FORESIGHT FINANCIAL CORPORATION,1
Lannister Law Corporation,1
"Redfin Mortgage, LLC",1
PEARL LOANS INC,1
COOPERATIVA DE AHORRO Y CREDITO HATILLO,1
"Zenith Financial Mortgage Company, Inc.",1
Northwest Acceptance Corp. Inc.,1
"Mortgage Expert, Inc. dba The Mortgage Expert",1
A P Auto Finance Inc,1
Prosper Law Group,1
Pipeline Ventures,1
Cajie LLC,1
TRI POINTE HOMES INC,1
GuardHill Financial LLC,1
"Streamline Financial Group, Inc.",1
"Mann & Carducci Co., LPA",1
Mahomes Capital,1
"J & K Financial Services, LLC",1
"Golden Capital Services, LLC",1
"Dolan Gaddi Lending, Inc.",1
Florida Recovery Credit Services Corp,1
"Midwest Credits, Inc.",1
Porter Law Firm,1
Silverline Lending L.L.C.,1
"First Choice Lending Group, LP",1
"xCoins, Inc.",1
"Mercadolar, Inc.",1
"CBG Financial, LLC",1
PINNACLE CAPITAL MORTGAGE CORP,1
ECG Debt Collection Corp.,1
"Loom Capital, LLC",1
"Blueprint Holding Co., Inc",1
"Peters & Associates, LLP",1
"Lincoln Capital, LLC",1
"CASH, INC.",1
"Two Rivers Title Company, LLC",1
RateBeat LLC,1
Hays Potter & Martin LLP,1
New Start Capital,1
"Latham Keele Lehman Ratcliff Carter & Clarke, PC",1
PINGPONG GLOBAL SOLUTIONS INC,1
"Grande Financial, Inc",1
CITY CREDIT CORPORATION,1
Moneyguard LLC,1
Vela US Holdco. Inc.,1
"Grant Law, LLC",1
"MORTGAGES UNLIMITED, INC.",1
"Dellwo, Roberts & Scanlon, P.S.",1
ODYSSEY FUNDING LLC,1
"Unchained Capital, Inc.",1
"MTGLQ Investors, L.P.",1
"Emerge Financial Services, Inc.",1
"Gregg & Gregg, P.C.",1
"Tweedy Law Office, LLC",1
"On The Barrelhead, LLC",1
"COUNTRY CLUB MORTGAGE, INC.",1
"CAPITAL AUTO FINANCIAL, INC.",1
"Free Debt USA, Inc",1
North Main Motors Inc.,1
El Paisano Motors Inc.,1
"Eagle Creek Mortgage, LLC",1
"Top Used Cars, Inc",1
"Copper Lake Financial, LLC",1
"Capital Financial Group, LLC of Illinois",1
Girosol Corp.,1
"HENRY SCHEIN, INC.",1
J&J Financial Services LLC,1
"AFI Loan Servicing, LLC",1
Dressman Benzinger LaVelle PSC,1
CrediFlash LLC,1
"Integrity Home Lending, LLC",1
"Private Mortgage Advisors, LLC",1
TITLE MIDWEST INC,1
"Omni Group, Inc",1
"Dr.Skiptracer, LLC",1
"U.S. Home Capital, LLC",1
"Trident Home Loans, LLC",1
CaseAdvance,1
SUMMIT TITLE SERVICES CORP.,1
"ATLANTIC COAST FINANCIAL SERVICES, INC.",1
"Futura TItle & Escrow, LLC",1
"1ST IBERIA CREDIT, INC.",1
"Hypur, Inc",1
AmRes Corporation,1
World-Wide Communication Center,1
OpenRoad Financial Services Inc,1
"Richard J. Murphey, Attorney at Law",1
Recovery Remedies Corporation,1
"Wheeler Law Firm, PLLC",1
MORTGAGE EQUITY PARTNERS LLC,1
"Construction Credit and Finance Group, LLC",1
Fidelity Home Group Corp.,1
Dario Auto Sales,1
"The Law Offices of Garry L. Hayes, a professional corporation",1
SGCP Holdco LLC,1
KPL Select Mortgage Inc,1
"Commonwealth Auto Credit, LLC",1
William Raveis Real Estate,1
"Anchor Home Mortgage, Inc.",1
"STARK & STARK, P.C.",1
"Suna Capital III, LLC",1
"Manhattan Financial Group, Inc.",1
DB Premier Asset Partners LLC,1
Loansteady LLC,1
"Snap Credit, Inc.",1
"Midwest Bankers Mortgage Services, Inc",1
"J & C Auto Sales of Collier County, LLC",1
"Title One, Inc.",1
"Brewer's Quality Homes, Inc.",1
GRANDE HOMES INC,1
New Light Marketing Inc,1
"Murrell Law, LLC",1
"America Trust Funding-Mortgage, Bankers LLC",1
LAW OFFICES OF STEPHEN A. BROWN,1
Coastal Bend Loans,1
The Satterwhite Law Firm PC,1
Atchison Account Management,1
"GVG Financial Services, Inc",1
"Saale & Bailey, LLC",1
"Gergory, Doyle, Calhoun & Rogers, LLC",1
"Button Finance, Inc.",1
"Snap Mortgage, LLC",1
"A-1 Fast Cash of Tucker, Inc",1
"Wyatt Johnson Automotive Group Holdings, LLC",1
DriveNow Leasing LLC,1
"BLUE WATER CREDIT, LLC",1
"Law Offices of Matthew Baysinger, Inc.",1
Newby Sartip & Masel LLC,1
"Rate Rabbit, Inc.",1
"MSK Group, Inc.",1
"Welcome Tech, Inc.",1
Boostify Financial Solutions,1
"Unified Mortgage Service, Inc.",1
Signature Home Lending Inc,1
Care Cash Express LLC,1
Bay to Bay Lending LLC,1
The Credit Laboratory,1
"Omni-Fund, Inc.",1
Crossman Portfolio Management,1
Credit Restoration of Texas,1
Fort Payne Finance Co. Inc.,1
Lakeview Mortgage Bankers Corp.,1
AFC Recovery LLC,1
Provadus LLC,1
"Three B Financial, LLC",1
Michael Scott Cohen LLC,1
RELIABLE HOLDINGS MANAGER LLC,1
"Gaskell & Giovannini, LLC",1
Homestead Designation Services,1
"Efinity Financial, LLC",1
"Occupational Management Group, LLC",1
PPPLF ECONOMIC AND COMMUNITY DEVELOPMENT INSTITUTE,1
"Check Loans of South Carolina, Inc.",1
"G.W. Golden Enterprises, Inc.",1
Northern Credit Bureau,1
Citizen Mortgage LLC,1
RP Field Services LLC,1
"Taylor Pigue Marchetti & Blair, PLLC",1
"Donald G. Karpowich, Attorney-at-Law, PC",1
Jacob & Griffin Associates,1
"Advantage Credit Counseling Service, Inc.",1
"PCMA, Inc.",1
"Leatherstocking Group, Inc.",1
"AXIS FINANCIAL SERVICES, INC.",1
"A-M-S Mortgage Services, Inc.",1
LEXINGTON LAW FIRM,1
"North Colony Law Group, PC",1
"Marlin Mortgage Holdings, LLC",1
Cornerstone Lending Group Inc.,1
Wilkie Puchi L.L.P.,1
"Southeast Auto Financial Services, LLC",1
"Sharpe Mortgage Lending Services of Georgia, Inc.",1
"Equihome Mortgage, LLC",1
Fintology Technologies,1
"Bifulco and Associates, P.C.",1
"Costner Law Office, PLLC",1
"Student Account Management Services, LLC",1
Venanzi Law Office,1
"Maxim Lending, Corp",1
"Affordable Auto Finance, Inc",1
Inter-America Finance Corp.,1
"RUSSELL, MIRKOVICH & MORROW",1
General Financial Group Inc,1
"TrustLine Mortgage, Inc.",1
Winton Law,1
MBO Holdings Corp.,1
"K2 Lending, Inc.",1
Lexicon Title Services LLC,1
Go Rascal Inc.,1
"Laelia, LLC",1
"Presto Mas, Inc.",1
Bay Luxury Autos,1
"Bullet Recovery, LLC.",1
Benefit Mortgage,1
Olympia Title & Escrow Corporation,1
"Saban Consulting Group, Inc.",1
"Harris & MacNeil, LLP",1
"Kohner, Mann & Kailas, S.C.",1
Eastern Recovery Management Inc,1
BIRK CORPORATION,1
PERLAND TITLE & ESCROW SERVICES CORP,1
"Gulf Coast Financial Associates, Inc.",1
"COAST 2 COAST LENDERS, LLC",1
Nemovi Law Group,1
Standard Mortgage Group LLC,1
"Gulf Coast Real Estate Emerald Coast, LLC,  d/b/a Motto Mortgage On The Gulf",1
"Mark Sank & Associates, LLC",1
PacWest Funding Inc,1
Capital Realty Professional LLC,1
Full Advance LLC,1
PHILADELPHIA MORTGAGE ADVISORS,1
RANTAX INC,1
"Good Credit For Life, LLC",1
Allied California,1
"Bay Area Title Services, LLC",1
"Precise Home Loans, LLC",1
Simplending Financial LLC,1
Rockwallet LLC,1
"Demorest Group, LLC",1
Keeping Capital LLC,1
A1 Solutions Group Inc,1
"Certus Capital, LLC",1
Greenway Mortgage Funding Corp.,1
"R&R Medical Billing, Inc.",1
Assure Home Mortgage LLC,1
SOFI LOCAL CORP,1
"Rapidly Financial, Inc.",1
"American Capital Mortgage, Inc",1
"Chowder, Inc.",1
"Old Union Financial, LLC",1
"Bartley & Spears, P.C.",1
"Burt, Blee, Dixon, Sutton & Bloom, LLP",1
Credit Points LLC,1
"Steps Home Loans, LLC",1
"Prominence Capital Partners, LLC",1
BLACK MANN & GRAHAM LLP,1
United One Mortgage Inc.,1
West Coast Mortgage Associates,1
SUPERIOR CAR CREDIT,1
Accredited Business Solutions LLC,1
Southern Fidelity Mortgage,1
Car Cage Motors Inc,1
Payment Servicing Corporation,1
Romano Parker & Associates,1
"Parlanti & Cooperman, LLP",1
ATM OPS Inc,1
TASO Group LLC,1
Chesapeakes Services,1
"Landis Technologies, Inc.",1
"U.S. IMPACT, INC.",1
Association Collection Services LLC,1
"JKS Mortgage, LLC",1
"Harrington Law Firm, P.C.",1
"WT Capital Lender Services, a California Corporation",1
REDWOOD MORTGAGE INVESTORS,1
ENSURE HOME LOANS LLC,1
"Northstar Management, Inc.",1
AutoSmart  Acceptance Corporation,1
"LANDMARK MORTGAGE OF TAMPA BAY, INC",1
"Rhame, Elwood & McClure PC",1
Priority Recovery Law PLC,1
Blue Printing Success Inc,1
"Community Lending of America, Inc.",1
Williams & Rivera Litigation Group LLC,1
Instant Cash Point,1
"Georgia Mortgage Resources, LLC",1
Louis M. Turchiarelli Attorney at Law,1
Thinkwallet Loans,1
"Coastline Capital Fund Management, LLC",1
Off Lease Only Inc.,1
Student Loan Discharge Options LLC,1
Legacy Title Service,1
"LORD MORTGAGE & LOAN, INC.",1
"MORTGAGE BANK OF CALIFORNIA, INC.",1
"Commercial Research & Recovery, Inc.",1
G & D COMPLIANCE,1
"Rapido Credit Repair, Inc.",1
"River City Financial, LLC",1
"American Homestead Mortgage, LLC",1
E & C Finace Company Inc,1
UNITED ATLANTIC MORTGAGE CORP OF VIRGINIA,1
ADVANCE MORTGAGE & INVESTMENT,1
"COMPREHENSIVE LEGAL SOLUTIONS, INC.",1
"Bench Equity, L.L.C.",1
Zenith Financial & Insurance Solutions Inc.,1
"Pine Belt Credit, LLC",1
"DeWitt Mortgage Services and Property Management, LLC",1
Audubon Solutions LLC DBA Titan Portfolio Management Group,1
"SSI GROUP, INC",1
Gateway Recovery Solutions,1
Title Tree Holdings LLC,1
Reese Pyle Meyer PLL,1
Wilhite and Associates Law Firm,1
"FIRST AMERICAN ACCEPTANCE CO., LLC",1
"CNG Investments, Inc",1
"Family Financial Care, Inc.",1
Westport Recovery Corporation,1
"Benn Realty Services, Inc.",1
"The Title Connection Of South Florida, Inc.",1
Florida Coastal Closing & Escrow LLC,1
Envision Funding Solutions,1
"Lota Financial Group, Inc.",1
"Centara Capital Group, Inc.",1
Robert Morgan Group Inc,1
Greg King DBA Karma Consulting,1
"O'Currance, Inc.",1
Good Friend Mortgage Inc.,1
"Moneytree Financial Services, Inc.",1
Vista Mortgage Corporation,1
CreditDusters LLC,1
InstaLend,1
"CNC MORTGAGE, LLC",1
Law Office of Henry L. Robertson PLLC,1
Premium Security Inc.,1
BG Lenders Service LLC,1
"AZ LENDING EXPERTS, LLC",1
"CHECK COLLECTION OF AMERICA, INC.",1
"Union Home Loan, Inc.",1
J. B. Collections,1
"Cure Payment Recovery Solutions, LLC",1
Nathan A Schwartz PA,1
"Alantic Personnel & Tenant Screening, Inc",1
Island Mortgage Source Inc,1
"CB Collections, Inc.",1
Global Mobile Limited Liability Company,1
4 RE Services llc,1
KENT MORTGAGE CORPORATION,1
"Ostarch Hilmy & McCauley, PLLC",1
Thayer Properties Inc. DBA Residential First Capital,1
LIGHTHOUSE MORTGAGE COMPANY INC,1
TyKy,1
"Americas Mortgage Professionals, LLC",1
"PACIFIC SOUTHWEST NOTE FUND, LLC",1
Brookhaven Law Group PLLC,1
Layer2 Financial Inc.,1
ADF Automotives LLC,1
Darwin Solutions Inc.,1
Nations Holding Company,1
"Wisconsin Title Group, LLC",1
Mjollnir Group,1
Centric Financial Group LLC,1
"Value Recovery Holding, LLC",1
"Keowee Auto Sales, Inc.",1
Housing & Financial Educator,1
"Foothills Mortgage Group, LLC",1
Law Offices of Stage & Associates PA,1
Beloin & Brown LLC,1
"Conville & Conville, PLLC",1
Law Office of Ralph C. Lorigo,1
"Moneylink Mortgage, Inc.",1
Thompson Steinberg,1
"Atlas Exploration, Inc.",1
"Wallick & Associates, Ltd",1
Central Land Title Guarantee Company,1
"MARSH ASSOCIATES, INC.",1
"NEW CENTURY FINANCIAL, L.L.C.",1
"Burns & Carlisle, Inc.",1
"CBM Accounts Service, Inc.",1
"Castle Peak Mortgage, LLC",1
Sibbett Auto Sales LLC,1
"Debt Settlement Group, Inc. dba Debt Rx",1
Charlottesville Settlement Company,1
Sommars & Associates,1
AJM Consultants LLC,1
International Credit Inc,1
"Family Mortgage, Inc",1
Weiss Spicer Cash PLLC,1
ME Title Holding LLC,1
"LIMESTONE TITLE AND ESCROW, LLC",1
"HOVOT Management, LLC",1
"TRT HOME LOANS, INC.",1
"Barley Mortgage, LLC",1
John C. Compton PC,1
"GLOBAL TRUST FINANCE, LLC",1
"HomePace, Inc.",1
"One on One Mortgage loans, inc",1
EZ Finance Company,1
"Devor Mortgage Investment Corp, DBA Quality Home Mortgage",1
"ERO LENDING,LLC",1
"Summit Mortgage Group, LLC",1
RUEDY & STITES ADVERTISING COMPANY,1
"Inverterra Holdings, LLC",1
K Rockford LLC,1
Pagliaro Inc. dba Collection Associates,1
Varolii Corporation,1
Home Loans Inc,1
Loansmart Inc.,1
Law Office of Stephen Buckley PLLC,1
"PAR FINANCE, INC.",1
Goodman Law PLLC,1
"RAYBOUN MULLIGAN, PLLC",1
International Collection Agency & Service Inc.,1
PPM CAPITAL INC.,1
Sentry Abstract Co.,1
"Unsecured Loan Specialists of North America, LLC",1
Kirk Law Group PLLC dba Kirk Law,1
"Coastal Breeze Mortgage, LLC",1
"Meridian Capital Management, LLC",1
Crosspoint Financial Inc.,1
Garden State Mortgage Corp.,1
"Wall Financial, Inc.",1
"Consumer Defense Group, LLC",1
CAROLINA FINANCIAL OF BEAUFORT INC.,1
SCHAEFER MORTGAGE CORPORATION,1
Freedom Trucks LLC,1
Paragon Title & Escrow Company,1
"Advance Title and Loans, LLC",1
"American Cash Exchange Enterprise of Tennessee, LLC",1
"Moskowitz Mandell Salim & Simowitz, PA",1
"CGB AGRI FINANCIAL SERVICES, INC.",1
"Principe & Strasnick, P.C.",1
Van Patten Mortgage Group,1
"Dadiwah 13 of Marietta, Inc.",1
"1st Look Mortgage, LLC",1
The Best Credit Group,1
MORTGAGE MASTER SERVICE CORPORATION,1
TRINITY CAPITAL ADVISORS LLC,1
"M3 Mortgage Specialists, Inc",1
Encompass Recovery Group LLC,1
Fred Fincher Motors,1
24/7 MORTGAGE CORPORATION,1
"Kurt A. Holmes, PA",1
"Richard T. Smith, PC dba Smith Cavin & Corbin, LLC",1
Marquee Funding Group Inc.,1
"AAA Checkmate, L.L.C.",1
Royalty Lending Financial Services Inc.,1
Loancare Auto Finance,1
"Corpra Care, Inc.",1
Tex-Mex Primo Auto Sales,1
G. R. Isidro,1
CENTRAL BANC MORTGAGE CORPORATION,1
"Hardesty Law Office, PLLC",1
"The Chusid Law Firm, LLC",1
"F C Tucker Company, Inc",1
Consumer Credit Counseling Service of San Francisco,1
Red Leaf Servicing,1
Century Financial Group,1
"Abendroth and Russell, P.C.",1
Monex Inc.,1
"Guy C. Zukeran, Attorney at Law, LLLC",1
"Jackson Law Offices, PLLC",1
OfferMarket,1
The AAA Company,1
"DA AUTO GROUP, INC",1
Park Company Realtors,1
"Portview Billing Services, LLC",1
"Liberty Mortgage Lending, Inc.",1
"Pasadena Receivables, Inc.",1
"Victor, Inc.",1
"US Assets, LLC",1
B-Focused Mobile LLC,1
THE STUDENT LOAN HELP CENTER,1
"Student Funding Corporation of America, Inc.",1
"Hopkins Financial Services, Inc.",1
"Money Hungry, LLC",1
"LEIJA ENTERPRISES, INC.",1
"Monarch Title, Inc.",1
"PIONEER CREDIT RECOVERY, INC.",1
NSH Partnership,1
SETERUS INC,1
"RICHLAND LOAN PROCESSING CENTER, LLC",1
"Beard & Lane, P.C.",1
Law Offices of Benjamin Woo,1
"Jeffrey R. Lankenau, Attorney at Law",1
VIAL FOTHERINGHAM,1
Kna Global Enterprises Inc,1
East McComb Check Cash,1
"Crux Commercial Partners, LLC",1
"GIBSON MORTGAGE, INC.",1
9 Dots Lending LLC,1
"Linden Research, Inc.",1
Accenture LLP,1
Maison Capital Group Inc,1
InvestMark Mortgage,1
HOMEOWNER MORTGAGE OF AMERICA,1
"Silver Cloud Financial, Inc",1
AssetRecoveryplus,1
Lori J. Frank PC,1
"Houston Home Loan, Inc.",1
AAA LEGACY INVESTMENTS,1
"Anchor Financial Mortgage, Inc.",1
Vision Holdings,1
"Flangas Law Firm, LTD",1
"AIV FINANCIAL GROUP, LLC",1
Pure Debt Solutions,1
XANDER MORTGAGE & REAL ESTATE INC,1
LN CAPITAL CORP.,1
The Law Office of Richard M Kitrick Esq. LLC,1
"Lightspeed Mortgage, Inc.",1
Dearden's,1
Perennial Funding LLC,1
"Gulf States Financial, L.L.C.",1
Law Office of Alisa Richman,1
"Spinwheel Solutions, Inc.",1
"Amos & Muffoletto, LLC",1
"Law Offices of Bill Malone, Jr.",1
Revela Inc,1
FTA Financial LLC,1
NEIGHBORHOOD ECONOMIC DEVELOPMENT CORPORATION (NEDCO),1
Choice Payment Services,1
"I-NET, INC.",1
"Dakota Bluff Financial, LLC",1
"Smith & Johnson, Attorneys  PC",1
"Loan Velocity, Inc.",1
"Randolph Walzer & Associates, LLC",1
Airport Finance,1
"Rosen Legal, LLC",1
"B Walters CO., LLC",1
AMERICAN MIDWEST MORTGAGE,1
"C & A Mortgage Services of Florence, Inc.",1
"Blitz Ventures, LLC",1
Balbec Capital LP,1
"The Law Office of Michael A. Priddle, LLC",1
Eastside Funding LLC,1
Check First Inc,1
"National Recovery Association, LLC.",1
B-LO LLC,1
Venture Auto Finance,1
"Hylan Asset Management, LLC",1
Armstrong Teasdale LLP,1
AFFORDABLE MORTGAGE ADVISORS LLC,1
CENTENNIAL LENDING GROUP LLC,1
Alegria Auto Sales,1
Wallace Consulting and Investment Corp,1
Lo Inc. DBA Reliance Mortgage,1
360 Mortgage Inc.,1
"Miller George and Suggs, PLLC",1
EZ Loans Co LLC,1
Saul Jablon Attorney at Law,1
AT&T,1
Francois Capital LLC,1
"The Green Law Firm, PC",1
"Limetree Lending, Inc.",1
Midwest Recovery Ltd,1
PacificLife Servicing,1
Credit Power LLC,1
Pacific Mortgage Planning LLC,1
"Clear Title Solutions, Inc.",1
Praxis Finance LLC,1
BR & CA Finance Corp,1
Integrity Acquisitions Group,1
Auction Credit Enterprise,1
Abbey Mortgage of Ocala Inc.,1
"Cody Barden Daniels & Palo, Inc. dba The Commercial Agency",1
"O&G Title, Inc",1
Bond Corporation,1
"Galin Mortgage Lending, LLC",1
Home Financial Corporation,1
"Centennial Title Agency, Inc.",1
Safe Financial Group LLC,1
Position One Group,1
"XPRESS CREDIT MANAGEMENT, LLC",1
Simple Loans,1
Residential Funding Consultants LLC,1
INTERFIRST LENDING CORPORATION,1
"Trusted Rate, Inc.",1
"Richard A. Abrams, Attorney at Law",1
Law Office of Ralph L. Sims,1
Malik J Hall Inc,1
Tactical Mortgage LLC,1
DEVLIN INC,1
"Unitas Lending, LLC",1
"Automatic Financing, Inc.",1
"Warlick, Stebbins, Murray & Chew, LLP",1
Landis Law,1
Law Offices of Frank J. Maier & Associates,1
"Trio Financial Technologies, Inc. DBA Finch",1
"1ST CHOICE LOANS, LLC.",1
JMEN Capital Group Ltd,1
245 Holdings LLC,1
Dash Funding Source LLC,1
Bragg and Associates Real Estate LLC,1
"MTAG Services, LLC",1
Infinity Home Lending,1
"LA Financial Services, Inc.",1
Ricardo A. Gonzalez dba Performance Elite Lending,1
Freeborn & Peters LLP,1
Sander Law LLC,1
Blueleven Capital Corporation,1
"United Mortgage Resolution, LLC",1
"Meyer & Kerschner, Ltd.",1
JRG FUNDING LLC,1
Hernandez R E Services,1
"SHAZAM, INC./IOWA TRANSFER SYSTEM, INC. (ITS)",1
Champlin & Associates PLLC,1
"Law Offices of Phillip B. Ochs, Esq.",1
"Romain Automotive, LLC",1
Aerostar Finance Inc.,1
PLAC Guarantee,1
Turke & Strauss LLP,1
"Evans, Simpson and Associates, Inc.",1
"Zbest Cars, Inc.",1
Horman Nichols LLC,1
"SEB Legal, LLC",1
ALKAN MORTGAGE CORPORATION,1
"Scout Mortgage, Inc.",1
National Credit Managers Association,1
Edco Bridge,1
"ProVisor, Inc.",1
"LPI-IV, LLC dba American Foreclosure Prevention",1
Evelyn Financial Services,1
REVERSE e MORTGAGE LLC Dba CrossPoint Funding,1
"RecFi,LLC",1
"JACKSON & McPHERSON, LLC",1
"Dalty Acquisitions, Inc.",1
CarsNow LLC,1
"Davis & Amaral Mortgage Consultants, Inc.",1
HOMEPROMISE CORPORATION,1
Watanabe Ing LLP,1
"ACE LENDING GROUP, LLC",1
NATIONS TRUST MORTGAGE CORPORATION,1
Law Office Of Phillip G. Krueger,1
NATIONS TRUST MORTGAGE INC,1
"Land Title Guarantee Company, a Colorado corporation",1
Jet Cash Funding Inc.,1
"Efficient Recovery Services, LLC",1
"Luper Neidenthal & Logan, A Legal Professional Association",1
HARRIS AUTOMOTIVE GROUP LLC,1
"MM Cooperation, Ltd Co",1
Title on Demand of NJ Inc.,1
Select Us Consulting and Coaching,1
"Equity 4 U, Inc.",1
"Horizon Financial Group, Inc.",1
Leverage Lending Group LLC,1
Miller Harrison LLC,1
"Mary Mae Financial, LLC",1
PREFERRED LOANS LLC,1
Cheryl A. Warzynski PLLC,1
KINGS MORTGAGE SERVICES INCORPORATED,1
BYDcash LLC,1
"Tunnell & Raysor, P.A.",1
"Benchmark Services, Inc.",1
"Continental Title Holding Co., Inc.",1
PCF Holdings Corp.,1
"Take Charge America, Inc.",1
"STAT Financial, Inc.",1
Eagle Phillips LLC,1
PARAGON REVENUE GROUP,1
Partridge Snow & Hahn LLP,1
"Trevathan Law Firm, APLC",1
"Mortgage Professionals, Inc.",1
"Sportsman's Credit, LLC",1
"MORTAGE WAREHOUSE LLC, THE",1
"Access Auto Group, Inc.",1
"Gold Law, A Professional Corporation",1
Avanta Recovery Services,1
"IJLfinancial, Inc.",1
"Summerfield Mortgage, LLC",1
THE MORTGAGE EXPERTS LLC,1
J D FACTORS LLC,1
"Stein & Stein, LLP",1
"EVERETT ASSOCIATION OF CREDIT MEN, INC.",1
"Be Money, Inc. (DBA Daylight)",1
"Maven Asset Management, Inc.",1
"LKN Capital Mortgage, Inc.",1
"EAZZY CONSULTING GROUP, INC",1
"Lofstrom Law Firm, LLC",1
Brady & Cissne Law,1
METRO ISLAND MORTGAGE INC.,1
MBOCAL,1
"Miciul & Associates, LLC",1
"Capital Provider Holdings, Inc.",1
"ONYX Lending, LLC",1
"Barber, Kaper, Stamm, McWatters, Whitlock & Maloney, LLP",1
"VStar Financial, LLC",1
"Ozark Mountain Mortgage, LLC",1
MyCRD,1
"ClearBalance Holdings, LLC",1
Law Office of Anthony C. Onwuanibe,1
Enter Mortgage Inc,1
Total Debt Assistance Group,1
"Gerard Services, Inc.",1
"Starkes Law Firm, L.L.C.",1
"iCore Lending, Inc.",1
Cash Max LLC,1
IOWA MORTGAGE SOLUTIONS INC,1
"AR1 MORTGAGES, INC",1
PRIDE LENDING LLC,1
"Law Offices of Erik Graeff, PC",1
GREAT LAKES HIGHER EDUCATION CORPORATION,1
"Cortland Capital Group, LLC",1
"Lee Petersen, Attorney",1
Devgru Financial LLC,1
Samsa Technologies Inc,1
"Alpha Title, LLC",1
"El Dorado Financial, Inc. DBA Omni Financial",1
TFLC Trust,1
"Optimal Management Group, LLC",1
"SECURITY NATIONAL TITLE AND ESCROW, LLC",1
Credit Service Repair,1
"Republic Credit Indemnity Companies, Inc.",1
"ROWLETT MORTGAGE LENDING, LTD",1
Harr Imports Inc,1
"Curtin Law Firm, P.C.",1
"Howard Solochek & Weber, S.C.",1
Wertjes Atkission Law PS,1
"Fridge & Resendez, P.C.",1
"Hollander, Goode & Lopez, PLLC",1
FIVE STAR MORTGAGE,1
Kees to Success,1
Poole Mahoney PC,1
"FIRST LIBERTY FINANCIAL MORTGAGE, A DIVISION OF EVANSVILLE TEACHERS FEDERAL CREDIT UNION",1
United Mutual Funding Corp,1
"Goldman & Van Beek, P.C",1
"Davis, Pickren, Seydel & Sneed, LLP",1
"Western Collections, Inc",1
"Core Mortgage Services, LLC",1
IVAN BROWN,1
"S.S. Sampliner & Co., Inc.",1
"Secure Financial Services, Inc. D/B/A Secure Mortgage Company",1
Elsea Financial Services Inc.,1
"Invicta Mortgage Group, Inc.",1
"CLA Co, Inc.",1
"BesTitle Agency, Inc.",1
"POINT ESCROW, LLC",1
"PayFiniti, LLC",1
South Gate Financial LLC,1
"Wyre, Inc.",1
"Richard D. London & Associates, P.C.",1
"Caroline Peters Belsom, Attorney at Law, LLC",1
"States Title Holding, Inc.",1
Seasons Collection Service,1
ACE Midland Holdings,1
cottman check cashing l.p.,1
Westley Auto Inc,1
Pinnacle Capital Funding Corporation,1
Aiden & Bodley  Enterprise,1
Executive Title Company,1
INTERACTIVE MORTGAGE,1
"Eisenberg, Gold & Agrawal, P.C.",1
RESPONSIVE MORTGAGE CORPORATION,1
Paula G Kaplan Esq,1
"Jonsue, LLC",1
"Schiller & Adam, P.A.",1
SUISSE BANCORP,1
CAPITAL INTERNATIONAL FINANCIAL INC.,1
"FORTUNE FINANCIAL, INC.",1
COOPERATIVA DE AHORRO Y CREDITO ROOSEVELT ROADS,1
"AK Bell, Inc.",1
1st Portfolio Holding Corporation,1
West Forest Capital II LLC,1
"Law Offices of Snyder & Associates, LLC",1
"DOSS Group, Inc.",1
"Xpress Cash Management, LLC",1
"Consider It Collected, LLC",1
"Giordano, DelCollo, Werb & Gagne, LLC",1
The Loan Tree Corp,1
"Scott & Goldman, Inc.",1
MARQUEE MORTGAGE,1
"Call A Friend Financial Services, LLC",1
The Avon Group dba Wyn Financial,1
"Alliance Credit Counseling, Inc.",1
"THOMPSON KANE & COMPANY, LLC",1
Gingo Palumbo Law Group LLC,1
Credit Star Funding,1
"TPI ASSET MANAGEMENT, LLC",1
"SOUTH COUNTRY CAPITAL MANAGEMENT, LLC",1
"Midstate Finance Company, Inc.",1
Eblen Freed PC,1
"Mythe Huff & Murphy, PC",1
Xperia Credit Solutions,1
"Law Offices of Nathan Lollis, LLC",1
"iReverse Home Loans, Corporation",1
Southern Mortgage Corp.,1
"FIRSTRUST MORTGAGE, INC.",1
"Spectrum Funding Group, LLC",1
"Isanthes, LLC",1
"Alavi Law, PLLC",1
SCHEER LAW GROUP LLP,1
Absolute investment Group,1
Keyhole Financial Services,1
"BCAF, Inc",1
TriStar Mortgage Corp,1
"MEMBERS MORTGAGE COMPANY, INC.",1
"Richard J. Knapp & Associates, P.C.",1
Newman & Lickstein,1
McCallin Law Offices,1
"Pizer & Associates, P.C.",1
PEOPLES UNITED BANK,1
Lone Star Credit Co. Inc,1
Liberty Capital Services LLC,1
Taggart Motor Co,1
PARAMOUNT BOND & MORTGAGE CO.,1
Loan Park (Loanpark Mortgage Lending),1
Fair Credit Firm  (Kona Credit),1
"TORO COMPANY, THE",1
Applewood Funding Corporation,1
"Titan Home Lending,LLC",1
JGB Management Inc.,1
Merchants Acquisition Group LLC,1
Wolfe Jones Wolfe Hancock Daniel & South LLC,1
"Milberg, Klein PL",1
Halpin Slagh PC,1
ONTARIO AUTO LENDING,1
Recovery Legal Group,1
Lending Base Inc.,1
"STATEWIDE HOME MORTGAGE, INC",1
Basil Lease Corp.,1
"HUDDLESTON AND MOORE, INC.",1
Bailey & Galyen,1
"National Cash Lenders, LLC",1
"Advance Title & Abstract, Inc.",1
FAITH FINANCIAL LLC,1
1 Stop Payday Loan Services LLC,1
National Foreclosure Rescue Center,1
Law Office of Marsha D. Holzhauer P.C.,1
"MCM Holdings, Inc.",1
"W. M. BEVCO, INC.",1
Home Mortgage Finance Corp,1
Morningside Funding LLC,1
JB Motors LLC,1
Wagestream,1
"US Best Credit Solutions, Inc.",1
Barham & Maucere LLC,1
"Klutch Technologies, Inc.",1
Second Chance Advocate,1
"HONG LAN SERVICES, INC.",1
"International Mortgage & Finance Group, Inc.",1
"North American Service Company, Inc.",1
"Blackburn Law Office, LLC",1
Orange County Housing Finance Authority,1
"JZ Mortgage Services, Inc.",1
Community Housing Council of Fresno,1
North Prime Lending Inc,1
Texas Professional Mortgage LLC,1
SCW Acquisitions LLC DBA TrustARG,1
"Public Title Services, LLC",1
Blackwood Credit Service,1
"Buckingham, Doolittle & Burroughs, LLC",1
"Cornerstone Mortgage, LLC",1
American United Mortgage Corporation,1
First Financial of Tennessee Home Loans LLC,1
Spicewood Funding Group,1
Home Base Mortgage Group,1
Wembley's Inc,1
DSJ Service Corporation,1
Mohsin Mortgage Corp.,1
Homes By Hunt LLC,1
The Singer Law Group,1
"Capital M Lending, LLC",1
"Compass Property Group, LLC",1
"Jones Law Group, LLC",1
"GL Holdings, LLC",1
Brandywine Professional Services,1
"LeVasseur Dyer & Associates, PC",1
FYM Capital LLC,1
"Olin Berthelot & Associates, L.L.C.",1
Kaydem Enterprises LLC,1
"Atlantis Financial Group, Inc",1
"Adam I. Skolnik, P.A. d/b/a Law Office of Adam I. Skolnik, P.A.",1
HLT CHECK EXCHANGE LLP,1
"Vanderpool, Frostick & Nishanian, P.C.",1
Acer Capital Recovery LLC,1
"DebtWave Credit Counseling, Inc.",1
"Oakdale Group of Companies, LLC",1
"Metropolitan Bureau of Collections, Inc.",1
A1 Lending Team LLC,1
"Salter Enterprises, Inc.",1
"Thomason Law Firm, LLC",1
"Admiral Holdings, LLC",1
"Storehouse Mortgage, LLC",1
Law Offices of Philip H. Monagan,1
"Action One Mortgage Banker, LLC",1
"Georgia Medical Collection Services, Inc.",1
Sterling Mortgage Services,1
"RIGHT SIDE UP LENDING, LLC",1
Evergreen Anchor Capital LLC,1
"Proscript media and advertising services, llc DBA Bank Rover",1
"The Law Office of Patrick V. Foltz, P.C.",1
William Lavender dba Credit Restoration Services,1
"J. J. WALKER & ASSOCIATES, LLC",1
"Affiliated Collection Service of Florida, Inc",1
Elite Recreational Finance,1
Auto Acceptance Finance LLC,1
CHEXTOP of America Inc.,1
"Infinity Capital Group, LLC (CO)",1
First Equity Mortgage Group LLC,1
MSV RECOVERY LLC,1
"HealthCare Revenue Recovery, LLC",1
"Fairfield Services M, LLC",1
"1st Capital Mortgage, LLC",1
Mortgage.Shop LLC,1
Sorensen Auto Plaza,1
"Loanatik, L.L.C.",1
"Digital Mortgage, LLC",1
Fleet Mortgage Corp,1
"Student Connections, LLC",1
"D&D Motors S, Inc",1
"HomeTown Lending Partners, LLC",1
Autoflex Leasing - Dallas I LLC,1
"Bluegrass Credit Corporation, Inc.",1
"Capital Assessment Service Company, Inc.",1
Clarksville Mortgage Corporation,1
"Gault Financial, LLC",1
QUEST FINANCE  LLC,1
Hanbery & Turner P.A.,1
Law Offices of Lawrence P. Zamzok,1
"AMERICAN MORTGAGE AND INVESTMENT SERVICES, INC.",1
NATIONAL NETWORK NEGOTIATOR'S INC.,1
"Cheney Financial Services, Inc.",1
Rediger Investment Corporation,1
Financial Services of America,1
"Mohr Investigative Services, Inc.",1
"Keith A. Ringelspaugh, P.A.",1
Hometown Select Mortgage LLC,1
SATORI FINANCIALMORTGAGE GROUP LLC,1
LEXUS FINANCIAL SERVICES,1
"Executive Title & Closing, Inc.",1
Penrith Home Loans LLC,1
"Cianfrone, Nikoloff, Grant, & Greenberg, P.A.",1
ELITE FINANCIAL SERVICES INC,1
"Predian Financial Services, LLC",1
"THE GENESIS GROUP, INC.",1
"Welts, White & Fontaine, P.C.",1
CRL Home Loans,1
Lionheart Funding LLC,1
Florida Equity Capital,1
"Pacific Mortgage Advisors, Inc.",1
Nationwide Funding Group Corp.,1
"Alpha Mortgage, LLC",1
"VanVorst Law Firm, PLLC",1
Revenue Recovery Solutions  Inc.,1
"Phil Watson, P.C.",1
"Minnesota Financial Solutions, LLC",1
"Rosen & McCarthy, LLP.",1
"SIERRA LENDING GROUP, LLC",1
Credit Points 720,1
Home Funding Corporation,1
"Simpson, Uchitel & Wilson, LLP",1
"First Florida Financial, Inc.",1
"Rockport Holdings, LLC",1
"KAITER ENTERPRISES, INC, DBA COLORADO LENDING GROUP",1
"Styner Enterprises, Inc., Menifee, CA Branch",1
"JOHNSON MORTGAGE COMPANY, LLC",1
"Associated Management Services, Inc..",1
Wisdom Financial,1
"G.R.S Holdings, Inc",1
International Collection Corporation,1
"Zillow Group Marketplace, Inc.",1
Lakeside Title Company,1
SweetPay LLC,1
Packers HC LLC,1
Unlimited Credit Repair,1
"ClarityPay, Inc.",1
Shnayder Law Firm LLC,1
"Hasson Law, LLC",1
American Title Managers LLC,1
"Higlobe, Inc.",1
Sonora Lending Corporation,1
"James W. Crocker, PC",1
Inspire Mortgage LLC.,1
A Top Golden Lending,1
"T & O Recoveries, LLC",1
"Vanderwey Investments, LLC",1
"Sabatina & Associates, P.C.",1
Victory Realty at the Greene LLC,1
Link Chain World Inc,1
"Integrity Home Mortgage and Finance, Inc.",1
Make A Way Worldwide,1
"SCSM, Inc. dba ABC Collectors, Inc.",1
"Capital Recovery, LLC (Closed)",1
Trustpoint Lending Corporation,1
"Brazington Mortgage, LLC",1
VALLEY ESTATES ESCROW,1
"Coastal Custom Mortgage, Inc.",1
"Pave, Inc.",1
"The Grimes Legal Group, LLC",1
Hileman & Associates PC,1
"StrongBox Home Loans, LLC",1
Keystone Mortgage Group LLC,1
"Northwest Contract Collections, Inc.",1
Continental Finance Capital Corporation,1
DCFC PL,1
Monogram LLC,1
J Martinez Investments LLC,1
"DeConcini McDonald Yetwin & Lacy, PC",1
Checkpoint Screening,1
Future Credit Fix,1
Spiriter LLC,1
"Fountain, Schultz & Associates, P.L.",1
DMC Inc,1
DARCARS AUTOMOTIVE  (Mariam Inc.),1
"Thrift McLemore, LLC",1
Eburch Consulting INC,1
"Staunton Financial, Inc.",1
ABC First Inc,1
iHome Financial Inc.,1
Signature Mortgage Inc of Indiana,1
"Indian River County Habitat for Humanity, Inc.",1
Black Equity Lending LLC,1
"Norwest Auto Sales, Inc",1
Witkes Law Firm LLC,1
"Michael C. Koehn, S.C.",1
Blue Ox II LLC dba MyHRScreens,1
TJR Asset Recovery LLC,1
GOLDEN BEAR CAPITAL INC.,1
Robert E. Lee Attorney At Law,1
"Safetrust Mortgage, LLC",1
"FPS-Nationwide, LLC",1
"Esler And Lindie, P.A.",1
"Counsel Mortgage Group, LLC",1
"Express Auto Finance, LLC",1
"Student Loan Processing Direct, INC",1
Huston & Angus,1
"iSolved HCM Services, LLC",1
David E. Gray Attorney at Law LLC,1
Midwest Mortgage Investments LTD,1
"Wilson Salamoff, LLP",1
Atlas Finance LLC,1
"World Wide Land Transfer, Inc.",1
"Irongate Home Finance, LLC",1
"LAW OFFICES OF ROBERT S. PERRY, P.C.",1
PROVENTURE CAPITAL LLC,1
"Roost Lending, Inc.",1
"Asset One Mortgage, Inc.",1
STEPHEN D LANDAU,1
"Amplify Revenue Solutions, LLC",1
"Minnesota Home Financial, LLC",1
"Southern Star Capital, L.L.C.",1
Citadel Finance Company,1
PNH Worldwide Inc.,1
Pacific Capital Mortgage Corporation,1
"Ark Law Group, PLLC",1
"MyPrimeHomeLoan.com, LLC",1
Henry Andrew Schmidt III,1
Howard Howe Attorney at Law,1
Inclusive Action for the City,1
Golden State Home Loans Inc.,1
Carolina's Premier Mortgage Corporation,1
CLEVELAND HOME TITLE AGENCY,1
"Mortgage Lending Masters, LLC",1
Democracy Capital Corporation,1
Security Mortgage Corporation,1
DEPENDON COLLECTION SERVICE INC,1
Torin D. Togut,1
RPT Recovery Authority LLC,1
Law Office of David A. Fernandez,1
"EZ Mortgages, Inc",1
"Leedom Management Group, Inc.",1
"SPP, Inc.",1
AAA  LENDERS INC.,1
"James D. Calmes, 111",1
Money Service Centers of Hawaii,1
SOUTHERN FUNDING ALLIANCE USA,1
Spark Mortgage Advisors LLC,1
MTH LENDING GROUP LP,1
Unified Lending Inc.,1
"iMove Mortgage, LLC",1
"Great State Mortgage, LLC",1
"EzeCreditServices, LLC",1
"Severin, Ringsak & Morrow",1
Valorem Lending LLC,1
"Franklinton Pre-Owned, Inc.",1
"NuView Financial Services, LLC",1
"Green Monarch Mortgage, Inc.",1
Maryville Collection Service Incorporated,1
"Mid-Continent Funding, Inc.",1
GRB Law,1
"Lucie R. Bernheim, Attorney at Law",1
"Progress Law, LLC",1
"Aristocrat Title, LLC",1
"DHA FINANCIAL, INC.",1
"Kendris, LLC",1
Western Mortgage Services,1
Mastercars Auto Group,1
Neb-Tex of Dalhart LLC,1
P.M.B. Inc. dba Twin Tier Mortgage,1
"Howard L. Stomel, A Professional Corporation    AKA  Law Offices of  Howard L. Stomel",1
"Concorde Land Title Services, Inc.",1
"Consumer Financial Services of Tampa, FL LLC",1
"Lighthouse Realty & Mortgage, Inc",1
Clear Lending Corp,1
"Quad Cities Financial, Inc.",1
"NSA Partners, Ltd.",1
CZFC Incorporated,1
"The Law Office of Heather Cullen, A Professional Corporation",1
"Even Responsible Finance, Inc.",1
Handshake Home Loans Inc.,1
"Phelan Hallinan Diamond & Jones, PLLC",1
"Richard P. Joblove, P.A.",1
The Peak Service Corp.,1
"Global American Title Agency, Inc.",1
PrimeCore Group,1
"Atlas Medical Collection, Inc.",1
"Vision Mortgage Company, Ltd.",1
Lendah LLC,1
"Jumpstart Capital Management, LLC",1
"AMERICAN FINANCIAL MANAGEMENT, INC.",1
Southern Tier Credit Center Inc,1
STME LLC,1
"Liberate Debt, Inc. 9156",1
Kelly Harvey P.C.,1
"The Lending Source, Ltd.",1
Aspire Mortgage Advisors LLC,1
Phoenix mortgage specialist inc.,1
"Gary L. Brueggeman, Attorney at Law",1
AltCap,1
"Ciconte Wasserman Scerba & Kerrick, LLC",1
ACCESS TO LOANS FOR LEARNING STUDENT LOAN CORP.,1
Recovery Exchange LLC,1
"FlexPoint, Inc.",1
X5 Home Loans LLC,1
Universal Commercial Capital. Inc,1
Landed Home Loans LLC,1
Homestead Title Abstract Agency Inc.,1
AIM Financial LLC,1
"Heller and Frisone, LTD.",1
RDM Capital Funding LLC,1
"Apple Auto Sales, Inc.",1
"Billco, Inc",1
Resource Marketing Corp. LLC,1
Affordable Interest Mortgage,1
"Green Tree Case Funding, LLC",1
Car Cash of Lawrenceville LLC,1
"Debt Reduction Services, Inc.",1
"Williams Law Office, PC",1
"DSW Mortgage, Inc.",1
"bitFlyer USA, Inc.",1
EM Auto Corporation,1
Legal Recovery Specialists LLC,1
Singer Financial Corp.,1
"American Asset Recovery, Inc (CA)",1
NCR Financial Services Inc,1
"Launch Financial Group, LLC",1
Cleveland Mortgage Corporation,1
Aspen Home Mortgage Group,1
"Affinity Mortgage, L.L.C.",1
"MACOY CAPITAL PARTNERS, INC.",1
"Accelerated Revenue, Inc.",1
Rockdale Capital Management,1
"Eckhoff & Massarelli, P.C.",1
"Lewisfin.com, LLC",1
"Radiant Title, LLC",1
Martin Lake Law Office,1
"Thomas Law Firm, P.C.",1
PACOR MORTGAGE CORP.,1
Hometown Title Agency,1
Michigan First Title Agency,1
Mortgage South of Tennessee Inc.,1
Working Solutions CDFI,1
"TRISTATE CAPITAL HOLDINGS, INC",1
"RHF Commercial Capital, LLC",1
"Brian McCaffrey, Attorney At Law",1
"Deason Title Agency, LLC",1
"Loan Pronto, Inc.",1
"Pacific National Lending, Inc.",1
PREMIER HOME MORTGAGE LOANS,1
"LAFOURCHE MORTGAGE & LOAN, INC.",1
"Walentine O’Toole, LLP",1
Amplicon LLC,1
Levelset Collection LLC,1
DoubleCheck Solutions,1
Metro Capital Mortgage Corporation,1
onDemand Lending Inc.,1
"McPhail Sanchez, LLC",1
Injury Case Funding Services LLC D/B/A Injury Case Funding LLC,1
"US Military Loans, Inc.",1
"LoanMe, Inc.",1
Empire Realty Inc. DBA US Funding Co.,1
"Select One Mortgage, Inc.",1
A.I.T. Credit Services Inc.,1
Excellent Credit Matters LLC,1
The Car Network llc,1
"Pegasus Legal Capital, LLC",1
"Direct Lending Group, Inc",1
BAY VALLEY,1
Craig's Auto & RV Inc,1
"Timios, Inc.",1
Top Credit Consulting,1
"O.D. REI, Inc",1
Law Offices of Sarah A Ponath LLC,1
FHC Mortgage,1
"Castle Restorations, Inc.",1
"ALLTRAN FINANCIAL, LP",1
ST. JAMES MORTGAGE CORP.,1
Quantum Accounts Receivable Management Services Inc.,1
"Metro Denver Title, LLC",1
JLM R.E. INVESTMENTS,1
Lenders Valuation Services,1
GENEQUITY MORTGAGE,1
"SENIOR MORTGAGE BANKERS, INC.",1
Sunset Marketing Group LLC. DBA Acceptance Financial,1
"Fink & McGregor Mortgage, LC",1
Beyer Financial Corporation,1
"Ideal Lending Solutions, Inc.",1
"World Wide Pay Day Advance, Inc",1
"Quality Title, Inc.",1
"Globe Loan Company of Moultrie, Georgia, Inc",1
"COLLECTION AGENCY OF THE HIGH COUNTRY,INC",1
"Concord Enterprises, LLC",1
"First Advantage Title Partners, LLC",1
MORTGAGE 4 U LLC,1
"ALG Real Estate Services, Inc",1
Coldwater Mediation Group LLP,1
Vehicle Acceptance Corporation,1
FIDELITY INVESTMENTS,1
